T IH N,T AH N,95
T IH N,T M IY AH N,1
N G,N D G,96
N G,N K R IY S G,1
D HH IH,D IH,1
 P UH T, W AH T,2
 P UH T, DH AE T,2
 P UH T, B AH T,1
 D R, P R,1
AA P F,AA F F,1
D Y AO,D DH AH AO,1
S UW T IH,S OW IH,1
S UW T IH,S OW W IH,1
S UW T IH,S IY IH,1
ER AO L Y,ER AH V Y,1
ER AO L Y,ER AA N Y,3
ER AO L Y,ER AA R Y,4
ER AO L Y,ER HH AW Y,1
ER AO L Y,ER AY Y,1
ER AO L Y,ER Y,2
ER AO L Y,ER D AA R Y,1
ER AO L Y,ER AW T Y,1
IY T,IY DH AE T,1
IY T,IY,2
T UW K,T K,2
T UW K,T W ER K,1
 HH AH, AE Z AH,1
AH S K IY Y,AH Y,1
DH M AA,DH L AA,1
AA K D,AA T DH IY Z D,1
D IH S T EY,D EY,1
EY S T,EY Z,1
 AA HH AA, AA,1
D AH V,D IH V,1
R S,R S T S,1
S T,S T UW T,1
S T,S T T,1
S T,S,1
Y UW T ER AA R,Y UH R AO R,1
R B,R AH B,1
N D IH,N IH,2
N D IH,N K IH,1
IY P S,IY F S,5
R W AO,R B AO,1
R W AO,R R AO,1
 D AA N T D UW CH AA R L IY Z D ER T IY D IH SH AH Z,,1
Y IH R,Y UW,16
 IH N W EY JH N AH G OW SH IY EY SH AH N Z DH AH IH N D AH S T R IY B AA R G AH N Z AE Z AH Y UW N AH T W IH DH AH S IH NG G AH L Y UW N Y AH N,,1
 HH IY, IY,1
V AA N,V IH N,1
K AH M,K AA M,2
T AH K,T AA K,1
AA D AH,AA M AH,1
AA D AH,AA N T AH,1
AH L IH NG K,AH N D K,1
AY T AO,AY N AO,1
B AH F,B OW TH,1
 AA R T AH F IH SH AH L IH N T EH L AH JH AH N S IH Z F AO R R IY L,,1
OY P UH,OY K UH,1
UH T DH,UH D DH,1
W ER M,W AO R M,3
M AA N DH AH HH,M ER HH,1
 AH, DH AH,18
 AH, DH AH AH,1
B IH K,B IY K,1
K AH M JH EH N,K AW N,1
N ER,N T ER,1
ER AH L Z,ER,1
 OW N L IY DH, DH,2
UW L IY,UW W IY,2
UW L IY,UW B IY,1
L L EY K,L W ER K,1
L L EY K,L ER,1
AA SH W,AA Z W,3
AA SH W,AA CH W,28
AA SH W,AA CH K W,2
 D AE, DH AH AE,1
 D AE, DH AE,1
 D AE, AE,1
S AH Z,S ER Z,3
S AH Z,S IH Z,1
S AH Z,S,1
S AH Z,S IY,2
N EY T,N AH T,1
T AH D W,T IH V W,1
S AH NG,S AO NG,1
N V ER S AH Z,N F AO R,1
N N AH,N DH AH,1
AH S AH,AH F R AH,1
AH S AH,AH F AH,1
N D S L,N T L,1
AH S,AH V,1
AH S,AH S S,1
AH S,AH N S,1
AY IH R,AY IY R,1
R Z,R,1
Z S UW,Z F UW,1
UW DH D,UW D,4
AH S M,AH V F R AH M,1
AH S AA,AH F AA,1
AA ZH,AA R,1
N T,N D T,6
N T,N,1
N D IY,N B IY,2
N D IY,N IY,1
T S,T,2
T S,T ER Z,1
T S,T AH S,1
IY T UW K,IY DH AH K,3
IY T UW K,IY K,1
IY T UW K,IY F AO R K,1
K AE R IY AE N,K ER AH N,1
N OY,N T OY,1
N OY,N D OY,3
 HH IY HH, DH AH HH,1
F D AH N EH N IY TH IH NG F,F DH AE T AY P EY P ER F,1
 B IY IH, DH AH IH,1
N D D,N D,1
D AA N T AY,D AY,1
R EH M P,R P,1
P L OY,P OY,1
OY M AH N,OY N,1
OW T AY,OW AY,1
D L,D AH L,1
L IY AE M B,L DH AH EY B,1
L IY AE M B,L EY B,1
L D TH R UW,L T UW,1
 IY T IH NG S, S,3
TH M,TH S M,1
T AA,T AY W AA,1
AA N DH AH T W,AA Z W,1
L F,L IH F,1
F TH D EY,F DH EY,1
W EH L,W IH L,7
EH G S,EH K S,1
N IH Z T,N HH AW T,1
N IH Z T,N T,2
 SH IY W AO R W AO R M F L IY S IY W UH L AH N OW V ER AO L Z,,3
L D DH,L DH,5
R IH Z,R Z,2
R AH P,R P,4
 W AY CH AA R JH M AH N IY F AO R S AH CH G AA R B IH JH,,1
D IH K,D AH K,1
T S AH S,T ER Z S,1
T S AH S,T UW S,1
T TH IH NG K,T M EY K,1
W UH D JH,W IH DH JH,1
 B R, R,1
OY L,OY AH L,1
L AH G L,L W EH L,1
L OW,L,1
 IH F K, K,3
 IH F K, DH AH K,2
V HH ER ER,V ER,2
V HH ER ER,V AH ER,1
JH F,JH D F,3
NG AE T,NG IH T,1
 HH IH Z SH, DH AH SH,6
HH AE D Y,HH AW Y,1
Y AO R D,Y UW D,4
AA R K,AA K,2
IH N G R IY S IY,IH SH IY,1
SH W AO T ER AO,SH IY AH AO,1
SH W AO T ER AO,SH AO,1
IY AE N OY L,IY IH NG AO L,1
IY AE N OY L,IY ER AO L,1
IY AE N OY L,IY AH V AO L,1
L IY R AE G L,L ER AW N D L,1
 B AH, DH AH,1
 B AH, W AH,1
AH T W,AH W,1
R AE Z M,R M,1
CH F L EH K S,CH P ER S,1
AH B IH L,AH N AH L,1
L AH T IY,L IY,1
N AE Z S,N AH N D S,1
S UW N AE Z W,S OW W,1
EH R IY T UW R,EH R,1
S B OW TH HH AE,S F AO R P AE,1
AE V Z AA,AE S AA,1
N G R IH L,N W EH L,1
S IH R K,S IY K,1
K AH T S AH N D AH,K AA Z AH,1
T EH K S T,T AH V T,1
T R AH T,T UW T,1
L AH,L DH AH,1
AH D AY,AH G AY,1
AY M F,AY F,2
 B IH F, F,2
R TH ER Z D EY Z,R DH OW Z,1
M R IY V Y,M Z Y,1
UW EH V,UW HH AE V,1
V ER IY F,V AH F,1
R M Y AH,R AH,2
AH L AH,AH N ER,2
AY AA D,AY AO D,1
AY AA D,AY AO R D,1
AY AA D,AY AH D,1
N,N D,3
N,N T,1
JH EH F TH,JH AH S T TH,3
G Y UW D,G UH D,1
EH N T R AH,EH D AH,1
UW JH P,UW T UW P,1
 JH AA N K L IY N Z SH, SH,1
R AH L,R L,2
R AH L,R IH L,1
L IH V,L AY V,1
L IH V,L EH V,1
V IH NG,V,1
V IH NG,V AH N,1
 SH IY HH, HH,4
 SH IY HH, DH AH HH,3
 SH IY HH, AE T HH,1
HH AE D Y AO R D AA R K S UW T IH N G R IY S IY,HH IY,1
AA SH W AO T ER AO,AA Z AO,1
 D AA N T, DH AE T,3
 D AA N T, DH OW T,1
T AE S,T S,2
T AE S,T EH S,1
S K M IY,S V EH R IY,1
IY T UW K AE R,IY V EH R,1
IY AE N OY,IY OY,1
IY AE N OY,IY IH NG OY,3
 Y UW T UH K M IY B, B,1
 DH AH HH, HH,1
HH EH V,HH AE V,1
V AH N Z R AH F Y,V Y,1
IY P IH NG,IY F IY,1
V AH S,V IH S,1
N T R AH,N SH AH,1
L T AE NG,L TH IH NG,1
K W IH DH L,K R IY AH L,1
AY N Z,AY Z,1
Z T UW IY,Z IY,1
HH AW S IH Z,HH AE Z,1
Z N AA T IH N IH,Z D AY D IH,1
 D IH S, S,1
T R,T AO R,1
T R,T R EH R,1
R OY EH V,R IY AH V,1
V ER IY F AY,V M AY,1
AY L R,AY AO R,1
R IH L EY T IH D,R D,1
D T UW M AY AA D AH T S,D ER,1
 AE L, EH L,1
L AH S,L S,1
Z AH B IH,Z D UW IH,1
IH L AH T IY T UW W,IH NG W,1
N OW T,N AA T,1
T W,T N OW W,1
W ER DH IY,W EH R,1
 B AA B P, DH AH P,1
 B AA B P, DH AE T P,1
 B AA B P, AH P P,1
 B AA B P, P,1
P EY P,P IY P,1
P ER D OW,P AH L OW,1
NG R UW M M Y UH R AH L Z,NG,1
UW W AY L W,UW AA R W,3
IY W ER AH W EY,IY R IH L IY,1
 M IH D IY V AH L S, S,1
IY W AA Z B,IY B,1
AY R AA,AY ER AA,1
IY Z,IY,1
 AE T DH, DH,1
 Y UW Y, Y,1
EH T AH F,EH D IH K F,1
P Y UW T,P IY T,2
N DH AH,N AH,5
N DH AH,N D AH,1
 CH IY P S, S,1
AA K IH,AA R T IH,1
NG Z R,NG T UW R,1
M TH EY R,M DH EH R,2
R W AO R N,R AA N,1
 K AE L, EH L,1
L S IY AH,L K AH,1
AH M M,AH V M,1
T ER R,T AH L R,1
CH R UW M S,CH S,1
AH P ER,AH F ER,1
B UH K,B AA K,1
S AA R F,S AO F,1
F AO R SH N,F AH S N,1
N UH K S,N OW T S,1
S K,S EH K,1
S K,S K K,1
K Y AH,K AH,1
L ER AE,L AH AE,1
R M,R N EY M,1
M IY,M,1
D Y AO R D,D T UW D,3
D Y AO R D,D Z D,1
D Y AO R D,D D,4
D Y AO R D,D DH AH D,1
D Y AO R D,D ER T IY D,1
D AA R K,D AH K,2
UW T IH N G,UW P G,1
UW T IH N G,UW D AH G,1
UW K AE R IY AE,UW DH AH AE,1
T HH IH M S,T S,1
S EH L F HH,S OW HH,1
N EH R,N Y IH R,1
K AE R AH L,K IH L,1
OW HH AE V HH ER ER EY,OW AH R EY,1
JH F AO R AH M,JH HH ER M,1
N OY L,N ER L,2
N OY L,N D AO L,6
N OY L,N D OW N L,4
N OY L,N L,2
N OY L,N AO L,2
V IH N,V AH N,1
N F,N D F,2
N F,N IH NG AH B AW T F,1
L IH,L IY IH,2
 L EH T, DH AE T,2
L AH V,L HH AE V,1
L AH V,L IH V,1
L AH V,L D OW V,1
F HH IY W,F Y UW W,2
N D SH,N SH,1
N D SH,N Z SH,1
 N AW DH, DH,1
IY N IH,IY T IH,1
 AW ER B OY, V OY,1
OY D IH D,OY D,1
D N T CH,D CH,1
 V EY S AH Z, IH Z,1
EY M AE Z S,EY IH NG DH AH S,1
Z L IY V IH,Z R EH D IH,1
R AH N IY,R IY,1
AW L IY,AW M IY,2
S N,S AH N D N,1
T DH AH P UW R,T F AO R,1
T DH AH P UW R,T B IH F AO R,2
CH IH Z S,CH S,1
S T K,S K,1
 HH IH Z S, DH AH S,1
T IH S,T AH S,3
T S AH,T AH,7
P F R,P R,1
AE N T,AE K T,1
K AH L,K L,1
DH AE T,DH EH R,6
DH AE T,DH EH M,2
 B AE L, DH AH L,1
N AA P R AH F,N AO F,1
F R AH,F ER S AH,1
 HH IY IH, DH AH IH,1
T AH N,T K AE N,1
T AH N,T,1
T AH N,T AO N,1
N D K,N K,1
ER D T,ER T,1
 D, DH AH D,1
IH D Y UW B AY,IH V AY,1
AY EH N,AY N,2
N IY K,N K,1
ER AO L Z,ER AH S,1
W AO R AH B,W ER B,2
N M AH,N AH,1
N K,N D K,6
N K,N T K,2
 IH G, G,3
G W AA N,G Y UW AH N,2
N AH Z,N AE Z,3
N AH Z,N IH Z,1
Z AH N,Z AE N,2
Z AH N,Z N,1
N D AE,N AE,3
ER Z AA R T,ER T,1
ER Z AA R T,ER S AH B T,1
 SH IY HH AE D Y AO R D, D,5
 SH IY HH AE D Y AO R D, AH N D,1
K AE R,K EH R,2
K AE R,K Y UH R,1
K AE R,K AO R,2
R IY AE N OY L IY R,R IH NG AO R DH AH R,1
R AE G L,R AY L,1
R AE G L,R AY T L,1
R AE G L,R AA K L,2
UW N AH W UH M AH N,UW N,1
NG K AE R,NG HH IY R,1
R IY IH,R IH,1
IH NG AH,IH N AH,1
D AH D AH M B,D ER B,1
B R EH L,B AO L,1
L AH AE,L AE,1
 IH F DH, DH,1
M IH Z,M ER Z,1
M IH Z,M AE Z,2
R EH N,R AH N,1
N T AH D DH,N DH,1
AH R EH N T,AH W ER IH T,1
IY AA R,IY AO R,6
 HH AW G, OW G,1
D IH Z Y AO R EH N,D N,1
N D ER AH,N AH,1
AH N S,AH S,2
 IH F P, P,4
 IH F P, DH AH P,1
R W UH D B,R B,2
 B AA, F AA,1
 B AA, HH AA,3
R B B ER N D P EY P ER AH N D L IY V Z IH N AH B IH G B AA,R F AA,1
AA N F AY ER,AA R,1
S AH S,S IH Z,1
S AH S,S AY S,1
 P R AA G R EH S IH Z B IY IH NG M EY D T UW IH N IH M P R UW V IH NG M OW T ER AH S T S AE K S EH S T UW M EH N IY T ER N P AY K S,,1
ER AH AH,ER AH,1
L AO NG T,L AA T T,1
M Y UW Z IY,M IY F IY,1
IY AH M Z,IY L,1
EY D Z HH,EY T HH,3
EY D Z HH,EY S HH,1
L AA AE,L AO AE,4
D DH AH OY L,D Y AO R,1
 AO L AA R W, AW ER W,1
ER R IH,ER IH,1
N UH R S,N UW V ER S,1
T W EH N AY,T M AY,1
D IH N F,D AH F,1
JH AA N K,JH AE K,1
K L,K W AH L,1
L IY N,L IH N,1
L IY N,L EY N,1
N Z SH,N SH,1
Z K L,Z F L,1
ER AH N D JH,ER JH,2
P EH N,P IH N,1
R EH N D,R D,2
ER AH N S,ER K S,1
S DH EH R W,S T IH L W,1
R B B,R B,1
ER N,ER AH AH N,1
ER N,ER AH N,2
Z IH N,Z AH N,7
N AH,N D AH,3
N AH,N DH AH,1
 B AE, DH AH AE,1
 B AE, DH AE,1
 B AE, AE,1
AH T B AO L K,AH V AW ER K,1
 D IH V ER, DH AH F ER,1
ER S,ER S T S,2
ER S,ER Z S,2
S AH T,S IH T,1
R D DH,R DH,4
AH T EH K S T,AH DH AE T,1
T AH N D HH,T HH,2
Z D DH,Z DH,3
UW B AY,UW F AY,1
N IY,N AH L IY,1
 IH G W, W,2
 IH G W, DH AH K W,1
 IH G W, DH AH W,1
W AA N AH Z AH,W AH,1
N D,N S EH D,1
N D,N T UW D,1
N D,N D D,1
Z AA R,Z AO R,7
T IH N G,T G,20
T IH N G,T AH G,1
T IH N G,T AH D G,2
T IH N G,T UW G,1
AH P,AH P P,2
P EH K,P AE K,4
P EH K,P IH K,2
N AH B,N AY B,1
B IH G,B EH G,1
S T D,S D,1
N Z,N,4
S K F,S F,1
D EH K,D EY,1
K L IH D F,K W EY F,1
Z JH AA,Z CH AA,1
IH D Z,IH Z,1
Z OW M,Z M,1
M IH T,M IY T,1
IH S K,IH T,1
IH S K,IH Z K,1
T DH AH OW SH AH,T TH AW Z AH,1
Z D IH G M,Z T EY K M,2
Z D IH G M,Z M,1
EY B AH T,EY DH AE T,1
T IH,T B IH,1
T IH,T DH IH,1
AH F CH,AH CH,2
AH F CH,AH V CH,1
NG IH N,NG AH N,7
N P,N D P,7
 D AA N T AE, DH OW DH EY AE,1
 D AA N T AE, TH EY L AE,4
 D AA N T AE, DH AH AE,2
 D AA N T AE, L AE,1
 D AA N T AE, HH AE,1
 D AA N T AE, DH OW AY AE,1
 D AA N T AE, AE,1
K M,K T M,5
P T F,P ER F,1
D SH UW,D CH UW,1
AH G L,AH B L,1
 M, DH AH M,2
HH ER ER,HH ER,1
ER EY N,ER IH N,1
N JH F,N F,1
UW HH IH,UW IH,1
HH EH M,HH IH M,1
AY N,AY,2
AY N,AY N S AH B S T AH N,1
 SH IY HH AE D Y AO R D AA R K S UW T IH N G R IY S IY W AA SH W AO T ER AO L Y IH R,,2
S P AH,S AH,1
AH M AH L D HH,AH V HH,1
R W ER D,R IH T,1
Z B IH,Z V IH,1
Z B IH,Z F IH,1
Z IY F,Z AH T F,1
 K AH M P AH L S ER IY R IY T AY ER M AH N T AE T S IH K S T IY F AY V L UW M Z AA N AW ER HH ER AY Z AH N,,1
S AH Z AH,S AH,1
 HH AW Z IH T S, DH AH S,1
UW F,UW W IH L F,1
UW F,UW AO F,1
F AW L,F AO L,1
S IH N,S AH N,4
S IH N,S EH N,1
N L,N D L,2
 P OW CH DH AH AE P AH L Z IH N DH IH S S ER AH P F AO R T W EH L V M IH N AH T S D R EY N DH EH M AH N D K UW L,,1
Z DH AH,Z AH,1
 L AO, DH AH T AO,1
 L AO, N AO,1
 L AO, M AO,1
R IH S K,R IY Z K,2
T UW M N,T AH V N,1
AY Y EH L AO,AY AO,1
AY Z T,AY S T,1
D DH AH B,D B,1
AH N D K,AH K,1
DH AH G AH N,DH EH N,1
N M AH N,N DH AE N,1
T F AO R TH,T W ER TH,1
T F AO R TH,T TH,1
W AA N,W EY N,1
W AA N,W AH N,1
AH Z AH,AH S AH,1
T S W IH DH P,T P,1
AE V B,AE Z B,1
 AH S, S,1
K EY N T Y UW,K AH,1
P ER Z,P IH NG,1
 W IH L R, R,3
W EH R AH,W ER AH,6
OW L IH L IY,OW M UW V IY,1
W EH N R,W IH DH R,1
R AA JH ER,R AY T ER,1
UW TH F,UW F,5
L AW T,L OW,2
W AO R AA,W ER AA,1
N AA,N D AA,2
W IH L,W EH L,3
F EH L,F IH L,2
T D IH D AH,T G EH T AH,1
L IH P,L EH P,2
 Y, DH AH Y,1
F G AH,F K AH,1
AA SH AH Z,AA ZH IH Z,1
 P AE, HH AE,2
AE M G,AE V G,1
V Z D,V AH N D,1
D AH L G,D AO G,1
IY M L,IY N L,1
F OW N IY,F AO R T IY,1
N D T,N T,6
EY D T,EY T,7
OW D D,OW D,1
R EH G T,R EY T T,1
R EH G T,R EY D T,1
R EH G T,R EY K T,1
AH V P,AH P,2
P AH,P DH AH,1
AH T EY,AH K EY,1
OW Z,OW,1
 Y UW D AA N T IY T IH, IH,1
 K AA M B AY, DH AH F AY,2
 K AA M B AY, F AY,1
N AO,N D AO,7
S AE T,S EH T,4
AA N D AH N D,AA D,2
CH T DH AH,CH AH,1
 B EH G, DH EY G,1
G DH AE T,G EH T,1
DH IY Z SH,DH AH SH,3
DH AE N B,DH AH B,1
 HH ER R, F AO R R,1
 HH ER R, DH AH R,4
 HH ER R, R,1
T HH AE N,T AH N,2
D EY K S W,D EH G Z W,2
D IH N,D N,1
D IH N,D AH N,2
N DH IH S P,N UW Z P,1
V AH,V W AH,1
V AH,V DH AH,2
AH HH,AH N HH,1
 P IY T S ER IY AH Z AA R K AH N V IY N Y AH N T F AO R AH K, K,1
 P UH T DH, DH,2
D AH D,D IH NG,1
M D AA,M AA,1
L IH N,L AH N,2
 HH IY W, DH AH W,1
 HH IY W, DH EH R W,1
AO AO L,AO AH L,1
Z AE,Z DH AE,2
W AH N,W AA N,1
N S,N T S,2
N S,N,1
N S,N D S,2
N S,N S S,1
M IH N,M AH N,2
V AA R T S,V AW ER S,1
 AH CH, CH,1
L Z,L,7
L EH R AH T IY,L ER,1
UW L IY P F,UW AH F,1
EH N,EH M,1
UW F IY,UW B IY,1
IY D M,IY M,1
SH IY HH AE D,SH EH R D,2
V Z AH,V AH,1
S IH,S HH IH,1
S IH,S EY IH,1
T B AY,T F AY,2
AY IH T,AY T,1
IY D Z DH,IY F DH,1
IY D Z DH,IY CH DH,2
L AO R W,L OW W,3
L AO R W,L AH W,1
 HH IY DH, DH AH DH,1
ER AE B D,ER AH P AH N D,1
D OW M AH N,D DH EH N,1
IH Z G,IH T S G,1
ER Z SH,ER SH,2
D AW ER AO,D AA R AO,3
D AW ER AO,D AH V AO,1
G AE S,G EH S,1
S JH EH T,S,1
N IH Z,N HH AE Z,1
AH N TH S T UW S,AH CH S,1
 HH AW G UH, SH UH,1
UH D IH Z Y AO R,UH R,1
R EH N D ER AH N S,R,1
R B B ER,R P ER,3
ER N D P,ER P,3
Z IH N AH,Z AH V AH,1
G B AA N,G F AE N,1
F AY ER,F AA R,1
IY AE N EH,IY EH,1
 Y AE L, DH AH AO L,1
R M R,R R,1
IY IH Z,IY Z,1
AO L P,AO R P,1
S M AH,S B AH,1
Z M Y UW Z,Z P AH Z,2
Z M,Z D M,3
Z F AO R M IY,Z,1
S IH T M,S DH AH M,1
OY T,OY N T,1
AO Y,AO AH Y,1
T AY T,T EY K,1
 IH Z IH T B IH K AO Z AH V M AY S L AH V AH N L IY N AH S DH AE T HH EH R G R OW Z AA N M AY F EY S,,1
 T EY, DH EY,1
EY K K,EY K,1
DH EH N,DH AE T,1
DH EH N,DH AE N,2
R IH N,R AE N,1
AY IH,AY Y IH,5
N M,N D M,2
V K AA M,V G AH M,1
IY AE Z,IY HH IH Z,2
IY AE Z,IY Z,1
 B AH T AH, AH,1
L UW M,L IH M,1
T IH NG,T AH D,1
K IH T AH,K AH,1
 AA R, AO R,1
AY AE,AY HH AE,2
W AA Z AH,W AH,1
AH M,AH T M,1
AO L Y,AO R Y,5
AO L Y,AO R AA R Y,1
NG D AW N,NG V AE N,1
S T UW,S K UW,1
R AO AO,R AO,1
AO L F,AO F,1
ER Z,ER,6
N G R,N K R,5
N G R,N D R,1
N G R,N D K R,4
S IY W,S Y UW W,3
S IY W,S AO R W,1
S IY W,S DH AH W,1
S IY W,S IH NG W,3
 D AA N T AE S K M IY T UW K AE R IY AE N OY L IY R AE G L AY K DH AE T,,3
K OW P,K AA P,1
NG K L,NG P L,1
R AY IH,R AO IH,1
W AO R N,W AH N,2
W AO R N,W AA Z,1
W AO T ER,W AH N D ER,1
W AO T ER,W ER,2
W AO T ER,W AH N ER,1
W AO T ER,W AY ER,1
AA T AH N,AA N,1
K AO R,K AA R,1
EY P Y IY,EY T F IY,1
UW W AO R,UW AA R,1
 N OW B AA D IY EH L S SH OW D P L EH ZH ER,,1
 AH B AO R IH NG N AA V AH L IH Z AH S UH P ER B S L IY P IH NG P IH L,,1
IY HH AE,IY AE,1
R EH M B AH,R AE V AH,1
EH S T,EH F T,1
IY S SH,IY SH,1
T D R,T T R,1
AH NG K HH,AH M P HH,1
N JH ER,N,1
 HH IH Z, DH EH R Z,1
K AO,K W AO,2
K AO,K F AO,1
R D ER,R T ER,2
ER OY OW,ER AH OW,1
AO L Z,AO F,1
V W AO,V AO,3
AH N M,AH V ER M,2
AH N M,AH M,1
ER D AE,ER DH AE,1
T G AH N,T K AE N,1
W AA N AH Z,W AO T ER Z,1
HH AE D Y AO R D,HH IH T D,1
HH AE D Y AO R D,HH EH T ER AH D,1
 HH IY AO, DH AH AO,2
D AE N AH,D DH AH AH,1
OW N AY,OW M AY,1
AY S S,AY S,1
 Y EH T HH IY R IH M EY N Z DH, DH,1
AH V K,AH K,1
IY AE T DH,IY W IH DH DH,1
R M IY,R,1
F AA F,F AO R F,1
N AH M,N IY M,1
M AH K,M IH K,1
V AE Z,V IH Z,1
AH N T,AH D,1
AH W IY,AH R IY,1
S IH N AH,S HH AE D AH,1
CH T DH,CH DH,3
EY G IY,EY K IY,1
IY S,IY TH,1
IY S,IY Z S,1
 B EH, EH,1
 B EH, DH AH EH,1
AE N B IY OW,AE T DH AH OW,2
JH D,JH,3
HH AE N D,HH EH D,1
S UW T IH N G,S OW G,2
S UW T IH N G,S IY G,3
IY AE N,IY AH N,11
IY AE N,IY ER OW N,1
IY AE N,IY AH N AH N,1
IY AE N,IY AA N,1
IY AE N,IY AH D OW N,1
IY AE N,IY IH N,1
IY AE N,IY IH NG AA N,1
L IY R,L R,3
L IY R,L DH AH R,2
L IY R,L AH R,4
L IY R,L IH R,2
L IY R,L AH N D R,1
AY Z S,AY S,1
V L EH,V M EH,1
T AH L Z,T ER Z,1
N W,N D W,2
M AA P T,M AY T T,1
T TH IH K,T EY K,1
K B L,K F L,1
AE K B,AE T B,1
P AH L S,P AE S,1
S W ER T,S F AO R T,1
P AA,P HH AA,1
AA M,AA R M,2
OW L IH L,OW B EH L,1
S AA R,S F AO R,1
S AA R,S AO R,2
N DH IH,N IH,1
N DH IH,N HH IH,1
IH S Y IH R,IH SH UW,1
 DH AE T D, D,1
CH S T,CH DH AE T,2
T AH D IY,T,2
CH AH Z,CH IH Z,1
 D UW L, DH AH L,1
B OW L,B AO L,1
OW L IH,OW R IH,3
UW TH F EH,UW S P EH,2
IY W,IY Y UW W,2
IY W,IY V W,1
IY W,IY W AY T W,1
 SH IY B L UW HH, HH,1
N D DH,N DH,2
D AO R,D AA R,1
S T N,S N,1
V DH AH,V AH,1
V DH AH,V D AH,1
 SH IY HH AE, DH AH AE,1
AE D Y AO R D,AE JH AH T D,1
AE D Y AO R D,AE Z AH D,1
R IY S,R AH S,1
R IY S,R EY S,3
 IH T W, DH EH R W,1
AA D ER N,AA R T AH N,1
EY IH N F,EY D F,1
F UW L W,F AO R W,1
 V Y UW T, T,1
S AE T B AY,S ER P R AY,1
AY DH AH,AY Z AH,1
AY DH AH,AY D AH,1
AA N D AH N,AA N,1
N D S,N S,1
EY G IY S,EY T Y UW S,1
 B EH G DH, DH,1
 B EH G DH, DH AE T DH,1
T G AA R,T K AO R,1
R D F,R T F,1
AY DH IY Z SH,AY V IH SH,1
Z DH AE,Z K AE,1
Z DH AE,Z AE,1
D EY,D M EY,1
S W EH N,S N,1
 D IY N Z K, DH AH K,1
ER AA R,ER AO R,2
 K UH D DH, DH,1
F B IY DH AH,F IH Z AH,1
DH IH S S,DH AH S,1
F IH,F EY V ER IH,1
IH R D,IH T,1
 AH B AO, F AO,1
R IH NG N,R AH N,1
R IY AE,R AE,1
ER R IH N,ER W IY N,1
N AH N S,N AA T S,1
EY SH AH,EY ZH AH,1
EH M B L,EH L,1
UW OW B EY,UW P EY,1
IY L AO,IY W AO,1
AO Y ER,AO R IY ER,1
V HH ER ER EY,V AH R EY,1
 S OW IH F AO, AO,1
Z T UW G,Z DH AH G,1
IY IH N B,IY AH B,1
EH D M,EH T ER M,1
N T AH,N D AH,1
N T AH,N AH,2
D T UW F,D DH AH F,1
 HH ER, F ER,1
AW AO L W EY Z,AW AY Z,1
IH F W,IH P W,2
ER AO L,ER HH OW L,1
T AE,T UW AE,1
T AE,T AY AE,1
P AE S,P OW S,1
S CH ER,S T ER,1
ER CH IY F S,ER T UW S,1
L AH G,L G,2
R AH M,R M,3
TH IY M,TH IH NG,1
 HH IY S EH D DH, DH,1
AH K R EY Z IY F UW L HH AE,AH DH AE,1
AE F AH,AE T AH,1
 B EY, DH EY,1
EY K S,EY S,1
S T UW S,S S AH S,1
D IH N M AY AE,D AH D P L AE,1
AE M IY,AE N,1
AW G UH D IH,AW IH,1
D ER AH N S,D AO R,1
L W ER M,L M,1
IY N OW N,IY D AH N,1
N IY D F,N F,2
 B AA R B B ER N D P, P,1
AH N D,AH P D,1
D L IY V Z IH N,D EY T AA N,1
N AH B IH G B,N B,1
L K AE N B,L B,1
IY AE N EH N T ER T EY N IH NG S,IY S,1
 F AE, DH AE,1
D IH,D HH IH,1
IH N L,IH M L,1
M AH N,M IH N,2
IH V Z D,IH F T S D,1
 SH IY, HH IY,6
 SH IY, S IY,1
ER AO L Y IH R,ER AW N D HH IY R,1
R AE G L AY K DH,R EH D DH,1
S AH P R,S K R,1
Z AH L,Z IY,1
R EY L AE,R AY M AE,1
AE V IH SH L IY,AE N AH JH M AH N T,1
 N EH V ER HH AE P IY ER IH N M AY L AY F,,1
 HH UW AO TH ER AY Z D DH, DH,1
DH AH AH,DH AH,2
AH N L,AH L,1
L IH M AH T,L AE S T,1
T AH D IH,T Y IH,1
IH K S P EH N S AH K AW N T,IH R,1
F ER DH ER HH IH Z P R EH S T IY ZH HH IY AH K EY ZH AH N AH L IY R IY D Z DH AH,F AH,1
AH W AO L S T R IY T JH ER N,AH N,1
N AH L,N,1
K AA S,K AO S,1
K AA S,K AH S,1
T UW M,T IH NG M,1
T UW M,T AH M,1
M N IY,M IY,1
IY D AH D B,IY T UW B,1
L AO R W ER IY OW,L OW,1
OW V ER S IH L IY AY T AH M Z,OW,1
 G EH S, DH IH S,1
S DH AH K,S K,1
CH AH N F R AH M DH AH,CH AH,1
AH AE N,AH N,1
AH AE N,AH AH N,1
N S ER,N,1
D AA R K S UW T IH N G,D G,1
AA SH W AO,AA CH B AO,1
AA SH W AO,AA CH F AO,1
AO T ER,AO R D ER,1
AO T ER,AO R AW ER,1
AE S K,AE K,1
IH T S,IH S,1
P L AH K AH,P AH,1
 D UW Y, DH AH Y,1
 HH UW AO, OW AO,1
 HH UW AO, DH AH AO,1
 T UW F, F,1
R IY D,R EH D,2
D Z DH,D DH,2
R IH S,R AH S,2
R IH S,R IY AH S,1
W ER IY,W IH R IY,1
IY AY T AH M Z,IY IY DH ER,1
 G EH, Y EH,1
L Y IH R,L HH IY R,1
K DH AE T,K TH IH NG,1
K DH AE T,K F EH R,1
K DH AE T,K,2
 P OW AH T S M AO R OW V ER D W EH L AA N HH Y UW M AH N P AE SH AH N Z,,1
 IH T W AA Z N AA T IH G Z AE K T L IY P AE N IH K DH EY G EY V W EY T UW B AH T DH EY K UH D N AA T JH AH S T S IH T DH EH R,,1
 W IY K AE N D AY T UW W IY K AE N D AY L AY K R IY L P IY P AH L,,1
AH K L AH,AH AH,1
AH M Z IY K,AH K,1
ER S P IH,ER Z W IH,1
ER S P IH,ER Z B IH,1
L D S,L S,2
AH M IH,AH N IH,1
 DH AH V Y UW P, P,1
K T DH,K DH,5
 P L IY Z D IH G M AY P AH T EY T OW Z AH P B IH F AO R F R AO S T,,1
 G R AE N D M AH, AH,1
T G R UW HH,T HH,2
NG IH N P,NG K AH M P,1
T IY K OW T,T AH T,1
D AA R K S UW,D AO G F UW,3
UW T IH N,UW D AH N,4
UW T IH N,UW N AH N,1
R IY AE N,R AH N,1
DH AH TH IY M,DH AE T S EY M,1
S IH V AA L,S DH AH B AO L,1
L V,L,1
 HH IY S, DH EY S,1
 HH IY S, DH AH S,1
 HH IY S, S,1
S UW DH,S OW DH,2
DH IH NG L,DH EH M L,1
L IY,L AY K,1
Z W EH R,Z F AO R,1
R L,R AH L,1
R L,R AE L,1
L AH K W,L AA T W,1
IY S T EH,IY D EH,1
EH P IH N,EH B IY AH N,1
W AA Z S,W AH T S S,1
S UW DH D,S OW B AE D,1
D B AY DH,D DH,1
L AH G ZH ER IY,L UH K F Y UH R IY,1
IY IH N,IY AH N,8
IY IH N,IY Y UW N,1
IY IH N,IY N,1
K AH M L,K AA B L,1
AO S K,AO K,1
M P AA R,M F AO R,1
R T,R IH T,1
R T,R K,1
 JH EY N M, Y AE M,1
IY T S,IY,1
IY T S,IY Z,1
SH AE L DH,SH OW DH,1
 B OW N Z AH, AH,1
S UW T IH N,S EY AH N,1
S UW T IH N,S OW AH N,1
R IY S IY,R EY Z IY,9
IY W AA SH W,IY HH AO R S W,1
IY W AA SH W,IY W,1
 W AH N TH IH NG HH IY TH AO T N, N,1
IH T Y EH T,IH T,1
 IH N SH, SH,1
T AH N D T,T AE T,1
T UW B,T DH AH B,1
R OW AE N,R AH N,1
B AO R IY AH L F,B ER F,1
SH T IH M,SH CH EY M,1
Z B Y UW G AH,Z P IY P AH,1
N T AH L OW P,N D,1
 HH AY W EY AH N D F R IY W EY M IY N DH AH S EY M TH IH NG,,1
 DH AH F AA G P, P,1
D DH EH M F R AH M ER AY V IH,D HH IH,1
IH NG AA N T AY M,IH M,1
AE F N Z S,AE T S,1
R F M,R M,2
 IY V IH N AH S IH M P AH L V OW K AE B Y AH L EH R IY K AH N T EY N Z S IH M B AH L Z,,1
D AA R K S,D AO G S,6
D AA R K S,D AH N S,1
G L AY K DH,G AA N DH,2
UW Z D DH,UW S DH,1
EH Z,EH R Z,1
AH N T B,AH V B,1
D B R,D R,1
EH TH L AH,EH F ER AH,1
S L IY,S IH NG,1
S L IY,S,1
L AY,L AE F,1
G L AY K DH AE T,G AA N,1
G L AY K DH AE T,G,2
IY AO R W,IY AH W,1
ER D DH,ER DH,1
Z HH AE,Z AE,1
AE P IY P IH R IY AH,AE T AH,1
AH D,AH T UW D,1
 M AO R HH IY K UH D T EY K AE T, IH T,1
T L EH ZH ER,T,1
IY AE M B AH,IY AH,1
AH L D,AH N D,1
AH L D,AH D,1
UW DH AH F,UW F,1
F AA R,F AO R,1
Y AA R D,Y AH L AH,1
S P IH N,S EH N,1
AH CH N AY,AH T S L AY,1
S AH Z S,S T S,3
 AE T T, DH AH T,1
 AE T T, T,2
SH AH B L IY,SH UH D M IY,1
AE S K M,AE Z M,1
M IY T,M IH L AH T,1
M IY T,M AH N T,1
T UW K AE R,T EH R,1
D IH Z,D EH Z,1
T S S,T S,2
Z AA R V,Z AH V,1
 IH F HH IY EH, DH AH EH,1
SH EH D D,SH IY D,1
N AE,N D AE,2
N AE,N Z AE,1
EY Z,EY,1
 D AA N T AE S K M IY T UW K, W EH R DH AH K,1
 TH AE, DH AE,1
T L,T OW N L,1
L B IY,L IY,1
IY P L EH,IY T W EH,1
IY T UW IY T B AY,IY F AY,1
AY,AY V,1
AY,AY N,1
 Y UW S, S,1
D T UW D,D D,1
 AA R Y AO R G, G,1
N N AE,N DH AH AE,1
 S ER V DH AH K, K,1
AE D DH AH OY L,AE T AO L,1
 D AH, DH AH,1
AH Z S,AH S,1
V M,V DH EH M,1
M AE N,M,1
 AH N, N,2
V AA K,V AO L K,1
AH B IH G G,AH G,1
 AE, DH AE,2
T T W,T S W,1
AY T AA,AY K AA,1
 B R IH NG M IY DH AH F AY ER K R AE K ER Z,,1
SH OW N W UH D,SH AW T AH D,1
F AO L,F AA L,1
L AW T P,L OW P,1
 HH IY L AY V D AH N D B R IY DH D F AO R DH AH M AY N IH NG K AH M P AH N IY,,1
UW S AA,UW F AA,1
AA L V EH K S T R,AA DH ER F AO R,1
R AH P R AA,R F AA,1
AA B L AH M Z,AA R G OW,1
 R AE L F K AH N T R OW L D DH AH S T AA P W AA CH F R AH M DH AH B L IY CH ER Z,,1
 DH IH S B R, F AO R,1
R OW SH,R SH,2
L EY T,L ER T,1
T IH V,T UW AH V,1
HH AH N IY,HH ER L IY,1
T IY V W AO,T EY F AO,1
AH Z AH N D AE,AH V DH EH M AE,1
 SH IY HH AE D Y, Y,2
K S UW,K F UW,2
W AO T,W AH T,5
W AO T,W AA N T,1
T ER AO L Y,T AA R Y,1
T ER AO L Y,T T UW AA R G Y,1
 IH T IH Z, HH IY Z,1
AA IH,AA R IH,1
D F IH T,D DH AE T,1
T F AH,T P OY N T AH,1
AH L IY DH,AH N D F AO R DH,1
AE T HH IY F ER G AA T,AE T,1
N D W AY T,N L AA T,1
T L EH DH ER,T M ER D ER,1
 R AA B S, DH AH AO F S,1
P AA N,P L AE N,1
N D AH,N AH,3
AH N D S,AH T S,1
AH N D S,AH Z S,1
S K EH,S G EH,1
EH CH T,EH T,1
EY G,EY T G,1
G IY S,G EY M Z,1
 B EH G DH AE, HH EY TH AE,1
AE T G,AE NG K G,1
AA R D,AA D,1
Z DH AE N B,Z S AH M B,1
D F EH R,D TH IH R,1
NG Z,NG,1
R AH S T S,R S,1
R AH S T S,R Z S,1
UW R,UW L,1
HH EH N,HH AE N,1
HH EH N,HH IH N,1
N AE N,N D AH N,1
Y UW W ER IH,Y OW Y AH R IH,1
Z P R EH S,Z F ER S,1
Z P R EH S,Z S,1
T IY ZH HH IY,T DH AH T IY,1
 L, G L,1
D B L,D L,1
L AE K,L AY K,1
K G L,K L,2
V Z T,V T,1
IY S IY,IY D IY,1
F ER M,F AO R M,1
M EH N,M IH N,1
AH D B EH,AH T DH EH,1
EH V R,EH R R,1
IH JH IH Z,IH CH AH Z,1
 AH M, DH EY M,1
 AH M, M,1
S K Y,S T Y,1
Y AH L ER AE,Y AO R AE,1
S D ER,S TH ER,1
ER T IY,ER D IY,2
UW D AW ER AO,UW AO R AO,1
UW D AW ER AO,UW DH AH AO,1
W AA SH W,W ER S W,1
W AA SH W,W AO K S W,1
W AA SH W,W AO T ER W,1
T ER AO,T AA R AO,3
T ER AO,T AO,1
K AA L,K EY L,1
K AA L,K AH L,1
P T EH,P DH EH,1
EH JH IH,EH R IH,1
M B AH,M P AH,1
L D TH,L TH,2
 IY T IH, DH AH AE D IH,1
CH N AY,CH S L AY,1
SH AH B L,SH IH P L,1
S K M,S M,2
M IY T UW K,M AY DH AH K,1
N OY L IY R,N AO R R,1
N OY L IY R,N AH R,1
 HH IY M, DH AH M,1
T AO S,T AE S,1
HH IY M,HH UW M,1
M AH G,M G,1
K W AH T,K DH AE T,1
D W AA Z S,D R IY S,1
 D IH D Y UW B, B,1
AY EH N IY K,AY K,1
R AH B,R B,1
T HH IH Z,T AE Z,1
Z V IH K,Z F EY K,1
K T AH M K,K HH AE V K,1
AE L AH,AE V AH,1
S AE T DH,S EH D DH,1
M Z S W,M W,1
CH AE D,CH EH D,1
T IH V Z D,T AH D T UW D,1
T DH EH R,T Y AO R,1
B R,B AO R,1
AH D AO R D R,AH T ER G R,1
AW T,AW N D,1
M HH OW M R,M AO L R,1
K M IY T,K AH L EY T,1
IY R,IY G R,1
R AE G,R EH G,4
R AE G,R IH G,1
K AW ER IH NG P,K AY P,1
AW AO L S,AW S,1
AH N T EY,AH M P L EY,1
R AH V DH,R DH,1
DH AH S L,DH AE T L,1
NG R EY N,NG AY,1
M IH Z S,M DH EH R S,1
AA R AH N,AA N,1
N IY V AH,N AH,1
AH N L IY D,AH D,1
Y AH T,Y UW T,1
T AH D,T,1
T AH D,T UW D,1
 AH L, L,1
AW L,AW D L,1
R B AH T,R DH AE T,2
Z AO L EH R ER,Z AW ER,1
N IH R AH S T S,N ER V S,1
N AH G AO G M,N T ER Y UW M,1
 G R, B R,1
R EH G B AY Z,R AW Z,1
S N AH G L,S L,1
L EH K T,L EY T,1
 D UW, T UW,1
NG AO R,NG AA R,1
T S T,T UW T,1
T IH V S,T S,1
S AE M P L IH NG,S EY F,1
 B EH S, DH IH S,1
S T S,S S,1
L AY T AO R SH,L AE D ER SH,1
SH EY D,SH OW,1
F AY L,F AW L,1
F AY L,F AO L,1
M AY AA D AH,M AW N T AH,1
AH T S,AH N Z,1
AH T S,AH N S,1
M Y UH R,M AA R,1
R AH L Z,R OW,1
HH AY R AA R K IY Z,HH AW ER D,1
B UH L,B AO L,1
L IH D,L EY T,1
N D P,N P,1
AE S,AE T S,1
AE S,AE,1
S K AH T B,S G UH D B,1
IY AH V,IY HH AE V,1
 HH IH Z S AA R K AE Z AH M W AA Z F AA L OW D B AY AH S T UW P AH D G R IH N AH V HH IH Z TH IH K M AW TH AH N D B AE D T IY TH,,1
 T R AH, DH AH,1
N R,N D R,1
B AA G G,B AO L G,3
B AA G G,B AH G,2
S AH,S T AH,1
S IH NG,S AE NG,1
NG IH F F,NG AH F,5
NG IH F F,NG AE T F,1
 M AA, B AA,1
 M AA, AA,1
AA M S,AA B S,1
AH P AA N,AH F OW N,1
AH P AA N,AH B OW N,1
AH P AA N,AH N,1
IY T AH,IY D AH,1
L D IH R,L DH EH R,1
EY EH K,EY AE K,1
S K L,S P L,1
EY R IY IH N F,EY F,1
R S S,R S,1
S IY M,S EY M,1
K OY L,K OW AA L,1
AH V K L,AH P L,1
 T R AH D IH SH AH N R, R,1
T SH UH G ER,T CH IH L D R AH N,2
 DH AH K, K,1
 DH AH K, W EH L K,1
AA G G,AA G,2
G EH T,G IH T,4
AE F D,AE P D,5
N Y UW,N IY,2
N Y UW,N,2
AO T ER AO,AO R F AO,1
AO T ER AO,AO R AO,1
IY T UW K AE R IY AE N,IY AH N,1
Z K AA,Z P R AA,1
AA N F ER M,AA K L AH M,1
AH L EH N,AH V AH N,1
N T R AH P IY,N D,1
 DH AH K L IH R L IY AY D EH N T AH F AY AH B AH L EH N AH M IY K AH N T IH N Y UW D AA N AE Z IH F N OW W AH N EH L S W ER ER AW N D,,1
 K AA M P ER AH B AH L T R EH N D Z K AE N B IY N OW T AH D EH L S W EH R,,1
N R IY K,N AH L K,1
K W AY ER Z P,K AO R P,1
ER EY JH,ER IH JH,2
 IH T S HH EH L TH IY ER T UW K UH K W IH TH AW T SH UH G ER,,1
 DH AH K R AE N B EH, EH,1
EH R IY,EH V ER IY,1
N AO T AH M,N OW,1
 L AE F D, D,1
M AY L,M EH L,1
Z AH,Z F AH,1
K S AE,K T AE,4
AE P AH T,AE K T,1
T AY Z ER,T ER,1
S UW T IH N G R,S IY K R,1
L UH R F,L ER T F,1
N AH V,N HH AE V,1
 HH AY, AY,1
N Z S,N IY S,4
N Z S,N S,3
N Z S,N AH S,1
N Z S,N D S,1
N Z S,N T S,1
ER AO,ER F AO,1
K M IY T UW K AE R,K W IH DH P IH R,1
K M IY T UW K AE R,K Y UH R,1
W IY M EY,W EH N DH EY,1
T HH IH,T DH IH,1
IH Z P,IH S P,1
T B AH T,T DH AE T,1
 W IY K AE N G EH T IH T IH F W IY D IH G HH, HH,1
T L IY,T,1
 D UW W, W,1
T F AE N S,T P EH T S,1
S IY T,S DH AH T,1
AH L K L,AH L,1
L AO TH S,L,1
M Z,M,3
F K AH N T,F T,1
T R OW L D DH AH S,T UW S,1
P W AA CH F,P B AH T F,1
F R,F AO R,2
R AH M DH,R DH,1
AH B L IY CH,AH F Y UW CH,1
 DH IH S B R OW SH UH R IH Z P AA R T IH K Y AH L ER L IY IH N F AO R M AH T IH V F, F,1
EY L,EY Y OW L,1
N UW Z D,N AY S D,1
P AW T,P AA T,1
R W,R AH W,1
M F L,M L,1
M F L,M P L,1
S IY,S T HH IY,1
S IY,S HH IY,1
W UH L,W IH L L,1
W UH L,W EH L,1
W UH L,W IH L,1
W UH L,W OW L,1
L AH N,L ER N,1
L AH N,L IH N,1
 S UW N DH, DH,1
ER T AY M,ER K AA R,1
HH EH N W,HH IH M W,1
D AH N,D IH N,1
N D AO,N AO,1
DH AE N N,DH AH N,1
AA AE F T ER AY AE D DH,AA AA P R AH EH R DH,1
AH OY L,AH AO R,1
AH OY L,AH Y AO R,1
AH OW EY,AH AH W EY,1
AH OW EY,AH AO R EY,1
S IH S W,S EH Z W,1
R AH N,R N,1
N OY IH,N OW IH,1
 IH N, AH N,1
N D IH D DH,N T UW DH,1
AY K IH K,AY K,1
 IH T W UH D B IY AH, DH AH AH,1
T AO L P,T AW ER P,1
IY S IY W,IY DH AH W,1
S IY N G,S EY M G,1
OW S T,OW F AY T,1
T L AY K,T W ER K,1
K R AY F AH L M,K M,1
N EY M D AH,N AH,1
 IH T S, DH AH S,1
D AH D S,D IH Z S,1
 AE N, DH AH N,1
AA K T,AA T,1
T IH L,T F UH L,1
L Y AH N AE,L IY AE,1
AE T AH,AE D AH,1
N AW L EH T AH S S,N OW S,1
Z F R AH M,Z,1
F AH R Z B Y UW G,F ER S P IY G,1
L OW P,L AH S T,1
EY AH N D F,EY F,1
IY W EY M,IY R OW M,1
M IY N DH,M IH NG DH,1
F AA G P,F AY V P,1
 D AE F N Z S, DH AH S,1
S IH M P AH,S EH V R AH,1
L V OW K,L R IH K,1
K AE B Y AH,K AH,1
AH L EH R,AH V R,1
K AH N,K AE N,1
K AH N,K AA N,2
T EY N,T ER N,1
T EY N,T EH N,1
 AH W, W,1
W IY L,W EH L,1
K T AA,K D AA,1
AA N AH HH,AA L ER HH,1
HH AH B W,HH AE V W,1
Z S T IH L,Z F EY L,1
K T AH G,K F IH G,1
G EH N,G Y ER,1
 OW DH, DH,1
T AY M AH,T AW N AH,1
R AH K CH,R EH CH,1
K AH L ER D DH,K AA R DH,1
 HH EH L P G, G,1
UW P IH K,UW T EY K,2
 P R AH, DH AH,1
P R,P AA R,1
R AY AH T,R T,1
B OW L AH,B AW AH,1
B AH T,B EH T,1
B AH T,B R IH T,1
OW L D,OW N,1
 P IY T, V IH K T,1
 P IY T, IH T,2
T S ER IY,T AO R IY,1
AH Z,AH Z AE Z,1
P F AY V F,P DH AE T F,1
OW AW T,OW AE P,1
AE D Y,AE V Y,1
N B,N D B,1
 W AY P IH K M IY F AO R Y AO R P AE T S IY,,1
OW L D B R,OW N R,1
ER OY K,ER AO R K,1
IH G G,IH G,1
G OW T,G AW T,1
AY D L,AY L,1
Z S T R,Z D R,1
R EH NG,R IH NG,2
K TH M,K M,1
SH AH B,SH IH B,3
 Y UW W UH D D R AY V AH S IH N T UW SH EY M HH IY D IH K L EH R D,,1
Z B AH L JH D D,Z D,1
T B L,T F L,1
AE K F AH N,AE T P AE N,1
 F OW L D IH N T UW W IH P T K R IY M AH N D AE D AH D AE SH AH V S AO L T AH N D S P R IH NG K L IH NG AH V P AE P R IY K AH,,1
DH AH M IH,DH IH,2
 HH EH L P G R EH G T UW P IH K AH P EH K AH V P AH T EY T OW Z,,1
 SH EY V IH, S EH T IH,1
EY OW N,EY AA N,3
R K S UW T IH N G,R TH V EY D ER G,1
S AH P EH,S DH AE T EH,1
EY D S,EY S,1
 HH IH Z HH, HH,1
IY IH Z HH IH Z,IY S EH Z,1
N Y EH,N R EH,1
EH T IY,EH D IY,1
IY CH M,IY T UW M,1
 HH EH L P, DH AH AH P,1
HH AW S IH,HH AE F IH,1
ER IH F,ER F,1
F EH K T S,F AO R,1
Z G L,Z K L,1
OW D,OW Z D,1
D JH UW AH,D Y OW Y AH,1
AH L B R,AH R R,1
AH OW SH AH N,AH EH L S,1
Z D IH,Z S T IH,1
M AY P,M AH P,1
 IH D R AY D DH, DH AE T DH,1
F CH EY N JH,F T UW,1
IY HH AE D,IY AH D,1
 D AA, DH AH AA,1
N T AE S K M,N EH G Z M,1
S ER Z,S AH Z,1
ER IH N,ER AH N,1
EY T IH NG AE,EY D IY OW AE,1
IY AH N,IY IH N,1
UW Z,UW Z ER Z,1
Z AH SH,Z SH,1
T AH V,T HH AE V,1
B IY IH,B IH,2
IH NG B,IH N B,1
S T AA K,S D AO K,2
IH NG Z,IH N Z,2
AO R N,AO NG,1
IY TH S,IY CH S,1
R D AA R K S,R TH AO T S,1
S UW T,S T,1
S UW T,S ER T,1
F Y UW AA R AH,F AH,1
L AY F T,L AA T,1
T EH N AH N T,T AE T IH T,1
UW D IH D AH K T,UW T,1
T AH,T UW AH,1
T AH,T DH AH,1
AW AH B AH,AW DH AH,1
D D IH P,D DH AH P,1
P L,P AH L,1
IY SH AH N,IY S,1
 G EH T IH NG DH AH B AA S R, R,1
P Y UW,P,1
ER IY Z,ER D Z,1
K T,K T S IH T,1
ER AA R B,ER AH B,1
 DH AH M AO R N IH NG D UW AA, AA,1
B G L,B L,2
IH N DH AH S AH,IH F ER AH,1
 D AA N T D, DH OW D,1
 D AA N T D, TH EY L D,1
 R EH, V EH,1
S AO F AH,S AH P AH,1
D T UW AE,D AE,1
R AO NG,R AA NG,1
NG L IY D,NG D,1
R T AH,R K AH,1
P AA R T,P OY N T,1
 Y AW V G AA T, DH AE T,1
S T IY,S IY,1
IY ZH HH,IY D HH,1
L AO R IH S K,L AY Z K,1
M N IY D,M M EY D,1
AH D B,AH B,1
 W AY, B AY,1
Y EH L AO R W,Y AE AY W,1
 G EH S DH, DH AH AH V DH,1
V AH N,V IH N,1
L D F AH M,L M,1
M IH L Y ER,M EY ER,1
R EH P T,R IH T,1
N IY DH ER S,N Y AO R S,1
F AH N,F AE N,1
N D Z,N Z,1
L D D,L D,2
SH W AO,SH F AO,1
W UH D IH,W ER IH,1
SH N,SH T N,1
R AH JH,R JH,1
 K AA M B, B,1
AY N AO,AY AO,1
 R AA, DH AH AA,1
AA B S AE T,AA P AH Z AH T,1
Z DH,Z AH V DH,1
DH AE N B IY OW,DH AH OW,1
 SH IY HH AE D, CH EH D,1
 SH IY HH AE D, D,1
D Y,D ER Y,1
W EH R OW,W ER OW,1
UW W IH L F,UW AO R F,1
L ER IH SH HH,L AO R HH,1
R TH,R,1
K UW L W AA Z,K AO R Z,1
IY D B,IY P B,1
B ER EH,B R EH,1
EH F T,EH TH,1
D AH T S,D ER Z,1
 M IH D IY, DH AH IY,1
AA R K S,AA G Z S,1
IY N IY EH N,IY M IH T N,1
N V AH L,N AW B IH L,1
OW P T,OW T,1
UW IH,UW HH IH,1
IH T S R,IH Z R,1
F B AY ER,F DH AE T ER,1
AH K AE,AH G AE,1
AE T S,AE S,1
S M IY AW,S N AW,1
DH D B AY DH AH,DH AE T AH,1
 IY CH AH, HH AH,1
AH N T AY M,AH M F AE M,1
M L,M AH L,1
EY N M,EY M,1
M EY ER,M IY ER,1
M AH N K,M IH K,1
M AH N K,M IH K K,1
K AE N,K JH IY N,1
K AE N,K EH N,1
N D IY AE Z T,N Y AH S T,1
 D AA N, DH AH AH N,1
N T AE S,N AW N S,1
T UW K AE R IY AE N,T AH V IH N,1
 W IY N UW DH, DH,1
Z R,Z AO R,1
R IY AH SH,R IH N SH,1
AH AY R,AH R,1
R AA N,R AH N,1
IH K F,IH NG F,1
F R UW,F UW,1
UW T AH,UW D AH,1
AO R AH L,AO L,1
 K AH V, AE V,1
ER AH JH,ER IH JH,1
AE D AH,AE T AH,1
AH D T,AH T,1
R IY M Z,R EY N Z,1
V D AY,V T AY,1
Z AE T T,Z AH V T,1
L G EY,L D D EY,1
 D IH D Y, DH AE T Y,1
G W AA,G OW AA,1
W AO R DH,W AA Z DH,1
 HH IH, DH IH,1
IH Z D,IH S D,1
AW Z W,AW N W,1
DH D,DH,1
 T UW P, DH AH P,1
Y UW AA R,Y OW Y AH R,1
D IH D,D AH D,1
AE N N,AE N,1
IY W AA SH,IY B AO SH,1
 OW L D P, P,1
V P Y UW,V T UW,1
UW T ER AA,UW DH EH R AA,1
M TH EY,M DH EY,2
EY R W,EY HH AE V W,1
EY R W,EY W,1
UW CH AA,UW T R AA,1
AA R L,AA L,1
Z D ER,Z TH ER,1
S K M IY T,S T,1
G L,G Y AH L,1
G L,G AA N L,1
L AY K DH AE T,L ER,1
S HH AE Z,S IH Z,1
ER L AY N Z,ER,1
AH N D DH,AH V DH,1
AH ER AY V AH,AH R AE T AH,1
V HH ER,V ER,1
M OW B AH L P,M AY R IY P,1
P AA R,P AO R,1
T N ER,T,1
ER IY AH Z,ER IH R Z,2
Z AA R K,Z AH K,1
K L AH,K M AH,1
AH N CH,AH CH,1
 D R AA P F AY V F, F,1
 HH ER W, DH AH W,3
 HH ER W, F AO R W,1
AH AH B V,AH AE D V,1
N AH S,N IH S,1
ER AH S,ER S,1
T IH L Y,T UW Y,1
Y UW P,Y AO R P,1
N D M,N M,1
R AA R M AE Z HH,R DH IH S HH,1
HH AY AE Z Y,HH AW S Y,1
S UH P,S UW P,1
ER B S,ER S,2
L HH AW EH,L AY EH,1
EY,EY N,1
N HH,N D HH,1
Z P R,Z B R,1
T IY ZH HH,T EY JH HH,1
ER D Z Y,ER K Y,1
 JH EH F TH, SH IY TH,1
JH AA N,JH AY AH N,1
N K L,N T P L,1
AA R K S UW T IH N G,AA G,1
G R IY S IY W AA SH W AO T ER AO L Y IH R,G Z,1
 AH P AO R T AH B AH L IH L EH K T R IH K HH IY T ER IH Z AH D V AY Z AH B AH L F AO R SH EH L T ER Z IH N K OW L D K L AY M AH T S,,1
 HH IY D R UW AH D IY P B R EH TH,,1
 IH T, DH AE T,1
 IH T, T,1
S ER K AH,S AO R T AH,1
AH L D HH ER,AH V AW ER,1
ER TH AY Z IH,ER B AE D IH,1
 K AA M B AY N AO L DH AH IH N G R IY D IY AH N T S IH N AH L AA R JH B OW L,,1
 R AA B S AE T B AY DH AH P AA N D AH N D S K EH CH T DH AH S T R EY G IY S,,1
 B EH G DH AE T G AA R D F AO R W AH N G AE L AH N AH V G AE, Y AE,1
 IH D R AE DH ER N AA T B AY DH IY Z SH UW Z DH AE N B IY OW V ER CH AA R JH D,,1
 HH ER R AY T HH AE N D EY K S W EH N EH V ER DH AH B AE R AH M EH T R IH K P R EH SH ER CH EY N JH AH Z,,1
IH NG G,IH D G,1
R B AH T R,R R,1
 V EY, DH EY,1
P ER P,P UH T P,1
DH EH R W,DH EY W,1
T AH N D S,T S,1
IY F,IY,1
 B AH T W, W,1
 AA R Y, Y,2
 P R AA JH EH, T EH,1
K T D,K D,2
AH K OW L S L,AH L,1
ER AY AE D,ER AH N D,1
IH S W AA Z,IH Z,1
Z AH M,Z F AO R DH EH M,1
M ER AA ZH,M M AY,1
T D AH,T DH AH,1
EY Z R,EY S R,1
 AH B AW T, DH AE T,1
IY W IY,IY V IY,1
IY AO L AE K N,IY R W IH DH N,1
L IH JH,L AH JH,1
W AA,W ER K HH AA,1
AA SH W AO T ER,AA R D ER,1
N DH AH S B,N AE Z B,1
M Z IH,M IH,1
DH L AY,DH R AY,1
AY F,AY T,1
D Z AH V K,D K,1
IY AA R N,IY N,1
AY S M,AY N TH M,1
D IH N M AY AE M IY,D,1
 HH AW G UH D IH, DH IH,1
IH Z Y AO R EH N D ER AH N S,IH S,1
D L IY,D HH IY,1
IY V,IY AH V,1
V Z IH N AH,V DH AH,1
AH B IH G B,AH B,1
K AH T B AO,K F AO,1
AO L K,AO R K,1
Z B AW,Z F AW,1
ER G R,ER R,1
T OW L D S T ER,T AO TH ER,1
 AA B JH EH K T S M EY D AH V P Y UW T ER AA R B Y UW T AH F AH L,,1
AO T,AO R T,2
P L EY,P EY,1
Z N AY AH,Z M IY AH,1
T IH K,T,1
T DH AH SH,T IH SH SH,1
S EY L,S EH L,1
T OW L,T EH L,1
L AH D AY,L ER T AY,1
T W EH N,T AO R AE N,1
N AY AA,N AA,1
TH AO T Y,TH ER D IY Y,1
UW D IH,UW IH,2
K L IY N,K R EY N,1
 HH IY N, DH AH N,1
NG B AH T,NG DH AE T,1
ER S P IH L,ER Z F EY L,2
R AO S,R AH S,1
T IH N AH,T AH,1
T T UW AH M,T ER M,1
IY IY,IY N IY,1
IY T DH,IY D DH,1
IY D,IY,1
 F AH, DH AH,1
F AH S,F ER S,1
S OW,S T OW,1
W EH R AH Y,W ER Y,1
L AH N D F,L F,1
N D R,N R,1
S M IY,S B IY,1
IY AW AO,IY AY AO,1
 K L IH F W, DH AE T W,1
 IH F D, DH AH D,1
L AE F,L EH F,1
R K,R AH K,1
F Y UW W,F IY L D W,1
IH S T S,IH S,2
F IH SH B,F ER S T B,1
HH IY IY,HH IY,1
IY T OW,IY OW,1
 TH ER OW, DH EH R AA R OW,1
OW L,OW N L,1
Z D AH P,Z DH AE T,1
R AA D,R AY D,1
 K L IH F, G OW F,1
F W AA Z,F AO R AH S UW Z,1
UW DH D B AY,UW V AY,1
ER N M,ER M,1
 Y AH, DH AH,1
AH NG S T,AH AE K T,1
Z T,Z S T,1
AE S K M IY T UW K,AE Z B IH N K,1
UW HH IH Z S,UW S,1
D Z AH,D AH,1
 T R AH D IH SH AH, DH AH,1
AH N R,AH R,1
 M AA M S, S,2
OW V AH L F,OW F,1
T IH N AH F CH,T CH,2
JH,JH D,2
IY AA,IY DH AH AA,1
 CH UW Z, SH IY Z,1
IY AO R,IY AA R,1
AA N K,AA T K,1
 P L IY Z D, D,1
Z AH P B,Z DH AE T B,1
N AH F CH,N D DH AE T CH,1
 D AA N T AE S K M IY T UW K AE R IY AE N OY L IY R AE G L, L,1
 N AO R DH ER N ER Z IH N D AH L JH IH N AE N EH, EH,1
L AH G ZH ER,L EH K CH ER,1
ER IY,ER,1
 G AA T, DH AE T,1
F W IH DH K,F AO R K,1
 AE G R AH K, K,1
ER AH L P R AA D AH K T S AA R AH N IY V AH N L IY D IH S T R IH B Y AH T AH D,ER,1
 AH L AW L, L,1
L EH R,L AE R,1
R ER Z,R AH B Z,1
 G R EH G B AY, S AY,1
 K AE T AH S, S,1
R AA F IH,R AE P IH,1
IH K EH,IH NG EH,1
K K AH T B AE,K F AE,1
K S,K T S,1
AH P UW R,AH F AO R,1
IY D G,IY G,1
L L EY N,L R AY T N,1
R HH IH M,R DH EH M,1
D AH N D,D ER D,1
CH T DH AH S,CH S,1
T R EY G IY S,T ER OY D Y UW S,1
L N AH T,L DH AE T,1
V IY Y,V IH NG Y,1
D Y AO R D AA R K,D AH K,1
K S UW T IH N G R IY S,K S,2
S IY W AA SH W AO T ER AO L Y IH R,S,2
 D AA N T AE S K M IY T, R AY T,1
T UW K AE R IY AE N OY L IY R AE G L,T L,1
 P AA, AA,1
M OY L,M AY L,1
ER F AH,ER V AH,1
EY T AH D W,EY IH NG W,1
DH T IH N,DH K AE N,1
 SH IY S AW N D AH D AE Z DH OW DH EY AO L R EH D IY IH G Z IH S T AH D,,1
 HH IH Z IH L EH K SH AH N AA N DH AH AH DH ER HH AE N D W UH D AH N K W EH S CH AH N AH B L IY S, S,1
NG TH AH N DH AH R EH G Y AH L ER Z,NG,1
 HH IY S T OW L AH D, D,1
M AH B EH G,M T AY G,1
 B IH F AO R TH, DH AH TH,1
 DH EY EH N JH OY IH T W EH N AY AA D IH SH AH N,,1
 JH EH, Y EH,1
EH F TH,EH T TH,1
 JH AA N K L IY N Z SH EH L F IH SH F AO R AH L IH V IH NG,,1
N DH,N D DH,2
 AO SH, AA SH,1
M AE Z,M IH Z,1
M AE Z,M ER Z,1
Z N T T,Z T,1
D AE T,D EH TH,1
W ER M AA,W AH N AA,1
 SH IY HH AE D Y AO R D AA R K S UW T IH N G, G,1
DH EH M,DH AH IH M,1
S DH AH,S AH,1
S D IH,S T IH,1
IH L,IH L L,1
AY T DH,AY K DH,1
D AA R D,D AW ER D,1
P G R,P B R,1
HH AE L,HH AH L,1
L AH W IY N,L OW,1
AE S K M IY T,AE Z T,1
 M IY T S, AO F S,1
S DH AH R EY D IY,S IY,1
IY EY SH AH,IY Z AH,1
N P R AA S EH S IH NG AH,N AH,1
V M IY,V N IY,1
 B AY DH, DH,1
L Z DH,L DH,1
R AE Z,R IH Z,1
 P R AA JH EH K T D IH V EH L AH P M AH N T W AA Z P R AH S IY D IH NG T UW S L OW L IY,,1
G R OW Z,G ER L Z,1
AH V AH,AH N D AH,1
NG HH IY T,NG F R AH M T,1
Z HH IH,Z DH IH,1
IH Z IH,IH S IH,1
 S W, W,1
W IH NG Y,W EH N Y,1
W EH N Y,W IH DH Y,1
S UH P ER,S AH F ER,1
NG P IH,NG F IH,1
N HH IH Z,N OW Z,1
D EH R,D AA R,1
L IH K,L AY K,1
K SH AH N,K,1
 AH K, K,1
N OW,N D OW,2
AE D Y AO,AE Z AO,1
M D T,M T,1
R AH,R AA N AH,1
AW L IY W,AW DH AH W,1
L EH R ER,L HH ER,1
DH AH N,DH EH N,1
N IH R,N DH EH R,1
R EH G B AY,R EY T F AY,1
AY Z F,AY V F,1
 K AE, DH AE,1
AH S T,AH V T,1
R AA F,R AE F,1
D AE N,D AH N,1
N T F,N D F,1
SH TH R,SH DH EH R,1
R UW HH ER,R W ER,1
EY M T,EY B AH L T,1
R M Z,R W AA Z,1
 EH, DH AH EH,2
 DH EH R W ER K M IH R, R,1
R ER Z DH AH M EH,R EH,1
EH N T AE L AH T IY AH V DH AH S AY K,EH K,1
K OW P AE TH R UW T L,K L,1
K T T,K T,1
AH L AE M P AO,AH W EY AY AO,1
ER D P,ER P,1
IY L AE M P SH,IY SH,1
 P L IY Z D IH G M AY P, S T EY K P,1
 IH D R, AY R,1
 G R AE N D M, M,1
V D,V,1
AE F S,AE V S,1
EY M IY N DH AH S,EY S,1
 D AA N T AE S K, K,1
IY AE N OY L IY R AE G L AY K DH AE T,IY AH S,1
 AE T L AO S K UW L DH AH S EY M,,1
 DH AH IH N S T IH, TH IH,1
K T T UW D,K DH AH D,1
W OW N T P,W IH L P,1
 DH AH B AH NG G AH, HH AH,1
OW W AA Z P,OW P,1
P L EH Z AH,P ER S AH,1
N T L,N AH L,1
UW L UH K IH NG F AO R EH M P L OY M AH,UW W AA N T W AH,1
OW T AY D,OW B AE D,1
IY AE,IY HH AE,1
AE M B AH,AE N D AH,1
F AA R M Y AA R D,F AH N AE L IY,1
 IY T IH NG S P IH N AH CH N AY T L IY IH N K R IY S AH Z S T R EH NG K TH M ER AE K Y AH L AH S L IY,,1
N DH AH T,N T,1
TH D EY,TH DH EY,1
IH NG AY,IH N AY,1
AH M Y UW T AH N,AH N D L AY V N,1
M IH L K B,M AW TH B,1
S W EH R,S F AO R,1
N L EH D,N W IY,1
B K AH N S,B S,1
V OW N L IY,V AA R M IY,1
UW D IH P,UW B IY P,1
V IH T,V AH T,1
S HH AH G D DH,S AA N DH,1
V D AH K,V B IH K,1
EY IH NG M,EY M,1
M AO,M L AO,1
L IY S,L EY S,1
 R AE L F K, K,2
EY M IY,EY B IY,1
IY N DH,IY DH,1
 DH AH, F AH,1
AH F AA G P,AH K P,1
OW AA,OW AA N AA,1
UW TH,UW,1
 S, DH AH S,1
EY K M,EY T M,1
M IY SH,M AH N T SH,1
EH D AH N D,EH D,1
JH DH EH M,JH HH IH M,1
D IH N M,D DH AH M,1
 HH AW G UH D IH Z Y AO R EH N D ER AH N S,,1
D L IY V,D W EY V,1
 B AE S K AH T B AO L K AE N B IY AE N EH N T ER T EY N IH NG S P AO R T,,1
D,D Z,1
 M IH L K P, DH AH P,1
T IH V P,T AH D P,1
DH IH S,DH AH S,1
DH IH S,DH AE T S,1
S D R,S T R,1
R AH G,R OW K,1
 W AY L HH IY W AA Z IH N K, S EH D K,1
T HH IH M,T,1
AH EH M,AH AH M,1
M B L AH,M AH,1
AH M D IH P,AH NG DH AH P,1
K T S,K S,1
 HH IH Z SH OW, DH AH S T R OW,1
L D ER,L ER,1
R AH S,R EH S,1
Z S AA,Z F AA,1
AA L V D,AA R,1
 M IH L AH T, DH EH R W ER T,1
Y ER AH,Y UH R AH,1
AH TH EY N,AH P IY AH N,1
F OW M,F AA R M,1
IH D DH,IH P DH,1
 K AO L AE, OW AE,1
N T DH,N DH,1
D AH,D IY AH,1
W AA Z B,W IH DH B,1
 HH IY S W AH NG IH N TH R UW HH IH Z OW N W AY D G, G,1
 SH IY W AO R W AO R M F L, P L,1
S B R,S F AO R,1
CH W IY B,CH F ER M B,1
IY V W,IY F W,1
IH S P,IH Z P,1
OY P UH T,OY DH AE T,1
DH AH F IH,DH IH,1
IH SH B,IH S B,1
IY P F,IY V F,1
L EY K,L AY K,1
 EY T F, AH F,1
F IY L D G,F Y UW G,1
 HH IY R, DH AH R,1
AO,AO L,1
N HH UW,N Y UW,1
R M TH AH,R AH,1
IY HH IY W,IY Y UW W,1
P T UW T,P T,1
N T UW AH,N D AH,1
NG IH F F AO,NG Y AO R P AO,1
K M IY T UW K,K F AO R DH AH K,1
 HH IY D K, DH AH K,1
N P AH,N D AH,1
AH B L IH,AH P W IH,1
IH K,IH DH,1
K AO L,K IH L,1
L B L,L P L,1
L AE NG K,L EY,1
 HH IY L Z P, DH AH P,1
S EH,S AH Z EH,1
AH L AO,AH R AO,1
L EH G AH,L AY K AH,1
AH D S,AH S,1
AE B D OW M AH N IH,AE F T ER DH AE T IH,1
 DH OW Z M Y UW Z IH SH AH N Z HH AA R M AH N, N,1
AY Z M,AY S M,1
