D Y AO R D,D HH ER D,16
D Y AO R D,D DH AH D,6
D Y AO R D,D AH D,11
D Y AO R D,D AH D D,1
D Y AO R D,D N OW D,4
D Y AO R D,D T UW D,4
T IH N,T AH N,107
T IH N,T EH N,1
N G,N D G,109
S IY,S HH IY,15
AA SH W,AA CH T W,2
AA SH W,AA Z W,8
AA SH W,AA CH W,7
AA SH W,AA S T W,3
DH IH S,DH AH S,3
S D AY V,S T OW V,1
P IY T S ER,P IH ER,1
ER IY AH Z AA,ER R AA,1
AA R K AH N V IY N Y AH N,AA T IH N,1
N T F,N F,2
 P UH T, B AH T,6
L AA K,L AE K,2
 D R, B R,1
R AA P F,R AO T F,1
S UW T IH N,S OW L AH N,1
S UW T IH N,S OW N,1
R IY S,R EY S,8
R IY S,R AE S,1
R IY S,R AA S,1
S IY W,S W,15
S IY W,S IH NG W,5
S IY W,S Y UW W,2
S IY W,S AY W,1
HH AH S K IY Y,HH AE Z Y,1
DH M AA K D,DH AH D,1
 AA HH AA, AA,1
AH L,AH B L,1
AH L,AH OW L,1
D AH V,D IH V,1
S IY AE,S AE,1
S T EH K N IH,S DH AH IH,1
K AH L,K OW L,2
K AH L,K L,2
K AH L,K AO L,2
AH V P,AH P,3
P Y UW T ER AA R,P IH R,2
R AH N,R AE N,1
M TH EY R,M DH EH R,5
UW CH AA R L,UW K AE L,1
L IY Z D ER T,L IH T,1
T IY D IH SH AH,T R AH,1
AH Z,AH CH,1
K AE L S,K EY S,1
K AE L S,K AA N S,1
S IY AH M M,S M,1
S IY AH M M,S OW M,1
EY K S,EY T S,1
IY V AA,IY AA,1
M AH N,M AA N,1
M AH N,M EH N,2
M AH N,M IH N,2
T AH K,T AA K,1
S ER AE M,S EH M,1
M IH K,M IY K,1
K M AA D AH,K OW L AH,1
AH L IH NG K,AH N K,1
L Z,L,16
Y IH R,Y UW,5
Y IH R,Y AO R,3
 D AE, DH AH AE,1
N S AH Z AO,N T IY AO,1
S AH NG,S AO NG,1
N V ER,N F ER,1
S AH Z,S T,1
S AH Z,S IH Z,3
S AH Z,S IY,2
IY AW AO,IY T AO,2
IY AW AO,IY L AO,3
T S M,T M,3
 K L IH F W, AY W,2
M AH S,M EH S,7
S AA ZH,S AH JH,7
L AO S,L AE S,6
L AO S,L AE S T S,1
S K,S T K,9
IY AE Z,IY Z,3
IY AE Z,IY IH Z,2
T IH N G,T AH G,2
T IH N G,T AH V G,1
T IH N G,T G,1
L IY R,L Y AO R R,1
L IY R,L AH R,3
L IY R,L R,30
L IY R,L DH AH R,5
L IY R,L AY R,3
L IY R,L D R,2
L IY R,L IH N R,1
L IY R,L IH R,1
IY HH AE Z,IY IH Z,1
F D AH,F DH AE T AH,1
AH N EH N,AH HH AE N,1
N IY TH IH NG F,N D F,1
F AO R W,F UH L W,1
 B IY IH, DH AH IH,1
D D AA,D T AA,1
N T AY D,N D,1
T AH F AY Y,T IY Y,1
K OW AH,K AH,1
AH N S AY,AH L AY,1
D AH D,D IH D,1
D N,D AA N,1
N IH R DH,N DH,1
 AH B, B,2
B IH G G OW T AY D L,B OY L,1
L IY AE,L AE,1
L D TH R UW,L T UW,1
S AH Z S,S T S,1
R EH NG K TH M ER AE,R AE,1
AE K Y AH,AE T AH,1
AH L AH,AH K AH,1
AH S L,AH L,1
L IY,L Z,1
L IY,L,1
N DH AH T W,N HH IH Z W,1
W EH L F,W AY F,1
F TH D,F D,1
W EH L,W IH L,6
V SH AH B,V EY B,1
IY IH Z,IY AE Z,1
D EH N,D AH N,1
D EH N,D IH D N,1
D AH S,D S,1
F L,F UH L,1
W UH L,W OW L,1
W UH L,W IH L,1
W UH L,W EH L,2
L D DH,L DH,2
R OW SH,R AH SH,1
R OW SH,R EH SH,2
SH UH R IH,SH ER IH,3
R AH P,R P,4
P R AH S,P ER S,3
AY ER,AY,2
N OY L IY R,N EH R,4
N OY L IY R,N OW R,1
N OY L IY R,N OW T R,1
N OY L IY R,N W AH N R,1
N OY L IY R,N OW IH NG R,1
N OY L IY R,N AH R,1
N OY L IY R,N AO R,1
N OY L IY R,N DH AH R,1
R AE G L,R L,4
R AE G L,R EH D L,4
R AE G L,R EY JH L,1
R AE G L,R AH K AH L,3
D IH K,D AH K,1
T S AH S,T S,1
W UH D JH,W IH CH JH,1
 B R, P R,1
R OY L AO R T,R AY ER T,1
L AH G,L G,1
G L,G AY L,1
G L,G AH L,1
L OW,L,1
L AA R,L AO R,1
 IH F K, K,2
 IH F K, AH V K,1
T AH M,T UW M,7
T AH M,T S M,1
T AH M,T,1
V HH ER ER,V ER,4
JH F,JH D F,6
 HH IH Z SH, DH AH SH,2
AA R K,AA K,1
K S UW T,K T,1
T IH N G R IY S IY W AA SH W AO T,T ER AH T AE T,1
T ER AO,T AO,3
T ER AO,T AH R AO,4
S K M IY T,S ER T,1
T UW K AE R IY AE N,T EY N,1
N OY L,N AO L,8
N OY L,N ER L,4
N OY L,N IH R L,2
N OY L,N AE L,4
N OY L,N AO R L,1
N OY L,N D AO L,3
N OY L,N OW N L,3
N OY L,N AH L,1
N OY L,N OW L,2
N OY L,N L,2
N OY L,N D W IH L,1
N OY L,N EY L,1
N OY L,N AA L,1
M W ER K,M K,1
K HH IY AH,K AH,1
L AW D F AO R AE Z M,L UW M,1
AH CH F,AH F,1
F L EH K S,F AH S,1
S AH B IH,S IH,1
L AH T,L IH T,1
N AE Z S,N AH N D S,1
S UW N AE Z W,S OW W,1
EH R IY T UW R,EH R,1
S B OW TH HH AE,S F UH L AE,1
AE V Z,AE Z,1
Z AA N,Z AH N,1
R IH L S IH R K AH,R EY SH AH,1
AH T S,AH S,1
L AA T,L AY T,1
T EH K S,T IH S,1
T R AH T,T EY T,1
T AY M,T,1
T AY M,T AH M,1
L AH,L DH AH,1
D AY M,D IH M,1
D AY M,D AA M,1
 B IH F, F,2
R TH ER Z D EY Z IH,R DH IH,1
R TH ER Z D EY Z IH,R DH AH IH,1
IH G Z AE,IH S AY AE,1
M R IY V Y,M T UW Y,1
UW EH V ER IY F,UW B IH F,1
R M Y AH L AH,R,1
AY AA D,AY W UH D D,1
AY AA D,AY AH D,4
AY AA D,AY AO D,1
D IH SH,D AY SH,1
 JH EH F TH, HH IY TH,2
 JH EH F TH, SH IY TH,1
R G Y UW D IH,R IH,1
R G Y UW D IH,R CH ER IH,1
N T R AH,N AH,1
AH F Y UW JH P,AH T P,1
K L IY N,K AE N,1
K L IY N,K W IH N,1
N Z SH EH L F IH SH F AO R AH,N S AH,1
L IH V IH,L IH,1
 D AA, AA,1
 D AA, JH AA,1
N T AE S K M,N M,1
N T AE S K M,N AY M,1
R AE G L AY K DH,R IH JH DH,1
R AE G L AY K DH,R EY JH DH,1
 Y UW T, HH IY T,1
 DH AH HH, HH,1
W IH DH L,W IY L,1
AY N Z T UW IY,AY V IY,1
S IH Z N AA T IH,S IH,1
AH N AA V,AH M UW V,1
V AH L T IY,V IY,1
F AY L,F L,1
F AY L,F AO L,1
F AY L,F AW L,1
L R IH L EY T,L AW ER DH AE T,1
IH D T,IH T,1
T UW M,T S M,1
T UW M,T AH M,1
AA D AH,AA R T AH,2
AA D AH,AA N T AH,1
AH T,AH S T,2
T S,T,3
AE L AH S AH Z,AE Z,2
N OW T,N AA T,6
 B AA B P, AH P,4
 B AA B P, P,2
ER D OW,ER OW,5
NG R,NG F R,1
R UW M,R AH M,1
M Y UH R,M AO R,3
 M IH D IY V AH, T EY B AH,1
 SH IY HH, Y UW HH,1
N G R,N K R,8
F L UW,F UW,1
UW S OW L,UW L,1
L AY T L,L IH SH L,1
M EH T AH F,M EY D F,1
 AA B JH EH K T S M, AY M,1
R B,R AH V B,1
 CH IY P S, DH AH S,1
Z R AH N,Z AA N,1
M TH EY,M DH EY,2
EY R,EY AA R,2
R W AO R N,R AA N,1
L IY Z,L Z,3
Z D ER T IY D,Z D,2
 K AE L S IY AH M M, AY M,1
D Y AO R D AA R K,D AH T AE K,1
D Y AO R D AA R K,D T UW T EY K,1
N G R IY S IY W,N Y AH W,1
 D AA N T, T,9
 D AA N T, DH AE T,1
T AE,T UW AE,9
T AE,T S AE,1
ER R,ER EH R,1
R IH M,R IY M,1
M EY N,M AE N,1
M EY N,M AY T N,1
M EY N,M AH N,1
N D AA,N AA,1
S AA R F AO R SH N,S AH V AH N,1
N UH K S,N AA T,1
 AH M, HH IY M,1
 AH M, AY M,2
 AH M, M,1
K Y AH L,K IH L,1
L ER AE,L AE,1
Z M,Z D M,6
AA R P AH T K,AA NG K,1
K L IY N ER,K ER ER,1
UW D AW ER AO,UW AO R AO,2
UW D AW ER AO,UW AA R AO,2
UW D AW ER AO,UW AO,1
G,G Z,1
L Y IH R,L HH ER,6
N T AE,N AE,1
K M,K T M,2
 DH AH EH, EH,1
OW HH AE V,OW EH V,1
V HH ER,V ER,1
JH F AO R AH M,JH D HH ER M,1
NG AE T T,NG AH V T,1
L IH V,L IY V,1
L IH V,L EH V,1
S EH D AE,S AE T AE,1
N AW DH AE T,N OW B AH T,1
IY N IH,IY T IH,1
 AW ER B, B,1
 V EY, F EY,1
 AH L, AO L,2
 AH L, AY L,1
L AW L IY W,L DH AH W,1
Z AO,Z D AO,2
G B AY Z,G IH Z,4
S N,S W IY N,1
S N,S AH N D N,1
K,K S,1
 B AE L, DH AH L,1
L EY Z W,L AE S T W,1
N AA P R AH F,N AW ER F,1
T AE L AH N,T AW N,1
N T B,N B,1
AY EH N,AY AE N,1
N IY K,N AH K,1
K AO,K W AO,2
R D ER,R T ER,2
ER OY OW,ER OW,1
W AO R AH B,W ER B,1
W AO R AH B,W AA Z B,1
K AE ZH M IH R S,K EY S S,1
K AE ZH M IH R S,K AH S,1
Z TH IH N,Z F AY N,1
Z TH IH N,Z DH EH N,1
 IH G W, AE K W,1
W AA N AH,W AH,1
AH Z AH N,AH T EY N,1
N D AE L AH,N Y AH,1
AH G EY T ER Z AA,AH AO R AA,1
IY HH AE D Y AO R D,IY D,1
S UW T IH,S EY V IH,1
S UW T IH,S IY D IH,1
S UW T IH,S OW IH,1
IH N G,IH NG G,2
IY R AE G L,IY AH L,1
IY R AE G L,IY AH N L,1
IY R AE G L,IY D L,1
 L AE B R, AO R,1
N AH W UH M,N AO R M,1
M AH N K EY M,M AE M,1
L AO NG K,L AH N K,1
IY IH NG AH,IY D AH,1
F OW L,F UH L,1
L D AH D AH M,L EH M,1
R EH L AH AE Z AH W AO K IH,R EY S IH,1
S T IH,S IH,1
 IH F DH AH, AH,1
 D IH S EH, DH AH M EH,1
B ER AH,B R AH,1
N D JH AE N Y UW EH R IY AA R,N AH AO R,1
AY S M,AY N M,1
R W UH D B,R B,1
 B AA, F AA,2
R B B,R B,5
Z IH N,Z AH N,8
Z IH N,Z AE N,1
N AH,N D AH,5
N AH,N DH AH,4
S AH S,S IH Z,1
UW IH N,UW AE N,1
IY ER Z,IY R Z,1
EY D Z HH AY,EY T T AY,2
EY D Z HH AY,EY T F AY,1
V DH,V D DH,3
L S,L D S,3
L AA AE,L AO AE,3
M ER AA ZH,M AO R AH L,2
AA D,AA R D,1
D IH SH AH,D AH T AH,1
AH N,AH,1
AH N,AH N D N,1
UW D IH,UW IH,2
JH AA N K,JH AH D K,1
N Z SH EH L F IH,N S IY IH,1
R AH L,R IH L,1
R AH L,R L,1
V IH NG,V AH N,1
R EH N D,R D,1
D ER AH N S,D AA R K,1
 IH F P, DH AH P,2
 IH F P, P,1
DH EH R W,DH OW W,1
ER N D P,ER P,2
ER N D P,ER IH NG T UW P,1
ER AH N D L,ER L,1
R IY S IY W,R EY W,9
 D IH V ER, DH AH F ER,1
S AH T,S T,1
T IY AH,T AH,1
V P,V DH AH AE P,1
P ER S,P AH R S,1
P SH AH,P AH,1
AY EH N IY K,AY DH AH K,1
AY EH N IY K,AY K,1
R D ER OY OW V ER,R AH N ER,1
R D ER OY OW V ER,R T IY ER,1
V W AO,V F AO,2
ER D AE T G,ER AH G,2
 IH G, G,2
 IH G, HH IY G,1
G W AA N AH Z AH,G Y UW AE D AH,1
G W AA N AH Z AH,G EH R AH,1
AH N D AE L,AH L,1
L AH G EY T,L IY T,1
L AH G EY T,L T,1
T ER Z AA,T AA,1
T ER Z AA,T S AA,1
R T R,R K R,1
P IH K AH L R,P T G OW R,1
N N,N D N,2
EY AA N,EY N,1
P EH K,P AE K,4
M IH Z,M AE Z,3
N HH AE L,N AH L,1
L AH W IY N,L AW IH NG,1
S IH N,S AH N,4
S IH N,S AA N,1
N DH,N D DH,2
IY AE N,IY AH N,8
IY AE N,IY N,1
IY AE N,IY IH N,15
IY AE N,IY IH NG OW N,1
IY AE N,IY AA N,1
AE G L,AE T L,5
T D IH S IH,T UW V IH,1
R UW IH,R OW IH,1
D EH K,D EY,1
K L IH D F,K AH F,1
R SH UH G ER B,R S AH B,1
B OW L,B AH L,1
B OW L,B AO L,2
Z JH AA R,Z G AO R,1
L IH D Z,L IY AH Z,1
Z OW M,Z F AO R M,1
M IH T IH,M AE N IH,1
IH S K,IH T,1
IH S K,IH Z K,2
DH AH K L AH,DH AH,1
AH M Z IY K,AH K,1
L D S AH M IH,L T AA N IH,1
T DH AH OW,T OW,1
 P L IY, W IY,1
IY Z D,IY D,2
M AY P AH T EY T,M ER EH T,1
T OW Z AH,T AH,1
T OW Z AH,T S AH,1
EY B AH T,EY AE T,1
R AY P,R IH P,1
P T,P AE T,1
K T HH,K HH,1
S IY AO,S AO,1
ER D SH,ER SH,1
AH EH M,AH AE M,1
M B L AH,M P AH,1
AH M D,AH L D,1
IY DH EH,IY B EH,1
N W AH T,N T,1
HH EH M,HH AE M,1
M S,M ER S,1
K N IY,K M IY,1
Z Y UW K,Z HH IY K,3
Z Y UW K,Z AY K,1
S P AH,S HH AH,1
M AH,M B AH,1
M AH,M DH AH,1
Z B IH,Z V IH,1
Z B IH,Z F IH,1
Z IY F IY T,Z AH T,1
T SH,T DH AH SH,1
UW M M,UW M,1
AH L Z,AH Z,1
M IH D,M IY D,1
IY V AH L S AH S AY AH,IY AA K R AH,1
AY R AA,AY AA,2
R K IY Z,R CH AH Z,2
S IY W AA SH W,S Y UW AE T W,1
S IY W AA SH W,S IH NG AE T W,1
AW Z IH T S,AW S S,1
F AW L,F AA L,1
L AO R F,L OW HH ER F,1
W IY K N,W IH T N,1
N L,N D L,2
 P OW, OW,1
OW CH DH,OW DH,1
S AH K,S K,1
K AW N T,K AA L AH M,1
R IY D,R EH D,3
D Z DH,D DH,3
 L AO R IH S K, K,1
 L AO R IH S K, AE Z K,1
M N IY D AH,M DH AH,1
AH D B,AH B,1
L AO R W,L ER W,1
L AO R W,L OW W,1
L AO R W,L AH W,2
T IH N G R,T AH R,1
R IY S IY,R AH Z HH IY,1
R IY S IY,R EY Z IY,2
NG ER AW,NG R AW,1
Z G L IY K,Z K,1
AH B AH,AH V IH S Y AH,1
AH N D K W AY ER L,AH L,1
L IY D ER AH,L AH R AH,1
D AE Z,D HH IH Z,1
 DH AH G AH, HH IY K AH,1
AH N M,AH M,1
N K EH P T HH IH Z,N S AH Z,1
T AH M K,T ER K,2
ER D AE,ER AE,1
 IH G W AA N, HH IY AE N,1
N AH Z AH N D AE L,N T AY S AO L,1
 P OW L T, F AO R T,1
T R IY R,T R,1
R IH Z AH,R AH,1
AH L T S,AH S,1
V IH R,V DH AH R,1
IH DH,IH DH DH,1
DH P,DH AH P,1
AE V B,AE D B,1
Y OW Y AH R,Y AO R,2
UW HH,UW D HH,2
W IH L,W EH L,7
W EH R AH Y,W ER Y,1
UW TH F EH,UW V EH,3
UW TH F,UW F,8
L AW T,L OW,1
L AW T,L AH P,2
W AO R AA,W ER AA,1
EY AH M,EY M,1
EY Z Y,EY K Y,1
R AH Y,R Y,2
R AW T AH,R AE JH AH,1
AH V F AE SH,AH T EY SH,1
TH F EH,TH V EH,2
F EH L,F IH L,5
R AE G,R IH G,1
 SH R, S K R,1
L IH P,L EH P,2
N D HH,N HH,1
N D HH,N IH NG HH,1
N DH AH,N AH,1
N DH AH,N T AH,1
N DH AH,N Z IY AH,1
L UW M AH N,L DH OW W EH N,1
N AH M,N IH M,1
N AH M,N M,1
N AH M,N HH IH M,1
S IH L V,S EH V,2
V ER W EH R,V IH R,1
V ER W EH R,V R,1
R K,R ER K,1
R K,R,1
R K,R AH K,1
 Y AH NG CH, CH,1
EH DH,EH L DH,1
DH ER P,DH AH P,1
F G AH,F DH AH,2
L AA SH,L AE SH,2
L AA SH,L AH SH,2
SH AH Z,SH IH Z,2
 P AE, HH AE,1
 P AE, AE,3
AE M G,AE V G,1
Z D R,Z T R,1
AY V IH,AY IH,1
AY Z D F,AY S F,1
K IH N D ER G AA,K AA,1
R T AH,R D AH,1
R L,R F L,1
R L,R AH L,1
L F OW,L P OW,4
K AO R IY AH N,K AW N,1
K AO R IY AH N,K AE N,1
N D T,N T,4
T R IH SH P,T ER P,1
T R IH SH P,T EH Z P,1
EY D T,EY T,1
AW M,AW AY M,4
AW M,AW Z M,1
OW S S,OW Z D S,1
ER EY T,ER AH,1
UW D AA N,UW N,1
N T IY T IH,N OW IH,1
F HH AH N IY,F,1
P OW AH,P AH L AH,1
EY G IY S,EY N JH,4
EY G IY S,EY K S,1
 B EH G DH, DH,4
D EY K S W,D EH G Z W,3
D EY K S W,D AE Z W,3
 P IY T S ER, Z ER,1
ER IY AH Z AA R K,ER K,1
N V IY N,N EH N,1
N Y AH N,N IH N,1
M D AA,M T UW AA,1
 L, AH L,1
N K,N D K,4
AW AH R,AW HH ER R,1
AY,AY F,5
R AO AO,R AO,1
AO L F,AO F,1
N IY AE K Y AH Z EY,N EY,1
N Z AE,N AE,1
R IY AH N,R N,2
N D T R IH,N IH,2
 AW ER K, K,1
K IY S EY L,K EH L,1
L Z M IH N,L S AH N,1
S B R,S P R,2
NG Z,NG IH Z,1
Z AH S T,Z T,1
D AH T,D IY T,1
D AH T,D IH T,1
T EY SH AH,T AH,1
V AA R T S,V AW ER S,1
N JH,N D JH,1
 AH CH, CH,1
N P,N D P,6
AO L L,AO L,2
L EY K,L,1
L EY K,L AY S,1
L IY EH S,L AH S,1
T ER Z,T S,1
T ER Z,T AO R Z,1
T ER Z,T AH M Z,1
T ER Z,T AH R Z,1
M ER CH,M AH R CH,1
Z IH NG,Z AH NG,1
NG EH N,NG IH N,1
N Z AY M P,N S IH N P,1
B EH G ER,B EY K ER,1
EY Z IH G Z AE M,EY S IY M,1
N Z SH,N SH,1
S IH Z IH,S IH,1
F S,F,1
T S F,T F,1
AH S T S L,AH L,1
ER AY Z,ER IY Z,2
ER AY Z,ER IH Z,1
IY D Z DH,IY CH T DH,4
R IH S K,R IY K,1
R IH S K,R AY Z K,1
M N IY D AH D,M HH EH D,1
M N IY D AH D,M M EY D,1
AY Y EH L,AY HH AH L,1
AY Y EH L,AY L,1
N HH AW EH,N AA T EH,1
D OW M,D AA M,1
N IH Z G,N AH S G,1
EY EH N,EY IH N,3
N D AH,N DH AH,1
N D AH,N T UW DH AH,1
AH D AH,AH AH,2
P L,P AH L,3
IY Z T,IY S T,1
T K L IY N,T T R EY N,1
ER Z SH,ER SH,1
ER AO L Y,ER AH Y,2
IY T UW K,IY DH AH K,2
IY T UW K,IY AY K,1
IY T UW K,IY K,1
IY G AE S JH,IY JH,1
EH T,EH S CH ER,1
V R IY,V ER IY,1
IY AA R,IY AO R,2
HH AW G UH D IH,HH AE V B IH,1
IH Z Y AO R,IH S AH R,1
R EH N D ER AH,R EY B IY AH,1
R EH N D ER AH,R AH,1
N S,N,1
 B AA R B B, AH B,1
K AE N,K AA N,2
K AE N,K AH N,1
N B IY AE N,N V AH N,2
N EH,N T EH,2
Y AE L SH,Y UW SH,1
AA P S M,AA Z M,1
G AH L,G AA L,2
G AH L,G L,2
R M R,R R,1
L IH S,L AH S,1
S T,S,1
S T,S AO L T,1
UW B AY,UW AY,1
AY AO L P,AY P,1
S M AH,S B AH,1
AE B D OW M AH,AE K SH AH,3
M IY,M IH NG,2
AY T S,AY K S,1
R IY AH N D T,R T,1
DH B IY,DH IY,1
CH B AO,CH F AO,1
ER JH ER,ER D ER,3
ER JH ER,ER S ER,1
T HH,T DH AH HH,1
DH EH N,DH AE T,1
DH EH N,DH AE N,2
R IH N,R AE N,1
N B IH L,N DH AH L,1
S UW DH D B,S AW TH B,1
S UW DH D B,S OW B,1
CH AH N T,CH T,2
AY M L IY,AY N IY,1
V AH,V DH AH,4
ER N M,ER M,1
T AH S,T S,1
 AA R, AO R,1
EY D Z HH,EY T HH,4
K OW L,K AA L,2
L S L AA AE,L ER AE,2
AY AE,AY HH AE,4
UW T IH,UW P IH,1
W AO T,W EY T,3
R IH SH,R AE SH,2
B IY CH B AO,B IH F AO,1
ER Z,ER,3
S AH L F,S AA F,1
F ER,F T ER,1
ER EH N,ER AH N,1
N IY F,N D F,1
AH G D,AH T D,1
P Y UW T,P IY T,5
L IY Z D ER T IY,L IY,1
Z AH N,Z IH N,4
Z AH N,Z N,1
N D T IY TH S,N DH AH S,1
W AO T ER AO,W EH R AO,1
L AY K DH,L IY DH,2
L AY K DH,L DH,4
P Y IY,P F IY,1
IY D R,IY R,1
R AY IH NG,R AH NG,1
NG OY,NG K OY,1
UW W AO R,UW AA R,1
T K,T AH N D K,1
SH OW D,SH UH D,1
R IH NG N,R N N,2
L IH Z AH,L AH V DH AH,1
L IH Z AH,L AH,1
IY HH AE,IY AE,1
R EH M B AH,R AE V AH,1
P IY S SH,P EH T SH,1
DH IH S S,DH AH S,1
 DH AH, AH,4
G AH N M AH N,G EH N,1
T G AH N P,T T AA M P,1
Z TH IH N ER,Z S AE D ER,1
N D AE L AH G EY T,N T,1
OW R IY M,OW M,1
 W IH D OW N AY, AY AY,1
AY S S,AY S,1
W EY EH N,W IH N,1
N D AH D AH B R AH P T,N T,1
T L,T ER L,1
R AE G L AY,R JH AY,2
AY K DH,AY DH,2
AY K DH,AY AH N S DH,1
F AA F AH N,F Y UW N,1
N AH M AH,N ER AH,1
AH K R UW L,AH L,1
V AE Z,V HH IH Z,1
S AE T,S EH T,3
S AE T,S EY T,1
AA N D AH,AA T AH,1
CH T DH,CH DH,2
 B EH G DH AE T G, AH G,1
 IH D R, AY R,2
 IH D R, AH B R,1
R AE DH,R EH D DH,1
R AE DH,R AH DH,1
DH ER N,DH AH N,1
S UW T,S AO T,1
S UW T,S IY T,3
S UW T,S EH T,6
S UW T,S UH T,5
S UW T,S T,2
SH W,SH T W,2
 F L AY, AY,1
AY Z S,AY S,1
W AO R M,W AE M,1
M D ER,M ER,1
L EH N,L AY N,1
N T AH L Z,N Z,1
AA P T,AA R K T,1
T TH IH K B,T DH AH B,1
P AH L S,P AE S,1
DH EH R P,DH AH P,1
W EH N R,W IH DH R,1
T D AY AH G,T G,1
AE M M,AE N D M,1
ER AO,ER K AO,1
IY T,IY,2
OW K B,OW T B,1
D AO R F,D HH ER F,1
S T N,S N,1
 IH T W, DH EH R W,1
AA D ER N,AA R T AH N,1
T HH AA,T AA,1
S AH M F,S OW F,1
F UW L W AA Z,F AH Z,1
 V Y UW, D UW,1
S IH N F AY V K AW N T,S AH M P UW T,1
T IY Z,T AY Z,1
 K AA M B AY, T UW F AY,1
N AO,N D AO,5
R EY G IY S,R AY K S,2
T G AA,T K AA,2
N G AE L,N K IH L,1
L AH N,L IH N,4
L AH N,L AE N,1
AH V G AE S,AH K EY S,1
N B IY OW,N DH AH OW,2
N B IY OW,N D DH AH OW,1
B AE R AH M EH T R IH K P,B AW N D ER P,1
L Y,L DH AH Y,1
L Y,L AH Y,1
D IY N,D EH N,1
N Z K,N K,1
T S AH,T AH,3
T S AH,T AH D AH,1
M M Y UH R AH L Z,M HH ER,1
 K UH D DH, DH,1
L AE N,L IH N,3
L AE N,L D IH N,1
M AE Z,M IH Z,1
M AE Z,M Z,1
M AE Z,M IY L Z,1
HH AY AE Z,HH IH Z,1
 W AY B, B,1
Z P R,Z F AO R,1
R AH M,R M,2
 AH, DH AH,3
SH AH N IH NG P,SH M IY P,1
UW IH N AE K T,UW IY T,1
G F,G D F,1
EH M B L,EH L,1
L AH M,L M,1
M D IH P,M T UW P,1
K T S DH,K DH,1
DH AH AH,DH AH,2
K R AA P,K EY P,1
P AH L,P L,1
K AE R,K AA R,1
K AE R,K AH R,1
K AE R,K EH R,1
AH L K,AH K,2
K AH M Z,K OW L Z,1
 HH IH Z SH OW L D ER F, AY S AA F,1
F EH L T,F T,1
OW IH F AO,OW AO,1
IY IH N B,IY AH B,1
B EH D,B AE D,1
S M IY,S R IY,1
HH EY AH,HH IY AH,1
S CH ER,S T ER,1
ER AA R DH,ER AH L DH,1
IY D,IY T,2
IH P IH K,IH T EH K,1
EY G,EY AH G,1
 B EY K S, AY S,1
ER AH N,ER IH N,1
N D JH,N JH,1
JH AE N Y UW EH R IY,JH ER IY,1
IY AA R N,IY AH N,1
TH S T,TH T,1
AE M IY,AE N D,1
 B AA R, F AO R,1
R B B ER,R P R IH F ER,1
N OY,N D OY,1
 F AE, DH AE,1
R UW F G AH L,R EH L,1
L AA SH AH Z AA,L IH T S AA,1
L AA SH AH Z AA,L EY T S AA,1
V Z D,V D,3
IY AE N OY L,IY AH T AA L,1
IY AE N OY L,IY IH T AO L,4
L IY R AE G L AY K DH,L ER AH N T DH,1
 N EH V ER HH, AO R HH,1
UW AO TH ER,UW AE F T ER,1
Z D DH,Z DH,2
 T UW F, F,2
 L AO, N AO,1
K AA S,K AO S,1
K AA S,K AH S,1
T UW M N,T IH NG N,1
AY Y EH L AO R,AY D IH R,1
ER IY OW,ER OW,1
S IH L IY,S IY,1
IY AY T AH M Z,IY Z,1
 G EH, Y EH,2
 G EH, JH EH,1
AA SH W AO,AA CH AO,1
AO T ER,AO R D ER,1
AH B,AH V B,1
B AW T IH T S AE,B OW L D AE,1
AE P L AH K AH,AE Z AE F AH,1
T IY T,T EH T,1
 DH IH S IH, HH IY IH,1
HH UW AO,HH AW AO,1
HH UW AO,HH IY AO,1
AO TH ER AY,AO T DH AH R AY,1
L AO R,L AH R,1
K G L,K L,1
K G L,K B L,1
AY Y EH,AY HH EH,1
W ER IY,W EH R IY,1
IY OW V,IY AH V,1
V ER S,V AH S,1
K W EH S,K AO R S,1
S CH AH N F,S F,1
R OW V,R V,1
V ER D,V AE N D,1
D W EH L,D AH L,1
DH EY G EY V W,DH AE T W,1
K L AH,K AH,1
AH M Z IY K AH S,AH N S,1
S T AH M,S UW M,1
ER S P IH,ER W IH,1
ER S P IH,ER Z F IH,3
L D S,L S,2
 IH D, HH AE D,1
 IH D, AY D,1
D R AY,D AY,1
AY D DH,AY DH,1
AY D DH,AY V DH,1
AY D DH,AY T DH,1
S AH B W,S EY M W,1
W EY B,W AY T B,1
T G R,T K R,1
R UW HH ER AH P,R AA P,1
P B R IH NG IH,P IH,1
R IY AE N,R AH N,1
DH AH TH IY M,DH AE T T AY M,1
P F R AH,P AH,1
AH M W,AH V W,1
V,V D,1
 HH IY S P OW, AE T B OW,1
OW K S UW DH IH NG L IY,OW G AH T AA,1
 HH IH ER Z, K EH R Z,1
Z W EH R,Z F AO R,1
L IH,L AE R IH,1
IH F,IH S F,1
F W AA,F AA,1
AA Z S UW DH,AA DH,1
DH D B AY DH AH L,DH ER L,1
AH N T,AH T,2
P AA R T,P OY N T,1
IY T S,IY Z,1
Z DH,Z D DH,1
V B AY R,V V IH R,1
R EY SH AH,R AH T AH,1
N D K AA,N HH AA,1
T AH L AH,T W AH,1
AH JH T,AH CH T,1
AY L R,AY ER R,2
M M Y UH R,M N IH R,1
R AH L Z,R,1
 M IH D IY V, N EY V,1
IY W AA SH W,IY HH AO R S W,1
IY W AA SH W,IY W,1
IY W AA SH W,IY AH Z W,1
IY DH IH,IY D IH,1
R OW AE,R AE,1
SH T,SH T T,1
AH N D F,AH V F,1
M IY N,M EH N,4
EY M TH,EY N TH,1
 D AE F N Z S, DH EH R DH AH S,1
 D AE F N Z S, DH AH S,2
SH N IY D AH,SH L IH T AH,2
T S K,T K,1
R F M,R M,4
R F M,R TH M,1
N Z S,N D S,4
N Z S,N IY S,3
D AA N,D AW N,1
M IY T UW K,M EY D AH K,1
M IY T UW K,M EY D DH AH K,1
L AY K DH AE T,L AA TH AH R,1
V EH N,V IH N,1
L AY T,L AE T,1
N T,N,1
N T,N EY T,1
N T,N D T,1
N AO T,N AA R T,1
N AO T,N D AE T,1
L AY,L AE F,1
R IH SH P,R UW TH P,1
T UW D,T UH D,1
D AH N T,D AE T,1
T S CH,T CH,1
Z AA R N,Z W ER N,1
R W IH,R IH,1
IH M Z IH K AH L,IH N T AY S,1
Z HH AE,Z AE,1
P IY P IH R,P Y AH T AE R,1
AH D,AH,1
R HH IY K,R DH AH K,1
K UH D T,K Y UW T,1
T EY K,T AH K,1
K AE T L,K AH L,1
L EH ZH ER,L Z,1
NG S P,NG P,1
P IH N,P EH N,1
P IH N,P AE N,2
AH CH N,AH T EH N,1
N AY T,N T,1
V SH AH B L,V S OW L,1
V SH AH B L,V S IH V IH L,1
V SH AH B L,V S AE D L,1
D IH Z,D EH Z,1
T S S,T S,2
W EH R K,W ER K,2
P R UW F G AH,P ER K AH,1
 P AE M G, AH N D G,1
 P AE M G, G,1
SH EH D D,SH IY D,1
AY AH V,AY V,1
V SH,V D SH,1
T S R UW M,T EH M,1
V AH T,V IH T,1
L UW M AH,L AH,1
AH N AH M,AH V HH IH M,1
S IH L V ER,S OW B ER,1
P AE M G,P AA G,1
N Z AA,N AA,1
N AE,N DH AE,1
N AE,N D AE,1
N D P,N P,2
 Y UW S, HH IY S,1
N IH T D,N AY D,1
 AA R Y AO R G, HH ER G,1
 AA R Y AO R G, L AY K AH G,1
 S ER V DH, SH UH R DH,1
AH OY L,AH OW L,2
L,L D,2
 DH AH OW EY S IH, HH IY W AA Z IH,1
IH S W,IH T W,1
 D AH, DH AH,1
AH Z S,AH S,2
M AE N,M EH N,2
N OW T AH,N AW AH,1
V AA K,V AO L K,1
IH D AA,IH T AA,1
 DH AH B AH NG G AH, IH F AY AH,1
L OW W,L AW W,1
L OW W,L ER W,1
CH N AY,CH L AY,1
S AH,S DH AH,1
S AH,S T AH,1
SH AH B,SH IH B,1
SH AH B,SH AE B,1
SH OW N W,SH IY W,1
D AH N,D IH N,1
N D B R,N G R,1
IY DH D F,IY F F,1
W AO R M F L,W AH N P L,1
L IY S,L EY S,4
 R AE L F K, W IY K,2
T AA P W,T W,1
AA CH F R AH M DH AH B L IY CH ER,AA T ER,1
 DH IH, HH IH,1
IH S B,IH Z B,1
R OW SH UH R IH,R AH DH ER IH,1
V B AY,V F AY,2
OW L Z,OW Z,1
AY Z L,AY L,1
IY AY Z,IY IH Z,1
M AW N,M AE N,1
N T IH,N IH,2
D AH R,D R,1
R D ER OY,R T AH V R OY,1
S T IY V,S EY V,1
AH G AH N M,AH JH ER M,3
 IH G W AA N AH, DH AH,1
AH Z AH N D AE L,AH K W EY L,1
AH Z AH N D AE L,AH M AA L,1
L AH G EY T ER Z,L Z,1
D AA N T AE S K M,D AH Z M,1
M IY T UW K AE R IY AE N,M AH D IH S AH N,1
Z AA IH,Z AE N IH,1
 AE, DH AE,1
Z AH,Z DH AH,2
W AY T L,W IH DH L,1
L EH DH,L AE DH,1
P AA N,P AH N,1
N D AH N,N IH N,1
N D S,N S,3
S K EH CH T DH,S IY DH,1
 B, DH EY B,1
EH G DH AE T G,EH G,1
G AA R D,G D,1
 HH ER R, P R,1
 HH ER R, R,1
AY T HH,AY D HH,1
AE N D,AE D,1
ZH AH N,ZH AA N,1
 B R IH JH, JH,1
AH Z T,AH S T T,1
K AH T B,K Y UW B,1
B AE K S N,B AH AH N D N,1
HH EH N,HH AE N,2
L EH JH ER,L EY T ER,1
UW W ER IH,UW IH,1
IY W,IY Y UW W,1
IY W,IY AH W,1
V D AA,V AA,1
L AO R IH S,L OW AH S,1
Z T UW P,Z P,1
F ER M,F AO R M,1
N T AH D B,N IY B,1
Y AH L ER AE,Y UH R AE,1
DH IH S D,DH AH D,2
Z SH AE,Z CH AE,1
P UW D,P D,2
D AW ER AO R,D AH R,2
R IY EH N T AH L R,R R,2
T AH N,T IH N,1
N D DH,N DH,3
B AY AA,B EY AA,1
K AA L,K EH L,1
K AA L,K AO L,1
AH P T,AH T,1
T EH JH IH,T AH N IH,1
B AH NG G,B ER G,1
B AH NG G,B AA N G,1
IH G G,IH G,1
G OW T AY,G AY,1
 IY T IH, IH,1
IH NG S,IH N S,1
N AH CH N,N IH SH N,1
SH AH B L,SH IH P L,1
S UW T IH N G,S OW G,2
T AE S K M,T M,1
M AH G,M G,1
W AH T F,W IH DH F,1
D W AA Z S,D R IY S,1
 D IH D Y UW B, S OW B,1
K AO R,K AA R,1
K AO R,K OW R,1
D ER OY OW V,D R IH V,1
ER AO L Z,ER Z,1
G AH N,G EH N,1
T F AO R TH,T TH,1
N ER DH,N AH V DH,1
DH AE N AY,DH AH AY,1
 IH, B IH,1
 IH, W IH,1
G W AA N,G AE N,1
N AH Z,N AE Z,1
N D AE,N AE,1
AE L AH,AE V AH,1
ER Z AA R T,ER T UW T,1
M Z S,M S,1
Z D UW,Z N UW,1
N OY L IY R AE G L,N HH ER HH ER D L,1
N OY L IY R AE G L,N AH L,1
N OY L IY R AE G L,N AH DH ER L,1
OW L ER AE,OW AO R AE,1
IY Z K,IY K,1
AH D AO R D R,AH T ER G R,1
AW T,AW N D,1
AW T,AW T T,1
IY AH N,IY AO N,1
IY AH N,IY IH N,1
IY S K,IY K,1
K AW ER IH NG P AW D ER Z,K AA N T UH R Z,1
AW AO L S,AW S,1
AA S F EY T S,AA L IY Z,1
K AA N,K AH N,1
N T R EH R IY T UW N,N K ER D N,1
S AA R AH,S AH,1
N IY V AH,N EY B AH,2
AH N L,AH L,2
L IY D,L D,2
 AH L AW L, OW N L,1
EY HH,EY T HH,1
Z AO L EH R ER,Z AW ER,1
S IH N AH G AO G M,S AE NG ER M,1
 G R EH G B AY Z F, AH F,1
L K IY CH,L CH,1
W IY K D,W AY D,1
W IY K D,W IH DH D,1
D EY M AO R N,D AH N,1
K S N,K AH N,1
K S N,K T N,1
N AH G L,N D L,1
L EH K T DH AH P UW R,L EY B ER,1
M AH V DH IY Z S,M S,1
 D UW, T UW,1
T S T,T T UW T,1
N AE M B Y AH L,N L,1
L AH N S,L EH T S,1
F AO R,F R,3
R M,R AH M M,3
Z P R AH,Z AH,1
AH M OW T,AH B AW T,1
L IH NG,L,1
IH Z T,IH S T T,1
D AE N EH R,D AH T R,1
IY AH DH,IY DH,1
F AY L R,F AO R,1
R IH L,R L,1
L EY T IH,L EH D IH,1
AY AA D AH T S,AY L Z,1
N HH AY R AA R K IY Z,N DH AH P AW ER,1
L IH D,L EH D,1
 B AE, DH AE,1
AE S K AH T,AE T,1
IY AH V,IY HH AE V,1
AH L L,AH L,1
L EH D W,L W,1
M IY T AA,M EY D AA,1
IY IH N,IY AH N,5
F D AE N S AH,F T AH,1
S IH,S EY IH,2
S IH,S IY IH,1
 M AA M S, S,2
W AA SH W AO T,W EY EY T,1
R AE G L AY K DH AE T,R IH T EY T,1
R AE G L AY K DH AE T,R EY S IY AH,1
 DH AH P, P,1
N T AH,N AH,2
AH F IH,AH V IH,1
N S K,N K,1
K UW L D IH,K AH N S IH,1
IH S EH G R AH G EY,IH D ER EY,1
N CH IY T AH,N DH AH,1
L D,L D D,1
R AE T,R IH T,1
D L AE N,D AH N,1
S K L,S P L,1
R IY IH N,R AE N,1
R S S,R S,1
S IY M,S AE M,1
K OY L AH,K AH P AH,1
AH V K L,AH L,1
L EY,L,1
ER EY JH M,ER AH M,1
 DH AH K, K,1
 DH AH K, HH IY K,1
S AH N D S,S S,1
AO T ER AO,AO R F EH R AO,1
AH L EH N,AH V IH N,1
R AH P IY,R IY,1
IY,IY G,1
 DH AH K L IH, R IH,1
IH R L,IH L,1
AH F AY AH B AH L EH N,AH T OW N,1
M IY K AH,M AH,1
T IH N Y UW D AA N AE Z IH F N,T N,1
 K AA M P, P,1
P ER AH,P EH R AH,1
R EH N D Z,R IH M Z,1
K AE N B,K UH D B,1
N R IY K,N AH L K,2
K W AY ER Z,K AA R Z,1
P ER EH N,P R IY N,1
T AH L AH P R UW V AH,T AH,1
 IH T S HH, HH,1
 IH T S HH, AH HH,1
B AA G G,B AO L G,1
N AO T AH,N D AA D AH B AH,1
AH M,AH L,1
AE F D,AE S T D,1
AE P AH T,AE K T,1
T AY Z ER Z,T AH D,1
T AY Z ER Z,T AH S AH R Z,1
OW T AH,OW N AH,1
L UH R F,L ER T F,1
T IH R,T EH R,1
T IH R,T AY R,1
T IH R,T OW R,1
R Y EH T,R IH T,1
T R EY S IY,T IY,1
 HH AY, AY,1
W EY AH N,W AA Z IH N,1
N D F R IY W,N DH AH W,1
IY D IH,IY T IH,1
S K AA,S AA,2
S K AA,S G AA,1
IH G HH,IH D HH,1
L K L AO,L F AO,1
AO TH S,AO L Z,1
R W,R AH W,2
M F L,M P L,4
M F L,M L,1
S IY W UH L,S L,1
N OW V,N AH V,1
V ER AO L Z,V AH R Z,1
K AH N T R,K UH D TH R,1
OW L D DH,OW DH,1
AH B L,AH P L,1
AH B L,AH L,1
L IY CH ER,L EY K ER,1
S B R OW SH UH,S K Y UH,1
R IH Z P,R IY AH S P,1
P AA R,P R,1
R T,R AH T,1
T IH K,T EH K,1
T IH K,T,1
K Y AH L ER L IY IH,K T IH,1
IH N F,IH NG F,1
IH N F,IH NG DH AH F,1
M AH T IH V F,M D F,1
T AH D,T UW D,1
EY L B,EY AO R B,1
P AW T AH D,P EH R D,1
AA T IH,AA N IH,1
D DH AH S,D S,1
N W,N D W,2
K AA F,K AH N F,1
K OW L S L,K AE D W AO L,1
L AA AE F T ER,L AH D ER,1
ER AY AE D DH AH OY L,ER AA R AO L,1
AH OW EY S IH S,AH AE S,2
 IH N, AH N,1
W EY Z,W AA Z,1
N D IH D DH,N AH V DH,1
 IH T W UH D, HH IY HH AE D,1
L AA S,L AE S,1
S AH L SH,S SH,1
EY M,EY AY M,1
D AE F N Z S,D AA R M AH S,1
S W IY,S T IY,1
IY D IH SH N,IY T AH R N,1
IY D IH SH N,IY T AH S T N,1
M AE CH,M AH CH,1
CH T HH,CH HH,2
G L AY K DH,G W AH N DH,1
IY N G,IY IH NG G,1
OW S T L,OW Z L,1
K R AY F AH L M AH,K W AA SH IH NG T AH,1
 AE N, AH N,1
N AA K T,N D AH T,1
T IH L Y AH,T EH N D AH,1
N AE T,N T,1
M Z N AW L,M AA L,1
L EH T AH S S IY W EH R DH,L IH SH ER DH,1
L OW P,L AO G,1
L OW P,L,1
F AA G P,F AY ER P,1
M AE CH T HH ER,M AA Z TH ER,1
K T AA,K AA,1
AH HH AH B,AH ER B,1
S K W,S W,1
IY K T,IY T,1
ER Z HH,ER HH,1
R AH V M,R M,1
N D F,N F,1
L ER D,L D,3
R EY AA N,R AW N,3
V P AH,V DH AH,1
T OW Z,T S,1
HH AE L,HH AW OW N L,1
L AH W IY,L IY,1
IY N,IY,1
DH EY OW N,DH EH N,1
L IY R AE G L AY,L ER D AY,1
IH T S,IH P S,1
 JH AA, K AA,1
S EH M,S IH M,1
L D IH,L IH,1
N B OW L AH,N T UW AH,1
AH V B,AH B,1
B AH T,B EH T,1
OW L D,OW D,1
 P IY T, V IH K T,1
 P IY T, T,2
 P IY T, IH T,1
T S ER,T ER,1
IY AH Z,IY Z,4
G ER AA ZH,G R EY D,1
 D R AA P F AY V F, F,1
R D R OW B,R JH AA B,1
N F AA,N P R AA,1
S F EY T,S T AH T,1
T B IH L D ER Z,T UW T S,1
P AE T,P EH T,1
T S IY,T,1
K AO R D ER,K ER,1
ER OY K,ER EH K,1
K OW T,K T,1
 Y UW W, HH IY W,1
Z B AH L,Z F AO L,1
L JH D D,L D,1
 F OW L D IH, B AH T IH,1
AH N D S,AH S,1
 DH AH M IH, HH IY IH,1
W OW T,W AY T,1
W IH DH K,W AA Z K,1
L P G,L TH G,1
UW P IH K,UW T EY K,1
K AH P EH,K IH F EH,1
K AH V P,K T P,1
 SH IY, HH IY,2
S AH P EH,S HH ER EH,1
D AH N N,D T UW N,1
Z IY,Z AH L IY,1
T W AA Z,T AH Z,2
 HH EH L P G, AE T G,1
W AA SH W,W IH DH W,5
P AE R,P EH R,1
OW D JH UW AH L,OW T IH L,1
ER S,ER Z S,1
ER S,ER W AA Z S,1
T OW V,T AH V,1
V ER L,V R EH L,1
L UH K,L IH K,1
K T DH,K DH,1
AH OW SH AH N,AH HH AW S,1
L IY Z D,L EY S D,1
IH G M AY P AH,IH JH AH T AH,1
T EY T,T AE T,1
T EY T,T AH T,2
T OW Z AH P B,T B,1
 IH D R AY D DH, DH,1
IY HH AE D,IY AH D,1
D Y AO,D AO,1
D Y AO,D T UW T AO,1
R D,R D D,1
N OY L IY,N AA R M IY,2
ER IH N,ER AH N,1
EY T,EY D IY AH N T,1
T IH NG AE,T AE,1
EY T AH,EY D AH,1
D DH IH,D HH IH,1
IH S,IH Z,1
ER AA R,ER AO R,1
NG D UW AA N,NG B OW N,1
AH S P AY D ER W,AH W,1
W EH B G,W EY G,1
W EH B G,W ER G,1
N D IH,N IH,1
IH NG Z R,IH N T UW R,1
IY Z D ER,IY S T ER,1
ER T IY,ER D IY,1
S IY AH,S AH,1
AH M M,AH M,1
M EY K S B,M AH T B,1
IY TH S,IY CH S,1
IY TH S,IY S,1
 D AA N T AE, AE,3
AE S K M,AE Z M,1
L AY F T,L AA T T,1
EH N AH N,EH N,1
N T Y UW D,N D,1
D IH D,D AH D,2
D AH K T AH,D AH,1
L D IH P,L T UW AH P,1
D D IH P,D DH AH P,1
IY SH AH N,IY S,1
EH T IH NG DH AH,EH N ER AH,1
AH B AA S R,AH L R,1
ER IY Z,ER D Z,1
ER AA R B,ER B,1
ER AA R B,ER AH V B,1
ER AA R B,ER AH B,1
B Y UW T,B AH T,1
T AH F AH L,T,1
AY D ER W,AY T AH V W,1
IH NG Z R AH N,IH N,1
N DH AH F,N EH T F,1
D AA N T D,D UW D,1
 K AE L S, S,1
ER W AA Z,ER IH Z,1
D T UW AE S K K,D D EH TH K,1
AY Z OW N,AY D AA N,1
AA G G,AA G,3
G EH T S V,G IH Z V,2
L AE F,L EH F,1
F D AE,F T AE,1
S AH N,S EH N,1
NG IH F F,NG AH F,2
D AH,D DH AH,1
D IH N,D AE N,1
D IH N,D AH N,2
D IH N,D N,1
EH S DH,EH T DH,1
V AH N,V IH N,1
V AH N,V AE N,1
D F AH M IH L,D L,1
L Y ER,L EY T ER,1
L D D,L D,1
R M AH,R AH,1
R M AH,R IY AH,1
T AO R,T OW R,1
S AA R,S R,1
R AW T AH V F AE SH,R EY D IY EY SH,1
DH IH S Y,DH AH Y,1
 DH AH T, T,1
ER Z T,ER T,1
T D AY,T AY,1
AY AH G R,AY R,1
R AE M M,R IH M,1
EY K S S EH N,EY N,1
N S OW,N Z OW,1
R AH JH,R JH,1
 K AA M B, B,1
B AY N AO,B AH T AO,1
G AE L AH N,G AW N,1
Z DH AE N,Z AH N,2
N B,N D B,1
N B,N T IH D B,1
UW T IH N,UW N AH N,1
IY AE N OY L IY R,IY AH AO R,3
W EH R OW,W ER OW,1
Z IH N D,Z AH D,1
IY D B,IY P B,1
B ER EH,B R EH,1
EH F T,EH TH,1
W EH R W,W ER W,1
ER Y,ER IY D Y,1
 M IH D IY, B AH T IY,1
D AA R K S,D UW S,2
D AA R K S,D AO G S,1
IY R AE G,IY G,1
T IY N,T EY N,1
N IY EH,N IH NG EH,1
UW IH,UW HH IH,1
IH T S R,IH Z R,1
R Z IH,R IH,1
F B AY ER TH L,F F EH R L,1
AE T,AE S T,1
AE T,AE N T,1
AE T,AE M,1
AW AO,AW T AO,1
L IH F W AA Z S,L AE P AH S,1
S UW DH D B AY DH AH L AH G ZH ER,S W EY JH ER,1
ER IY AH S M,ER Z M,1
M L IY IH,M IH,1
N M EY ER N,N B IH R N,1
N M AO R,N AA R,1
R M AH N,R D OW N,1
N IY B,N B,1
K AA M,K AH M,2
 W IY, HH IY,1
Z R,Z AH R,1
DH AH AY R,DH AE T R,1
R AA N,R AH N,1
R AA N,R AH S AH N,1
IH K F,IH NG F,1
R UW T AH,R EH D AH,1
AH V AH,AH B AH,1
AH D IY P L,AH L,1
L IY M,L M,1
AE D AH,AE T AH,1
AH D T,AH T,1
R IY M Z,R EY N Z,1
M Z AH,M AH,1
N D K W AO R T,N EY T,1
T ER Z AE T,T S IH T,1
L G EY T,L D IH T,1
 D IH D Y, DH AE T Y,1
ER OY OW V ER AO,ER AY F AO R AO,1
S W EH T,S EY T,1
T ER,T,1
ER D AE T,ER T,1
T G,T UW G,1
Z TH IH N ER DH,Z DH EH R DH,1
AA N AH,AA T AH,1
AH G EY T,AH AE T,1
W AO R DH,W ER DH,1
IY AO,IY F AO,1
AO T S T,AO R T,1
T OW AH,T AH,1
S IH Z AH M,S,1
DH D,DH,1
Y UW AA R,Y AO R,1
T M OW,T L OW,1
 AA R Y, Y,2
ER AO R,ER AA R,1
OW ER DH,OW DH,1
DH AE N N AE,DH AH D AE,1
AH OW EY S,AH AY S,1
S IH S,S AH S,1
EY T DH,EY DH,1
M IY T SH,M EY D SH,1
P AO R,P UW R,1
 OW L D P, P,1
K AE L,K L,1
L S IY AH M M,L AY M,1
M EY K S,M AH T S,1
 D AA N T AE S K M IY T, T,1
S HH AE Z,S IH Z,1
L AY N Z,L AE D Z,1
AH ER AY,AH R AY,1
T N ER,T,1
T S ER IY,T R IY,2
K L AH N CH,K M AA R CH,1
 D R AA, G AA,1
AA P F,AA T F,1
AY V F AO R,AY ER AA R,1
 HH ER W, AH W,1
 HH ER W, F AO R W,1
W AO R D R OW B K,W EY V K,1
 EH L D ER L IY P, P,1
AO R D AA R K,AO K,1
N AH S,N IH S,1
ER AH S T,ER D Z T,1
P AH D JH,P R AA JH,1
JH AE K,JH EH K,1
K AE,K T AE,1
AE S AH,AE Z AH,1
N D M,N M,1
AH AO T,AH AA R T,1
L AE N AE,L IH T AE,1
S F AO R AH M,S M,1
Z HH AY AE Z Y,Z AO R Y,1
AY OY L,AY AO L,1
 P L AE N, AH N,1
ER TH K,ER D K,1
ER TH K,ER S T K,1
B AO R IH NG N,B OY N,1
AH S,AH S T S,1
T V,T S V,1
 AO R, AA R,1
N HH,N D HH,1
L AH V Z,L OW Z,1
AY Y EH L AO,AY AH W AO,1
R W ER IY,R IY,1
IY OW V ER,IY ER,1
EH R R,EH R,1
Z AH L T S AH S,Z AE Z AY S,1
IY D F,IY F,1
L Z DH,L DH,1
L Z DH,L D DH,1
L AH D AY M F,L IH N F,1
EH G ER,EH T ER,1
EY Z IH,EY IH,1
T Y UW AA,T SH IY AA,1
R G Y UW D,R D,1
N F EY V,N AH V,1
V ER AH,V OY R AH,1
L IY N D,L EY M D,1
D SH EH,D S EH,1
 AH P AO, F AO,1
R T AH B AH L IH,R IH,1
ER IH Z,ER AE Z,1
AH D V,AH V,1
V AY Z,V IH Z,1
L AY M,L AE M,1
M AH T S,M P S,1
K AH,K Y AH,1
L D HH ER,L ER,1
ER TH AY,ER AY,1
Z IH K S P L AO R IH,Z IH,1
K AA M B AY N,K AH N,1
OW L,OW T,1
 R AA B S, S,1
T B AY DH AH,T AH,1
AH P AA N,AH N,1
N D AH N D S K EH CH T,N IH Z IH T,1
 IH D R AE DH ER N, N,1
N AA T B,N OW B,1
B AY DH IY,B AA D IY,1
IY Z SH UW Z,IY S IY Z,1
 HH ER R AY T, T,1
T HH AE,T AE,1
AE N D EY K S W EH N,AE N,1
N EH V ER,N ER,1
L IY IY Z IY,L IY,1
DH EH R AA,DH AE T AA,1
S N IH,S IH,1
IH M F,IH N F,1
F OW M,F AO R M,1
N IY AE K S,N T S,1
AY S,AY Z S,1
AY S,AY Z,1
AW L IY W,AW M AY W,2
 G R, R,1
R EH G B AY Z F,R IH F,1
M IH L K,M AY K,1
K IY CH W,K W,1
T B AE,T F AE,1
K S,K T S,1
K S,K AH S,1
 V EY P ER P, DH AH P,1
R EH SH ER,R AA P ER,1
IY R IH L,IY W UH D L,1
IY F,IY V,1
 B AH T W, F AO R W,1
ER AO R L,ER L,1
ER DH AE N,ER D AH N,1
 P R AA JH EH K T, B OY T,1
T D IH V EH L,T L,1
L AH P M AH,L AH,1
OW L S,OW S,1
S L,S T L,1
ER AY AE D,ER AH N D,1
IH N G R,IH NG R,1
SH W AO T,SH AE T,2
T D AH,T DH AH,1
EY Z R,EY S R,1
S K Y AH L ER AE,S T G IH V AE,1
L AO TH T,L OW S T,1
N ER Z F,N AH S T F,1
K AA R,K AO R,2
R P AH,R AH,1
AH T K,AH K,1
K L,K AH L,1
L IY N ER Z,L IH Z,1
D IH N M,D AE T M,1
D IH N M,D DH AH M,1
AY AE M IY,AY EH N D,1
ER N,ER IH N,1
ER N,ER AH N,1
T OW L,T AH L,1
T OW L,T IH L,1
IY P S,IY F S,1
K AE L S IY AH M M,K AA Z M,1
N Z AH N,N IH N,1
N OY L IY R AE,N AE,1
L AY K DH AE,L AE,1
T,T AH,1
EY Z N,EY S IH N,1
N AY AH,N DH AH,1
 B AH T DH, DH,1
T OW L AH D,T UH D,1
D AY M F,D F,1
R TH,R AH TH,1
ER Z D,ER D D,1
 JH EH F TH AO T Y UW AA, D IH P AA,1
V AH S,V S,1
L IY N,L AE N,1
SH EH L,SH AE L,1
D AW T T,D AE Z T,1
Z D IH G M,Z T EY K M,1
ER AW T G,ER G,1
AH T OY L,AH L,1
IY T DH AH,IY V AH,1
AH IH N,AH N,1
AY ER S,AY D S,1
 F AH, DH AH,1
F AH S OW L,F AA R AO L,1
L D M,L M,1
IY V AO,IY K AO,1
L B,L D B,1
AA SH W AO T,AA CH AA R T,1
AH M Z,AH N S,1
N D R,N R,1
S M IY AW AO L W EY Z HH ER,S B OW AH S T ER,1
ER T S M,ER Z M,1
L IH F W,L AA K W,1
 IY, HH IY,2
IY CH AH,IY AH,1
N M,N D M,1
 IH F D, DH AH D,1
Z W ER AH,Z HH UW AA R AH,1
Z DH AE,Z AE,1
P F AY,P T B AY,1
AY V F,AY F,1
AY V F,AY ER F,1
AO R D R,AO R,1
R OW B K AH,R AH,1
N S IH S T,N T,1
L Y IH,L D IH,1
 DH EH R Z S, HH IY S,1
 L EH T, B AH T,1
T AH S D,T AE Z D,1
JH UW N,JH EY N,1
N Y ER D,N D,1
TH F EH R,TH IH R,1
SH IY HH AE D,SH EH D,1
AH B S T AH,AH CH AH,1
AH N S,AH K EY S,1
S AH Z AO,S AO,1
AO L K,AO R K,1
S T AH,S CH AH,1
AH L AY N,AH N,1
S AA L,S AO L,1
L AH D S T EY T,L T,1
T M AH,T AH,1
 TH ER OW L IY W AY Z, DH EH R IH Z,1
Z D AH P,Z DH AE T,1
R AA D,R AY D,1
 K L IH F W AA Z S, S,1
IY CH AH N,IY AE N,1
M L IY IH N K,M AH K,1
K AH M L AO S,K AE S,1
S K OW AH,S AH,1
AH N S AY D AH,AH R Z AH,1
AH D W IH DH DH,AH V DH,1
V AH HH IY,V IY,1
M EY ER N M AO R,M AE R,1
AH N IY B,AH M B,1
 Y AH NG S T ER Z L, L,1
 W AH N K, AY K,1
AY AH V R IH L,AY ER L,1
F D,F T D,2
D AA N T AE,D AE D AE,1
EY OW N AH,EY G EH T AH,1
 OW V AH, AH,1
AH L F,AH F,1
M Z IY K,M P S K,1
L IY Z D IH G M AY P AH,L EY S AH L EH V AH,1
NG IH N,NG AH N,1
 IH T M, HH IY M,1
B ER IH,B AW R IH,1
JH S,JH D S,1
AH L OW W,AH W,1
B L IY,B IY,1
CH AE S,CH EH S,1
AH T IY AA N,AH V DH AH AH N,1
 CH UW Z K, SH IY K,1
AA N K,AA T K,1
R F R,R K R,1
HH EY V,HH AE V,1
R UW HH,R OW HH,1
G B AY,G V AY,1
AY Z F,AY S F,1
K K AH T B AE,K F AE,1
IY D G,IY G,1
B EH G DH,B IY DH,1
L N AH T,L DH AE T,1
V IY Y,V IH NG Y,1
 P AA M, M,1
M OY L,M AE L,1
R AH T EH K,R AE K,1
T S DH AH,T AH,1
S ER F AH S AH Z,S IH Z,1
S AW N D AH D AE,S AE T AE,1
 HH IH Z, AE Z,1
Z IH L EH K SH AH,Z AH,1
AH N AA,AH W AA,1
AA N,AA CH IH N,1
IY S,IY IH Z S,1
M R IY V,M V,1
M Y AH L AH,M,1
 DH EY EH, HH IY EH,1
OY IH T W,OY D W,1
K L IY N Z SH EH,K EY M S EH,1
SH F AO,SH AO,1
 AO SH, OW SH,1
 AH P, HH ER P,1
N DH AE T B,N AH B,1
T IH S,T AH S,1
DH EH M N,DH AH N,1
EY D AE Z,EY HH IH Z,1
S DH AH,S AH,1
P AH P,P Y UW P,1
AH T S D IH L,AH L,1
L AY T DH,L DH,1
D AA R D,D AW ER D,1
L ER D DH,L DH,1
DH K R,DH G R,1
N Z,N D Z,1
HH EH L P G,HH AW G,1
R EH G T,R EY T T,1
AH P,AH P P,1
K AH V P AH,K DH AH,1
 M IY T, L EH T,1
T S DH,T DH,1
L OW ER DH,L AO R D DH,1
L AA AE F T,L EY T,1
AH OW EY S IH S W,AH AE L AY Z W,1
DH AE T N OY Z P,DH AH P,1
 S AH L, L,1
L EH K,L AY K,1
AH D B IH B L,AH L,1
L IY AA G,L EH G,1
IY Z AH,IY AH,1
Z IH L,Z AH L,1
K AO L,K OW L,1
Y AO R AA,Y ER AA,1
 W AY B AY OY, IH F OY,1
L W EH N,L AH N,1
N Y,N D Y,1
S M AY N,S IH N,1
T B ER,T F ER,1
S L IY,S W IY,1
NG P IH L,NG F EH L,1
CH D AW N,CH AA N,1
UW S AA L,UW AO L,1
L V EH,L EH,1
L IY R AE G L,L HH ER L,1
 N OW R, R,1
T S OW EH V ER,T DH AH L AA M AH,1
AW L IY,AW M IY,1
DH AH N,DH EH N,1
N IH R,N DH EH R,1
N IH R,N ER,1
R AH S T S,R AA R S,1
L K,L K K,1
IY CH W,IY W,1
W IY K D EY M,W DH AH M,1
N AE M OW,N AH,1
M T,M D T,1
S ER IY,S EH R IY,1
Z AA R,Z AO R,1
R M Z IH,R W ER D IH,1
W AO R D,W ER D,1
R OW B K AH N S IH S,R UW S,1
UW T L,UW TH L,1
M ER S,M AO R S,1
AH V Y UW P,AH P,1
IH V EH N,IH F AE N,1
N T S AH,N AH,1
AE N T AH,AE M P AH,1
D F R,D T R,1
R IY W EY M IY N DH,R EH D IH NG DH,1
R AE G L AY K DH AE,R EY N HH AE,1
T T UW D,T AH V D,1
N HH AE,N AE,1
Z B IH N L AO S,Z M OW S,1
 DH AH B AH NG, AE NG,1
R Y UW L,R L,1
N AH CH N AY T L,N IH SH M IH L,1
L IY IH N,L AH N,1
N K R IY,N IY,1
IY S AH Z,IY Z,1
 HH IY S, S,1
Z AH M Y UW T AH N,Z IH N,1
AY ER Z,AY R Z,1
P AH T,P EH T,1
P AE K AA,P UH T AA,1
R AA K,R UH K,1
L IY AH,L AH,1
N D K AA L AH,N AH,1
AH F L AW,AH V AW,1
R D IH V AY,R DH AH F AY,1
AY S K,AY T K,1
W AE K ER IY,W AO R IY,1
IY K AE N,IY AH N,1
 P IY T S ER IY, R IY,1
Z AA R K AH,Z AH,1
N V IY N Y AH N T F,N IH NG F,1
P F,P T F,1
 HH ER W AO, AO,1
R D R OW B K AH,R G AH,1
N S IH,N IH,1
UW D IH P,UW B IY P,1
V IH T,V AH T,1
 AH R EY N, IH N,1
N JH AH V B L,N D OW L,1
L AH F,L F,1
F S HH AH,F AH,1
AH G D DH AH HH,AH L HH,1
NG M AO,NG L AO,1
T EH M,T IH M,1
 S T, T,1
EH D AH N D,EH D,1
ER AH N D JH,ER JH,1
 HH AW G, AH G,1
D IH Z Y AO R,D AW ER D UH R,1
Z IH N AH,Z AH V AH,1
R K S HH AE V N,R P L IY N,1
P S,P S S,1
 M IH L K P, HH IY P,1
 W AY L HH, B AH T HH,1
IY HH IH Z,IY AE Z,1
AY F D,AY T D,1
S T HH IH M,S,1
AH EH M B L AH,AH W AH,1
AH M D IH P,AH N P,1
K T S,K S,1
P AH L AH S AO,P IH Z AO,1
IH F K,IH DH K,1
S AA L V D,S OW,1
NG AE T,NG IH T,1
 Y ER, AW ER,1
ER AH TH EY N F OW M,ER M,1
IH D DH,IH P DH,1
B AO R IH,B IH,1
IH NG N,IH G N,1
L EY T,L AE T,1
N T DH,N DH,1
IY S IY W,IY Z W,1
W UH L AH,W IH M AH,1
W AA CH F,W IH DH F,1
DH IH S B R,DH AH P R,1
V F AO,V AO,1
T AA N,T IH N,1
UW W IH L B,UW B,1
 DH AH F, F,1
 EY T F, DH AH F,1
F IY L D G,F Y UW G,1
D HH IY F,D F,1
T AH,T DH AH,1
 AH L UW M AH N, AE N,1
R K AE N AO,R AH L W AO,1
AO F AH,AO R AH,1
ER P R UW F G,ER AH V G,1
S T T,S T,1
T AW N,T IH N,1
T SH UH G ER,T R UW,1
G EH T,G IH T,1
 HH IY D K, AY K,1
S AA N IH K IH L EH K T R,S AE R,1
N IH K,N AH K,1
K AO L B L,K P L,1
HH IY L,HH EH L,1
L Z P,L P,1
S IH L,S AY L,1
L AH W EH T,L OW,1
N D AH D AH,N T UW AH,1
 P L IY Z T, AY T,1
S D,S T AH D,1
D ER T IY,D IY,1
P AH,P ER AH,1
ER Z SH AE,ER CH AE,1
