D Y AO R D,D HH ER D,21
D Y AO R D,D DH AH D,4
D Y AO R D,D AH D,13
D Y AO R D,D T UW D,3
D Y AO R D,D N OW D,2
D Y AO R D,D T UW AH D,1
D Y AO R D,D D,1
T IH N,T AH N,104
T IH N,T EH N,1
T IH N,T EY N,1
N G,N D G,105
S IY,S HH IY,14
AA SH W,AA CH T W,1
AA SH W,AA Z W,9
AA SH W,AA CH W,8
AA SH W,AA S T W,5
AA SH W,AA TH W,1
DH IH S,DH AH S,3
S D AY V,S T OW V,1
P IY T S ER,P IH ER,1
ER IY AH Z AA,ER R AA,1
AA R K AH N V IY N Y AH N,AA T IH N,1
N T F,N F,1
 P UH T, B AH T,6
L AA K,L AE K,2
 D R, B R,1
R AA P,R AO T P,1
P F AY V F,P L AE T F,1
P F AY V F,P DH AE T F,1
P F AY V F,P IH T F,1
P F AY V F,P F,1
S UW T,S UH T,5
S UW T,S EH T,5
S UW T,S IY T,1
S UW T,S T,1
S UW T,S ER T,1
S IY W,S W,25
S IY W,S IH NG W,2
S IY W,S Y UW W,3
HH AH,HH AE Z AH,1
AH S K IY Y,AH Y,1
DH M AA K D,DH AH D,1
 AA HH AA, AA,1
D AH V,D IH V,1
S IY AE,S AE,1
T EH K,T AE K,1
K N IH,K T IH,1
AH V P,AH P,3
P Y UW T ER AA R,P IH R,1
P Y UW T ER AA R,P IH R AO R,2
R B,R AH B,1
AA K IH,AA R T IH,1
R AH N,R AE N,1
R AH N,R N,1
M TH EY R W,M DH AH W,1
L IY Z,L Z,4
K AE L S,K EY S,1
S IY AH M M,S M,1
EY K S,EY T S,1
IY V AA,IY AA,1
Z S ER AE M,Z Y AH R IY M,1
M IH K,M AH K,1
L Z,L,11
L L EY K,L W AY T,1
Y IH R,Y UW,2
S AH Z,S IH Z,4
S AH Z,S T,1
S AH Z,S IY,1
S AH NG,S AO NG,1
N V ER,N F ER,1
IY AW AO,IY T AO,2
IY AW AO,IY L AO,3
M AH S,M EH S,5
S AA ZH,S AH JH,5
S AA ZH,S AY D,1
IY AE Z,IY Z,3
IY AE Z,IY IH Z,3
N G R,N K R,7
IY AE N,IY IH N,10
IY AE N,IY N,2
IY AE N,IY AH N,8
IY AE N,IY IH T OW N,2
IY AE N,IY AA N,3
IY AE N,IY IH NG OW N,1
N OY L IY R AE G L,N AW ER EY JH L,1
N OY L IY R AE G L,N T ER L,1
N OY L IY R AE G L,N AH L,1
IY HH AE Z,IY W AA Z,1
F D AH N EH,F DH AE T EH,1
 B IY IH, DH AH IH,1
D AA N T AY D,D EH D,1
D EH N,D AH N,2
N T AH F AY Y,N Y,1
K OW AH,K AH,1
S AY D,S IH D,1
D AH D W,D ER W,1
D N,D AA N,1
N IH R DH,N DH,1
IY AE M B,IY EY B,1
L D TH R UW,L T UW,1
S AH Z S,S T S,1
R EH NG K TH,R AE TH,1
M ER AE K Y AH L,M IH G L,1
L AH S L IY,L OW,1
W EH L,W IH L,5
V SH AH B L IY,V S EY V,1
IY IH Z,IY AE Z,1
F L,F UH L,1
W UH L,W OW L,1
W UH L,W IH L,3
W UH L,W EH L,1
L D DH,L DH,2
R AH P,R P,3
P R AH S,P ER S,4
AY ER,AY,3
R IY S,R AE S,2
R IY S,R EY S,6
OY L IY R,OY R,1
R AE G L,R AH N L,1
R AE G L,R EH D L,3
R AE G L,R L,1
R AE G L,R IH JH L,1
R AE G L,R EY JH L,1
R AE G L,R AH K AH L,2
D IH K,D AH K,1
T S AH,T DH AH,1
T S AH,T AH,6
W UH D JH,W IH CH JH,1
 B R OY L AO, AY AO,1
M D IH P,M T UW P,2
K T S DH,K DH,3
L AA R,L AO R,1
 IH F K, K,1
 IH F K, DH AH K,1
T AH M,T UW M,7
V HH ER ER,V ER,5
JH F,JH D F,6
NG AE T,NG IH T,3
 HH IH Z SH, DH AH SH,2
AA R K,AA K,1
K S UW T,K T,1
T IH N G R,T R,1
T IH N G R,T AH R,1
R IY S IY W AA SH W AO T ER AO,R AH N AO,1
S K M IY T,S ER T,1
T UW K AE R IY AE N,T EY N,1
N OY L,N AO L,9
N OY L,N ER L,5
N OY L,N OW N L,3
N OY L,N IH R L,1
N OY L,N D AE L,3
N OY L,N D AO L,3
N OY L,N L,3
N OY L,N AH L,2
N OY L,N OW L,3
N OY L,N AA R L,1
N OY L,N EY L,1
L IY R,L AH R,4
L IY R,L R,30
L IY R,L DH AH R,3
L IY R,L IH R,1
L IY R,L D R,3
L IY R,L IH N R,1
L IY R,L IH NG R,1
M W ER K HH,M HH,1
N AE Z S,N AH N D S,1
S UW N AE Z W,S OW W,1
R IY T UW R IY,R AH L IY,1
Z AA N,Z AH N,1
R IH L S IH R K AH,R EY SH AH,1
AH T S,AH S,1
R AH T AY M,R IY M,1
IY S T,IY T,1
L AH,L D DH AH,1
L AH,L AO NG DH AH,1
AH D AY,AH T AY,2
 B IH F, F,2
R TH ER Z D EY Z IH,R DH IH S IH,1
M R IY V Y,M IH F Y,1
UW EH V ER IY F,UW R EY F,1
AY AA D,AY AH D,5
AY AA D,AY AO D,1
 JH EH F, HH IY F,1
F TH AO T,F EH L T,1
R G Y UW D IH,R IH,1
N T R AH,N AH,1
AH F Y UW JH P,AH T P,1
 JH AA N, OW N,1
N K L,N L,1
IY N Z SH EH,IY S EH,1
R AH L,R L,2
S UW T IH,S OW IH,3
 Y UW T, HH IY T,1
DH EH R W,DH AH W,1
DH EH R W,DH OW W,1
W IH DH L,W IY L,1
AY N Z T UW IY,AY IY,1
IH Z N,IH N N,1
N AA T IH N,N AY N,1
N IH T,N T,1
T S EH L F AH N,T IY N N,1
F AY L,F L,1
F AY L,F AO L,1
L R IH L EY T,L AW ER DH AE T,1
IH D T,IH T,1
T UW M,T S M,1
N OW T,N AA T,4
 B AA B P, AH P,3
 B AA B P, P,2
ER D OW,ER OW,5
NG R UW M M,NG DH AH M,1
M Y UH R,M AO R,3
 M IH D IY V AH, AH,1
AH L S,AH S,1
AY R AA,AY ER AA,1
AY R AA,AY AA,1
IY Z,IY,1
L Y IH R,L HH ER,3
F L UW S,F OW S,1
 AA B JH EH K T S M, W AH N M,1
P Y UW T,P IY T,3
ER AA R B,ER AH V B,1
ER AA R B,ER AH B,1
 CH IY P S, DH AH S,1
Z R AH N,Z AA N,1
M TH EY R,M DH EH R,5
R W AO R N,R AA N,1
 K AE, AE,1
AE L S IY AH M M,AE Z M,1
UW T IH N,UW N AH N,2
UW T IH N,UW N,1
 D AA N T, T,5
 D AA N T, DH AE T,1
T AE,T UW AE,5
T AE,T S AE,1
ER R,ER EH R,1
R IH M,R IY M,1
R IH M,R AH M,1
M EY N,M AE N,1
M EY N,M AY T N,1
N D AA,N AA,1
S AA R F AO R SH N,S AH V AH N,1
N UH K S,N AA T,1
 AH, DH AH,2
Z M,Z D M,4
K AA R P AH,K AE M AH,1
AH T K L,AH L,1
L IY N ER Z,L IH R Z,1
L IY N ER Z,L IH Z,1
UW D AW ER AO,UW AO R AO,2
UW D AW ER AO,UW AA R AO,1
UW D AW ER AO,UW AO,1
UW D AW ER AO,UW AE N AO,1
JH F AO R AH M,JH D HH ER M,1
L IH V,L IY V,1
S EH D AE,S AE T AE,1
D SH EH,D S EH,1
 V EY S AH Z, AE Z,1
AW L IY W,AW M AY W,3
G B AY Z,G IH Z,4
K S N,K IH N,1
K S N,K AH N,1
K S N,K N,1
N AH,N DH AH,2
N AH,N D AH,4
L EH K T,L IH T,1
L EH K T,L EY T,1
T DH AH P UW R,T ER,2
K,K S,1
T IH S,T AH S,2
T IH S,T K AE S,1
N P,N D P,8
 B AE L, DH AH L,1
L EY Z,L AE D Z,1
N AA P R AH F,N AW ER F,1
AY EH N,AY AE N,1
N IY K,N AH K,1
K AO,K W AO,3
R D ER,R T ER,2
ER OY OW,ER OW,1
W AO R AH B,W ER B,1
W AO R AH B,W AA Z B,1
ER D AE T G,ER AA N G,1
ER D AE T G,ER AH G,1
Z TH IH N,Z F AY N,1
Z TH IH N,Z T EH N,1
Z TH IH N,Z DH EH N,1
 IH G, G,2
 IH G, HH IY G,1
G W AA N AH Z AH,G Y UW AH,1
N D AE,N AE,2
AE L AH,AE P AH,1
AH G EY T,AH L OW AE T,1
AH G EY T,AH T,1
T ER Z,T AH M Z,1
T ER Z,T S,1
T ER Z,T AO R Z,1
T ER Z,T AH R Z,1
SH IY HH AE D,SH AH D,1
SH IY HH AE D,SH EH D,1
D Y AO R D AA R K S UW T IH,D ER IH,1
IH N G,IH NG G,3
IY R AE G L,IY AH L,1
R AH T,R AE T,1
T AO R IY,T ER IY,1
IY AE,IY Z AE,1
AE S T R OW F,AE F,1
F IH Z IH K S,F AH S AH S,1
N AH W UH M,N AO R M,1
M AH N K EY M,M AE M,1
L AO NG K,L AH N K,1
IY IH NG AH,IY D AH,1
F OW L,F UH L,1
L D AH,L AH,1
AH D,AH N D,1
AH AE Z,AH Z,1
 IH F DH, DH,1
M IH Z,M ER Z,1
M IH Z,M AE Z,2
R EH N T M,R IY M,1
S T B,S B,1
ER AH N D JH,ER JH,2
IY AA R,IY AO R,4
R W UH D,R HH AE D,1
B IY N,B IH N N,1
 B AA, F AA,1
R B B,R B,4
Z IH N,Z AH N,5
S AH S,S IH Z,1
UW IH N,UW AE N,1
IY ER Z,IY R Z,1
EY D Z HH AY,EY T T AY,1
L S,L D S,2
L AA AE,L AO AE,3
L AA AE,L AE,1
M ER AA ZH,M AO R AH L,1
N OY IH,N OW IH,1
EY Z IH,EY IH,2
JH AA N K,JH AH D K,1
L IY N Z SH,L AE M SH,1
AE SH T,AE S P T,1
R EH N,R AH N,1
R EH N,R AE N,1
ER AH N S,ER,1
ER N D P,ER P,3
ER N D P,ER IH NG T UW P,1
ER AH N D L,ER L,1
 D IH V ER, DH AH F ER,1
S AH T,S T,1
T IY AH,T AH,1
V P,V DH AH AE P,1
P ER S,P AH R S,1
P SH AH,P AH,1
S D IH V,S DH AH V,1
V ER S AH,V EH R AH,1
D IH D Y,D UW Y,1
R D ER OY OW V ER AO L,R JH AH L,1
V W AO,V F AO,1
 IH G W, EH K W,1
 IH G W, DH AH K W,1
W AA N AH,W AH,1
AH Z AH,AH T AH,1
R T R,R K R,1
P IH K AH L R,P T G OW R,1
T S M,T M,3
N N,N D N,2
 DH AH M, T UW M,1
R EY AA N,R AE N,1
R EY AA N,R AW N,2
N HH AE L,N AH L,1
L AH W IY N,L AW IH NG,1
S IH N,S AH N,5
S IH N,S AA N,1
N DH,N D DH,2
IY AE N OY L,IY AH T AA L,2
IY AE N OY L,IY IH T AO L,2
IY AE N OY L,IY AH AO R L,1
L IY R AE G L,L ER AH B AH L,1
L AY K DH,L DH,4
S T D,S D,1
R UW IH,R OW IH,1
D EH K,D EY,1
K L IH,K IH,1
IH D F,IH T F,1
R SH UH G ER B OW L,R S EH V R AH L,1
Z JH AA R L,Z G ER L,1
L IH D Z,L Z,1
Z OW M,Z F AO R M,1
M IH T IH,M AY N IH,1
N D IH,N IH,1
IH S K,IH Z,1
L D S AH M IH,L T AA N IH,1
 P L IY Z, AE Z,1
G M AY P,G B IY P,1
R AY P,R IH P,1
P T F,P AH N D F,1
 S T AE, B AE,1
K T HH,K HH,1
ER D SH UW Z,ER CH OW Z,1
AA D AH,AA N T AH,1
HH EH M,HH AE M,1
Z Y UW K,Z HH IY K,3
Z Y UW K,Z AY K,1
S P AH,S T AH,1
M AH,M B AH,1
M AH,M DH AH,1
Z B IH,Z V IH,1
Z B IH,Z F IH,1
Z IY F IY T,Z AH T,1
T SH,T DH AH SH,1
M IH D IY V AH L S AH S AY AH T IY,M EY Z IY,1
S IY W AA SH W,S Y UW AE T W,1
AW Z IH T S,AW S S,1
UW F,UW W IH L F,1
F AW L,F AA L,1
L AO R F,L OW HH ER F,1
N L,N D L,2
 P OW, OW,1
OW CH DH,OW DH,1
S AH K AW N,S AA N,1
N T,N,2
N T,N EY T,1
N T,N D T,1
N T,N AY T,1
R IY D,R EH D,5
D Z DH AH W,D T UW W,1
 L AO R IH S K, K,1
 L AO R IH S K, AH K,1
M N IY D AH,M DH AH,1
AH D B,AH B,1
L AO R W,L ER W,1
L AO R W,L OW W,1
L AO R W,L AH W,2
D Y AO R D AA R K,D T UW T EY K,1
R IY S IY,R AH Z HH IY,1
NG ER AW,NG R AW,1
Z G L,Z K L,1
IY K,IY K K,1
B AH N,B IH N,1
N D K,N K,3
AY ER L,AY R L,1
D AE Z,D HH IH Z,1
AH G AH N M,AH K AA M,1
AH G AH N M,AH JH ER M,4
ER D AE,ER AE,1
 IH G W AA N, HH AE N,1
N AH Z AH,N S AH,1
N D AE L,N EH L,1
AH G EY,AH K EY,1
ER Z AA,ER AA,1
P OW L,P AO L,1
V IH R,V R,1
AE V B,AE D B,1
Y OW Y AH R,Y AO R,2
UW HH,UW D HH,2
W IH L,W EH L,7
UW TH F,UW F,6
L AW T,L OW,2
L AW T,L AH P,1
W AO R AA,W ER AA,1
EY AH M,EY M,1
EY Z Y,EY K Y,1
R AH Y,R Y,1
R AW T,R AO T,1
R AW T,R OW T,1
T AH V F,T OW F,1
N DH IH S,N AH D N AH S,1
UW TH F EH,UW V EH,3
R AE G,R IH G,1
R AE G,R D ER G,1
L IH P,L EH P,2
 AH L, AO L,1
 AH L, L,1
L UW,L DH OW HH UW,1
M AH N AH M S IH L V,M Z OW V,1
W EH R K,W ER K,3
W EH R K,W ER K K,1
W EH DH,W AY L DH,1
DH ER P,DH AH P,1
F G AH L AA SH AH Z,F K OW CH IH Z,1
 P AE M G, AH G,1
 P AE M G, G,1
Z D R,Z K R,1
R AY V,R EY V,1
AY Z D F,AY S F,1
 K IH N, N,1
N D ER G AA,N AA,1
R T AH,R D AH,1
R L,R F L,1
R L,R AH L,1
AO AO L,AO AH L,2
L F OW,L OW,1
L F OW,L P OW,1
N IY AE,N AE,1
R IY AH N,R N,4
N D T R IH,N IH,4
OW S S,OW Z D S,1
UW D AA N,UW N,1
N T IY T IH,N OW IH,1
F HH AH,F W AH,1
N IY,N,1
P OW AH,P AH L AH,1
D AH N,D IH N,1
N D S,N S,4
CH T DH,CH DH,3
EY G IY S,EY N JH,4
EY G IY S,EY K S,1
 B EH G DH, DH,4
D EY K S W,D AE Z W,2
D EY K S W,D AH W,1
D EY K S W,D EH G Z W,1
 B IY T, L EH T,1
 P IY T S ER IY AH, AY R AH,1
AH Z AA,AH S AA,1
M D AA,M T UW AA,1
 L, AH L,1
N K,N D K,4
AY,AY F,5
N IY AE K Y AH Z EY,N EY,1
N Z AE,N AE,1
AW M,AW AY M,2
AW M,AW Z M,1
K IY S,K EY S,1
S EY L,S AO L,1
M IH N,M AE N,1
S B R,S P R,3
Z AH S T,Z AE Z T,1
D AH T,D IY T,1
D AH T,D IH T,1
T EY SH AH,T AH,1
V AA R T S,V AW ER S,1
 AH CH, CH,1
L IY EH S,L AH S,1
M ER CH,M AH R CH,1
Z IH NG,Z AH NG,1
NG EH N,NG IH N,1
N Z AY M P,N S IH N P,1
B EH G ER,B EY K ER,1
F S,F,1
L IY W EY HH IY R B,L EH DH ER B,1
Z AO,Z D AO,3
T S F,T F,1
AH S T S L,AH L,1
ER AY Z,ER IY Z,4
D Z DH,D DH,4
R IH S K,R IY K,1
R IH S K,R AH Z K,1
S T,S T T,1
S T,S,1
UW M N IY D AH D,UW HH EH D,1
AY Y EH L,AY HH AH L,1
AY Y EH L,AY L,3
D OW M,D AA M,1
N IH Z G,N AH S G,1
EY EH N,EY IH N,2
N D AH,N DH AH,1
N D AH,N AH,1
AH D AH,AH AH,1
P L,P AH L,4
IY Z T,IY S T,2
TH T UW DH,TH AH V DH,1
ER Z SH,ER SH,2
IY T UW K,IY DH AH K,2
IY T UW K,IY K,1
G AE S,G EH S,1
S JH EH T,S T DH AE T,1
V R IY,V ER IY,1
AW G UH D IH Z Y AO R,AW IY S AH R,1
R EH N D ER AH N,R N,1
N S,N,1
N S,N D S,2
N S,N T,1
 IH F P, P,2
 B AA R B B, AH B,2
Y AE L SH,Y UW SH,1
AA P S M,AA Z M,1
N D HH,N HH,1
G AH L AA SH,G AE SH,1
L IH N,L AH N,1
 P AE, AE,4
L IH S,L AH S,1
L IH S,L AE S,1
D AW ER AO,D AA R AO,1
AY T S,AY K S,1
DH B IY,DH IY,2
ER JH ER,ER D ER,2
ER JH ER,ER S ER,2
F DH EH N,F IH N,1
R IH N,R AE N,1
Z DH AH,Z AH,1
N B IH L,N DH AH L,1
CH AH N T,CH T,1
AY M L IY,AY N IY,1
L AO S,L AE S,4
L AO S,L AE S T S,1
S K,S T K,5
ER N M,ER M,1
EY D Z HH,EY T HH,5
V DH,V D DH,2
K OW L,K AA L,2
L S L AA AE,L ER AE,2
AY AE,AY HH AE,3
W AO T,W EY T,5
W AO T,W AH T,1
T ER AO,T AH R AO,6
T ER AO,T AO,2
AO AO L F OW,AO AH P OW,1
R IH SH,R AE SH,2
B IY CH B AO,B IH F AO,1
 S AH L F ER, AW ER,1
ER AA R,ER AO R,2
L IY Z D ER T IY,L IY,1
L S IY AH,L AH,1
AH M M,AH M,2
K S B,K B,1
Z AH N,Z IH N,4
N D T IY TH S,N DH AH S,1
M IY D R,M AH R,1
R AY IH NG,R AH NG,1
UW W AO R,UW AA R,1
T K,T AH N D K,1
SH OW D,SH UH D,1
N Y UW AO,N HH IY AO,1
R IH NG N,R N N,2
R EH M B AH,R AE V AH,1
IY S SH,IY SH,1
SH UH D F EY L,SH UW T ER,1
N JH AH S T,N T,1
T S,T UW S,1
T S,T,1
R D ER OY OW V ER,R T IY ER,1
R D ER OY OW V ER,R T ER,1
T G AH N P,T T AO R P,1
N ER,N D ER,1
G W AA N,G R IH N,1
N AH Z,N Z,1
 W IH D OW N, AY N,1
AY S S AO R,AY AH R,1
W EY EH N D AH,W IH L AH,1
AH D AH B R AH P T L,AH N ER TH L,1
R AE G L AY,R JH AY,3
AY K DH,AY DH,4
AY K DH,AY D DH,1
AY K DH,AY AH N S DH,2
AY K DH,AY Z DH,1
F AA F AH N,F Y UW N,1
N AH M AH,N ER AH,1
AH K R UW L,AH L,1
V AE Z,V HH IH Z,1
S AE T,S EH T,1
AA N D AH,AA T AH,1
 IH D R, AY R,2
R AE DH,R EH D DH,1
DH ER N,DH AH N,1
AE G L,AE T L,4
AY Z S,AY S,1
N W,N D W,3
AA P T,AA R K T,1
T TH IH K B,T DH AH B,1
P AH L S,P AE S,1
DH EH R P,DH AH P,1
UW TH F EH L AW,UW DH AH AW,1
B OW L,B AO L,2
B OW L,B AW,1
IY T,IY,2
TH F EH,TH V EH,1
F EH L,F IH L,3
OW K B,OW T B,1
D AO R F,D HH ER F,1
S T N,S N,1
AO L L,AO L,1
L EY K,L AY S,1
R IY S IY W,R EY W,7
 IH T W, DH EH R W,1
AA D ER N,AA R T AH N,1
T HH AA,T AA,1
AH M F,AH F,1
F UW L W AA Z,F ER Z,1
 V Y UW, D UW,1
S IH N F AY V K,S AH M T UW K,1
 K AA M B AY, T UW F AY,1
N AO,N D AO,6
T G AA,T K AA,1
N B IY OW,N DH AH OW,1
AH B AE R,AH F AO R,1
R AH M,R M,2
L Y,L DH AH Y,1
DH EH N,DH AE N,2
 D IY N, AH N,1
N Z K,N D K,1
K AE N,K AH N,4
UW M M,UW M,1
Y UH R,Y IH R,1
R AH L Z,R Z,1
R AH L Z,R,1
N HH AY R AA,N AW ER AA,1
R K IY,R CH IY,1
N OY L IY R,N AO R,1
N OY L IY R,N EH R,1
N OY L IY R,N AO R W EH DH ER DH AH R,1
N OY L IY R,N OW IH NG R,1
N OY L IY R,N OW R,1
N OY L IY R,N OW T R,1
 K UH D DH, DH,1
F B IY DH,F F AO R DH,1
M AE Z,M IH Z,1
M AE Z,M Z,1
HH AY AE Z,HH IH Z,1
 AH B, B,2
B AO R,B R,1
SH AH N IH NG P,SH M IY P,1
T HH ER R,T T UW R,1
EH M B L,EH L,1
L AH M,L M,1
DH AH AH,DH AH,1
K R AA P,K EY P,1
P AH L,P L,1
 HH IH, IH,1
Z SH OW L D ER F EH L T AE,Z S AO R AE,1
OW IH F AO,OW AO,1
IY IH N B,IY AH B,1
B EH D,B AE D,1
ER N,ER AH N,2
N M,N D M,2
ER AO L,ER HH OW L,1
HH EY AH,HH IY AH,1
S CH ER,S T ER,1
ER AA R DH AH,ER AH,1
AH AH,AH T AH,1
IY D,IY T,2
IH P IH K,IH T EH K,1
EY G,EY AH G,1
 B EY K S, AY S,1
IY AA R N,IY AH N,1
TH S T,TH T,1
AY AE M,AY EY M,1
 B AA R, F AO R,1
R B B ER,R P R IH F ER,1
 F AE, DH AE,1
R UW F G AH L,R IH S IH L,1
L AA SH AH,L AH,1
P AE M G,P AA G,1
V Z D,V D,3
L IY R AE G L AY K DH AE T,L ER AH N T,1
IH S,IH S S,1
IH S,IH Z,1
S AH P,S ER P,1
R EY Z,R AY Z,1
D IH K S,D S,1
K AA S,K AO S,1
T UW M N,T IH NG N,1
AY Y EH L AO R,AY D IH R,1
ER IY OW,ER OW,1
IH L IY,IH R IY,1
IY AY T AH,IY AH,1
AH M Z,AH S,1
AH M Z,AH N S,1
S DH AH,S AH,2
AA SH W AO T,AA CH AA R T,2
AH B,AH V B,1
B AW T IH T S AE,B AO L D AE,1
AE P L AH,AE Z AH,1
AH K AH,AH AH,1
 DH IH S IH, T IH,1
HH UW AO,HH AW AO,1
AO TH ER AY,AO T DH AH R AY,1
Z D DH,Z DH,2
L AO R,L AE R,1
AY Y EH,AY HH EH,1
W ER IY,W EH R IY,1
IY OW V,IY AH V,1
V ER S,V AH S,1
K W EH S,K AO R S,1
S CH AH,S AH,1
N F,N D F,1
N F,N DH AH F,1
IY K AE N,IY AH N,1
K L AH,K AH,1
AH M Z IY K AH S,AH N S,1
S T AH M,S UW M,1
L D S AH,L Z AH,1
AH M IH,AH N D IH,1
AH M IH,AH B IH,2
R AY D DH,R AE DH,1
DH AH S,DH ER S,1
B W EY B,B M IH T B,1
D AA R,D AO R,1
R K S,R S,1
K AE R,K EH R,1
R IY AE N,R IH N,1
DH AH TH IY M,DH AE T N EY M,1
V,V Z,1
 HH IY S P OW, AE T B OW,1
OW K S UW DH IH NG L IY,OW G AH T AA,1
 HH IH ER Z, K EH R Z,1
Z W EH R,Z F AO R,1
L AH K,L UH K,1
 K L IH F W AA Z S, HH ER AE S,1
 K L IH F W AA Z S, S AH S,1
S UW DH D B,S T B,1
M P AA R T,M,1
Z DH,Z D DH,1
B AY R,B R,1
R EY SH AH,R AE CH AH,1
AE L AH S AH Z,AE Z,1
M IH D IY V AH,M EY B AH,1
IY W AA SH W AO T,IY V EY K EY T,1
IY DH IH,IY D IH,1
R OW AE,R AE,1
B AO R IY AH L F,B ER F,1
SH T,SH T T,1
HH AY W EY AH,HH IY AH,1
 D AE F N Z S, DH EH R DH AH S,1
 D AE F N Z S, DH AH S,1
R F M,R M,2
R F M,R TH M,2
M AE CH,M AH CH,2
CH T HH,CH HH,3
N Z S,N D S,3
N Z S,N IY S,2
N Z S,N S,3
D AA N,D AW N,1
N T AE S K M,N AY M,1
M IY T UW K,M EY D AH K,1
M IY T UW K,M EY D DH AH K,1
AE G L AY K,AE D AH K,1
K DH AE T,K EY T,1
V EH N,V IH N,1
L AY T,L AE T,1
M AH N,M EH N,1
M AH N,M IH N,1
N AO T,N AW T,1
T IH K CH,T CH,1
L AY,L AE F,1
K AO R,K EH R,1
T UW D,T UH D,1
N T S CH,N D CH,1
IH M Z IH K AH L,IH N S,1
R HH IY K,R DH AH K,1
K UH D T,K Y UW T,1
T EY K,T AH K,1
K AE T L,K AH L,1
L EH ZH ER,L Z,1
B AH NG G,B AA N G,1
G AH L,G AA L,3
L OW W,L AH W,1
L OW W,L W,1
SH AH B L,SH AE L,1
SH AH B L,SH IH P L,1
L IY,L,1
 D AA N T AE, AE,3
D IH Z,D EH Z,1
T S S,T S,2
F AO R,F R,4
N SH UH D AH,N T UW AH,1
P R UW F G AH,P ER K AH,1
L AA SH AH Z AA,L EY T S AA,1
K S,K,1
K S,K T S,1
SH EH D D,SH IY D,1
AY AH V,AY V,1
V SH,V D SH,1
SH EY M,SH AE NG,1
T S R,T R,1
N AE K T,N AH T,1
V AH T IY,V,1
L AA SH,L AH SH,2
L AA SH,L AE SH,1
N D P,N P,1
N D P,N T P,1
 AA R Y AO R G, AW ER G,1
AH OY L,AH OW L,3
L,L D,3
AH OW EY S,AH W AY Z AH S,1
AH OW EY S,AH AY S,1
S IH S W,S T W,1
 D AH, DH AH,1
AH Z S,AH S,1
M AE N,M EH N,1
AH N,AH N D N,1
N OW T AH,N AW AH,1
V AA K,V AO L K,1
IH D AA,IH T AA,1
 DH AH B AH NG G AH, AE N JH AH,1
CH N AY,CH L AY,1
SH AH B,SH IH B,1
SH AH B,SH AE B,1
M F L,M L,3
M F L,M P L,2
IY S IY,IY SH IY,2
N OW,N D OW,1
 R AE L F K, W IY K,1
OW SH UH,OW K Y UH,1
R IH Z,R Z,1
V B AY,V F AY,1
AY Z L,AY L,1
IY AY Z DH,IY Y EH S DH,1
ER OY,ER R OY,1
T IY V W AO,T EY F AO,1
AA N AH Z AH N,AA N,1
D AE L AH G EY T ER,D ER,1
ER Z,ER IY Z,1
ER Z,ER,1
K S UW T IH,K W UH D IH,1
D AA N T AE S K M,D AH Z M,1
M IY T UW K AE R IY AE N,M AH D IH S AH N,1
Z AA IH,Z AE N IH,1
 AE T, IH T,1
Z AH,Z DH AH,1
L DH AH IH,L IH,1
N G R IY D,N S AH D,1
D IY AH,D AH,1
P AA N,P AH N,1
N D AH N,N IH N,1
S K EH CH T DH,S IY DH,1
 B, DH AH B,1
G DH AE T G AA R D F,G ER F,1
Z DH AE,Z K AE,1
Z DH AE,Z AE,1
 HH ER R, K R,1
AY T HH,AY D HH,1
AE N D EY K S W,AE M EH G Z W,1
EH N EH,EH R EH,1
ZH AH N,ZH AA N,1
 B R IH JH, JH,1
AH Z T,AH S T T,1
S N,S AH N D N,1
HH EH N,HH AE N,2
L EH JH ER,L EY T ER,1
UW W ER IH,UW IH,1
V D AA,V AA,1
L AO R IH,L UW IH,1
F ER M,F AO R M,1
N T AH D B,N IY B,1
N D AH D AH,N T UW AH,1
DH IH S D,DH AH D,2
Z SH AE,Z HH AE,1
P UW D,P ER D,1
W AA SH W AO T,W ER S T,1
W AA SH W AO T,W EY EY T,1
T AH N,T IH N,1
N D DH,N DH,3
B AY AA,B EY AA,1
 DH AH S, S,1
K AA L,K EH L,1
AH P T,AH T,1
T EH JH IH,T AH N IH,1
T AE S K M,T M,1
S P,S AH V P,1
M AH G,M G,1
B B AE G,B D,1
K W AH,K B AH,1
D W AA Z S,D R IY S,1
 D IH D Y UW B, S OW B,1
AY EH N IY K,AY K,1
AY EH N IY K,AY AH K,1
K AO R D ER,K ER,2
ER OY OW V ER,ER IY ER,1
T AH M K,T ER K,1
G AH N,G EH N,1
T F AO R TH,T TH,1
N ER DH,N AH V DH,1
DH AE N AY,DH AH AY,1
 IH G W AA N AH, DH AH,1
AH Z AH N,AH G EY N,1
N D AE L AH,N AH,1
EY T ER Z AA R T,EY AH N OW T,1
M Z S,M S,1
Z D UW W,Z N AW W,1
F OW N,F AH N,1
OW L ER AE,OW AO R AE,1
AH D AO R D R,AH T ER G R,1
AW T,AW N D,1
AW T,AW T T,1
F OW N IY,F AA L IY,1
 K AO R, OW R,1
R IY AH,R AY AH,1
N D T,N T,1
T R IH,T IH,1
IH SH P,IH Z P,1
IY S K,IY K,1
K AW ER IH NG P AW D ER Z,K L AA N G OW Z,1
AW AO L S,AW S,1
AA S F EY T S,AA L IY Z,1
K AA N,K AH N,1
N T R EH R IY T,N K ER D T,1
S AA R AH,S AH,1
N IY V AH,N EY B AH,1
AH N L,AH L,1
L IY D,L D,1
AW L,AW D L,1
Z AO L EH R ER,Z AW ER,1
S IH N AH G AO G M,S AE NG ER M,1
 G R EH G B AY Z F, AH F,1
L K IY CH,L CH,1
W IY K D,W AY D,1
D EY M AO R N,D AH N,1
N AH G L,N D L,1
M AH V DH IY Z S,M S,1
 D UW, T UW,1
T S T,T T,1
L AE N AE,L D AE,1
R M,R AH M M,2
Z P R AH,Z AH,1
AH M OW T,AH B AW T,1
L IH NG W,L W,1
S AE M,S IH M,1
L IH NG,L IY,1
IH Z T,IH S T T,1
F AY L R,F AO R R,1
M AY AA D,M UW D,1
D AH T S,D Z,1
M IH D IY V,M EH L V,1
N HH,N DH AH HH,1
N HH,N D HH,1
AY R AA R K IY Z,AY ER,1
T R IH M EH,T UW EH,1
L IH D,L EH D,1
 B AE, DH AE,1
AE S K AH T,AE T,1
IY AH V,IY HH AE V,1
AH L L,AH L,1
ER L D,ER D,1
M IY T AA,M EY D AA,1
IY IH N,IY AH N,6
F D AE,F T AE,1
S IH,S EY IH,3
S IH,S IY IH,1
AE G L AY K DH AE T,AE N AH HH AH T,1
L EY N,L AE N,2
N T AH,N AH,3
AH F IH N S,AH V AH S,1
D IH S,D IY S,1
N CH IY T AH,N DH AH,1
AH L,AH OW L,1
AH L,AH IH L,1
L D,L D D,1
R AE T,R IH T,1
S K L,S P L,1
R IY IH N,R AE N,1
R S S,R S,1
S IY M,S AE M,1
K OY L,K UW L,1
L AH V K L EY,L IY,1
ER EY JH M,ER AH M,1
 DH AH K, K,1
 DH AH K, HH IY K,2
F D,F T D,4
AH N D S,AH V S,1
IH F F,IH T F,1
IY W AA,IY M AA,1
AA SH,AA R SH,1
SH W AO T ER AO L,SH AH L,1
N AH L EH N,N AO R IH N,1
T R AH P IY,T ER V IY,1
IY,IY N,1
AY AH B AH L EH,AY D EH,1
N D Z,N Z,1
N R IY K,N AH L K,1
K W AY ER Z,K AA R Z,1
P ER EH N,P R IY N,1
T AH L AH P R UW V AH,T AH,1
 IH T S HH EH, SH EH,1
L TH IY ER,L T ER,1
B AA G G,B AO L G,1
N AO T AH,N D AA D AH B AH,1
N AO T AH,N D AE D AH,1
AH M,AH L,1
AH M,AH M M,1
AE F D,AE S T D,1
NG IH F F,NG AE T F,1
NG IH F F,NG AH F,2
AY Z ER Z,AY T,1
L UH R F,L ER T F,1
IH R Y EH T R,IH R,1
R EY S IY,R,1
 HH AY, AY,1
EY AH N,EY T IH N,1
N D F,N F,2
K M IY T UW K,K W IH DH K,1
IH G HH,IH D HH,1
L K L AO,L F AO,1
AO TH S,AO R,1
V ER AO L Z,V AH R AE Z,1
S B R OW SH UH,S K Y UH,1
R IH Z P,R IY AH S P,1
P AA R T,P ER T,1
ER L IY IH N F,ER F,1
M AH T,M IH T,1
T IH V F,T F,1
T AH D,T UW D,1
T AH D,T IH D,1
EY L,EY Y OW L,1
P AW T,P AO R T,1
T IH R,T AY R,1
T IH R,T OW R,1
AA T IH,AA N IH,1
R W,R AH W,1
L IY S,L EY S,2
D DH AH,D AH,1
 W AY, AY,1
T D IH V,T AH V,1
V EH L,V IH L,1
L AH P,L OW P,1
K OW L S L,K UW L,1
K OW L S L,K AA L,1
ER AY AE D,ER AH N D,2
AH OW EY S IH S,AH AE S,1
 IH N, AH N,1
W EY Z,W AA Z,1
N D IH D DH,N AH V DH,1
 IH T W UH D, HH IY HH AE D,1
K AH L,K L,2
L AA S,L AE S,1
S AH L SH,S SH,1
L OW P,L AO G,2
EY M,EY AY M,2
AE F N,AE B N,1
AE F N,AE N,1
IY N G,IY IH NG G,1
OW S T L,OW Z L,1
AY K R AY,AY T W AY,1
AY F AH L M,AY Z M,1
 AE N, AH N,1
N AA K T,N D AY T,1
T IH L Y AH N,T AE N,1
N AE T AH,N D AH,1
M Z,M W AY Z,1
Z N AW L EH T AH S S IY W,Z W,1
S K AA,S G AA,2
AE CH T,AE S T,1
T HH ER,T ER,1
K T AA,K AA,1
AH HH AH B,AH ER B,1
ER Z HH,ER HH,1
R AH V M,R M,1
IY AH N,IY IH N,1
K W OW T,K AH T,2
HH AE L AH W IY N,HH OW M,1
DH EY OW N,DH EH N,1
N OY L IY,N EH N IY,2
AH B L,AH L,1
IH T S,IH P S,1
S EH M,S IH M,1
L D IH,L IH,1
B OW L AH,B AH,1
AH V B AH T,AH AO T,1
T ER M,T M,1
OW L D,OW D,1
 P IY T S, AY R IH S,1
S ER IY AH Z AA R,S T AO R,1
R D R OW B,R JH AA B,1
P AE T,P EH T,1
T S IY,T,1
ER OY K,ER EH K,1
K OW T,K T,1
V SH AH B L,V S IH L,1
Z B AH L,Z F EH L,1
L JH D D,L D,1
AO L T AH N D S P R,AO R,1
NG K L,NG L,1
W OW T,W AY T,1
EY OW N AH,EY AA R AH,1
EY OW N AH,EY AO T AH,1
S AH P EH,S HH ER EH,1
D AH N N,D T UW N,1
Z IY,Z AH L IY,1
K W OW,K L OW,1
OW T W,OW D W,1
 HH EH L P G, G,1
P EH K,P AE K,2
W AA SH W,W IH DH W,4
P AE R,P EH R,1
ER IH F,ER AH F,1
D JH UW,D T UW,1
UW AH L B,UW B,1
T OW V,T AH V,1
V ER L,V R IH L,1
L UH K T DH AH,L IH JH AH,1
AH OW SH AH N,AH S,1
M AY P AH,M AH,1
AH T EY T,AH N IH T,1
Z AH P B,Z AE T B,1
 IH D R AY D DH, AH DH,1
IY HH AE D,IY AH D,1
D Y AO,D AO,1
D Y AO,D T UW T AO,1
R D,R D D,1
ER IH N,ER AH N,1
N IH N,N AH N,1
N V,N D V,1
EY T,EY D IY AH N T,1
T IH NG AE,T AE,1
Z AH SH,Z SH,1
EY T AH,EY D AH,1
D DH IH,D HH IH,1
D UW AA N,D AY AH N,1
N DH AH S,N IH S,1
S P AY D ER W,S IY OW W,1
W EH B G,W EY G,1
W EH B G,W ER G,1
NG Z R,NG T UW R,1
W AO R N,W AA Z,1
IY Z D ER T,IY S T,1
T IY D IH,T IH CH IH,1
IH SH AH Z,IH Z,1
K AE L,K AH L,1
K AE L,K L,1
L S IY,L EY M IY,1
IY AH M M EY,IY EY,1
EY K S B OW N,EY N,1
IY TH S T R,IY CH D R,1
AO NG,AO N,1
D AA R K,D AH K,1
AE S K M,AE Z M,2
L AY F T,L AA T T,1
T Y UW D IH,T IH,1
D AH K T AH,D AH,1
D D IH P,D DH AH P,1
IY SH AH N,IY S,1
G EH T IH,G IH V IH,1
B AA S,B AE S,1
ER IY Z,ER D Z,1
NG D UW AA,NG T IH L AA,1
AY D ER W,AY R AH V W,1
K IH NG Z R,K AH N D R,1
M TH EY,M DH EY,1
EY R,EY AA R,1
 K AE L S, S,1
S IY AH,S AH,1
M EY K S B,M B,1
D T IY TH S,D AH S,1
ER W AA Z,ER IH Z,1
 F, AH F,1
AA G G,AA G,3
G EH T S V,G IH Z V,2
L AE F,L EH F,1
F D AE N S AH,F T AH,1
D S,D IH N S,1
D AH,D DH AH,1
D AH,D ER AH,1
D IH N,D AE N,1
D IH N,D AH N,3
UW AO TH ER AY Z,UW AA R DH IY Z,1
IY D Z DH,IY CH T DH,2
M N IY D AH D,M M EY D,1
K G L,K K L,1
L AH V Z T,L AE S T,1
EH S DH,EH T DH,1
V AH N,V IH N,1
W AA B AH L D,W UH D,1
F AH M IH L,F AA L,1
L Y ER S,L AH R S,1
N IY DH,N DH,1
DH ER S,DH AH IH N S,1
L D D,L D,1
R M AH,R AH,1
T AO R,T OW R,1
S AA R,S R,1
T AH V F AE SH,T EY SH,1
 DH AH T, T,1
ER Z T,ER T,1
T D AY AH G,T AE G,1
R AE M M,R AH M,1
M EY K S S EH N,M AH N,1
N S OW,N T OW,1
W UH D IH,W ER IH,1
SH N,SH T N,1
R AH JH,R JH,1
R EY G IY S,R IH NG Z,1
G AE L AH N,G AW N,1
Z DH AE N,Z AH N,1
N B,N D B,2
IY AE N OY L IY R,IY AH AO R,2
IY AE N OY L IY R,IY AH AO R DH AH R,1
 D IH S, DH AH S,1
R OY EH,R EY EH,1
M M Y UH R,M N IH R,1
W EH R W,W ER W,1
ER Y UW W,ER IY D W,1
 M IH D IY, B AH T IY,1
R K IY Z,R CH AH Z,1
D AA R K S,D UW S,2
D AA R K S,D AO G S,1
T IY N,T EY N,1
N IY EH,N IH NG EH,1
UW IH,UW HH IH,1
IH T S R,IH Z R,1
R Z IH,R IH,1
AE T,AE S T,1
AW AO,AW T AO,1
L IH F,L EH R F,1
F W AA Z S,F AO R S,1
UW DH D B,UW TH B,1
UW DH D B,UW N B,1
B AY DH AH,B AE T AH,1
L AH G ZH ER IY AH S M AH S,L K R AY Z B IH S,1
CH AH N,CH AE N,1
N T AY M,N AH M,1
M L,M AH L,1
L IY IH,L IH,1
N AH V,N OW V,1
V AH HH,V ER HH,1
M EY ER,M ER,1
ER N M AO R M AH N,ER OW N,1
K AA M,K AH M,2
Z T R IY T S,Z,1
IY R AE G,IY G,1
G L,G AH L,1
N UW DH,N OW DH,1
Z R,Z AH R,1
DH AH,DH AE T AH,1
AH AY R,AH R,1
R AA N,R AH N,1
R AA N,R AH S AH N,1
IH K F,IH NG F,1
F R UW T,F UH T,1
T AH V AH,T AH,1
D IY P L,D L,1
AE D AH,AE T AH,1
AH D T,AH T,1
M IY N,M AE N,1
N Z R,N R,1
R IY M Z,R EY N Z,1
V D AY,V T AY,1
L G EY,L D D EY,1
 D IH D Y, DH AE T Y,1
AO L Z,AO R AH,1
K AE ZH M,K EY S M,1
M IH R S W EH T,M EY T,1
T ER,T,1
ER D AE T,ER T,1
T G,T UW G,1
AA N AH,AA T AH,1
AH Z AH N D AE L,AH M AA L,1
Z AA R T,Z AH V T,1
W AO R DH,W ER DH,1
IY AO,IY F AO,1
AO T S T,AO R T,1
T OW AH,T AH,1
S IH Z,S AH Z,1
Z AH M,Z,1
L OW ER D,L AO R D,1
N AE,N D AE,1
DH D,DH,1
Y UW AA R,Y AO R,1
 AA R Y, Y,3
DH AE N N AE,DH AH D AE,1
S IH S,S AH S,1
IY W AA SH W,IY B AE TH W,1
M IY T SH,M EY SH,1
P AO R,P UW R,1
R K,R,1
R K,R AH K,1
V P Y UW,V T UW,1
Z D ER T IY D,Z D,1
L S IY AH M M,L AY M,1
M EY K S,M AH T S,1
D AA N T AE S K M IY,D IY,1
K AE R IY AE,K AE,1
S HH AE Z,S IH Z,1
AH ER AY,AH R AY,1
 P IY T, T,2
 P IY T, IH T,1
T S ER,T ER,1
IY AH,IY S AH,1
AH Z AA R K,AH K,1
K L AH N CH,K AE T,1
 D R AA P F, F,1
AY V F AO R,AY ER AA R,1
 HH ER W, AH W,1
 HH ER W, W,1
 EH L D ER L IY P, M AY P,1
AO R D AA R K,AO K,1
IY AE N OY L IY R AE G L,IY AH AH L,1
IY AE N OY L IY R AE G L,IY AH AH T EY L,1
N AH S,N IH S,1
ER AH S T,ER D Z T,1
P AH D JH,P R AA JH,1
JH AE K,JH EH K,1
K AE,K T AE,1
AE S AH,AE Z AH,1
N D M,N M,1
L DH AH AO T,L T UW AA R T,1
IH DH AH,IH TH AW T AH,1
AH DH ER Z,AH S,1
L AE N,L IH N,3
N AE M B Y AH L,N V EY L,1
AY AE Z Y,AY Y,1
AY OY L,AY AO L,1
B AO R IH NG N,B OY N,1
T V,T S V,1
 AO R, AA R,1
L AO,L AH W AO,1
R W ER IY,R IY,1
IY OW V ER,IY ER,1
ER S,ER W AA Z S,1
EH R R,EH R,1
Z AH L T,Z N AA T,1
EH G ER,EH R,1
EY Z IH G Z AE,EY AY AE,1
 JH EH F TH, SH IY TH,1
 JH EH F TH, HH IY TH,1
T Y UW AA R,T SH IY AO R,1
R G Y UW D,R D,1
N F EY V ER,N AH T ER,1
L IY N D,L EY M D,1
 AH P AO, AO,1
R T AH B AH L IH,R IH,1
 HH IY D, AY D,1
L D HH ER TH AY Z IH,L AO R DH AH IH,1
 R AA B S AE, AE,1
T B AY DH AH,T M IH L T AH,1
AH P AA N,AH N,1
AH S T,AH T,1
R EY G IY,R IY,1
IY S,IY Z,1
IY S,IY IH Z S,1
 IH D, AH N D,1
 IH D, AY D,1
R AE DH ER N AA,R EH B AA,1
AA T B AY DH IY Z SH UW Z DH AE N,AA S AA S AH N,1
 HH ER R AY T HH AE, AH N AE,1
L IY IY Z IY,L IY,1
DH EH R AA,DH EY AA,1
S N IH,S IH,1
IH M F,IH N F,1
F OW M,F ER M,1
EY N,EY SH AH N,1
N IY AE K S AA,N AA,1
AY S,AY Z S,1
AY S,AY Z,1
 G R, R,1
R EH G B AY Z F R,R AH JH IH S T AH R,1
R EH SH M,R Z M,1
K K AH T B AE,K F AE,1
 V EY P ER P, DH AH P,1
EY D Z,EY S IH Z,1
ER AO R L,ER L,1
ER DH AE N,ER D AH N,1
 P R AA JH EH K T, B OY T,1
T D IH V EH L,T L,1
L AH P M AH,L AH,1
AH N T,AH T,1
OW L S,OW S,1
S L,S T L,1
 DH AH OW EY S IH S W, HH ER AE Z W,1
T D AH,T DH AH,1
EY Z R,EY S R,1
 AH M, AY M,1
S K Y AH L ER,S T G EH T HH ER,1
Z HH AA R M AH N,Z T UW EH N,1
N AY Z M,N IY M,1
K AA R,K AO R,1
R P AH,R AH,1
AH T K,AH K,2
K L,K AH L,1
T OW L,T AH L,1
T OW L,T IH L,1
L D S,L S,1
IY P S,IY F S,1
IY Z D,IY D,1
K AE L S IY AH M M,K AA Z M,1
L IY R AE G L AY K,L EY K,1
Z N,Z IH N,1
N AY AH,N DH AH,1
 HH IY S, DH AH S,1
T OW L AH D AY M F,T R EY N F,1
R TH,R AH TH,1
ER Z D,ER D,1
D EY Z IH,D DH IH S IH,1
TH AO T Y,TH ER D IY Y,1
ER AH V AH S,ER AA R S,1
S EH N,S AH N,1
T R AH F Y UW JH P,T P,1
L IY N,L AE N,1
SH EH L,SH AE L,1
D AW T,D AE T,1
Z D IH G M,Z T EY K M,1
AY D DH,AY V DH,1
AY D DH,AY T DH,1
ER AW T G,ER G,1
P IY N,P IH N,1
N AH T,N T,1
T OY L B,T OW B,1
 F AH, DH AH,1
F AH S OW,F AA R OW,1
W EH R AH Y,W ER Y,1
AY Z DH EY,AY S EY,1
N D R,N R,1
S M IY AW AO L W EY Z HH ER,S B OW AH S T ER,1
ER T S M,ER Z M,1
OW AH N,OW IH N,1
AY D AH D,AY D,1
V AH,V DH AH,2
 IH F D, DH AH D,1
Z W ER AH,Z HH UW AA R AH,1
T S ER IY,T R IY,1
IY AH Z,IY Z,1
W AO T ER AO L,W AA L,1
L Y IH,L D IH,1
 DH EH R Z S, HH IY S,1
B AH HH,B IH HH,1
 L EH T, B AH T,1
T AH S D,T AE Z D,1
JH UW N,JH EY N,1
N Y ER D,N D,1
HH IY IY,HH IY,1
IY T OW,IY D OW,1
UW TH F EH R IY F,UW DH EY F,1
AH B S T AH,AH CH AH,1
AH N S,AH K EY S,1
S AH Z AO,S AO,1
AO L K,AO R K,1
L AY N,L AH N,1
S AA L,S AO L,1
L AH D S T EY T,L T,1
T M AH,T AH,1
 TH ER OW, DH AH OW,1
OW L,OW N L,1
Z D AH P,Z DH AE T,1
R AA D,R AY D,1
AY DH AH,AY AH,1
 IY, HH IY,1
IY CH AH N,IY AE N,1
T AY M,T AH M,1
M L IY IH N K,M AH K,1
K AH M L AO S,K AE S,1
S K OW AH,S AH,1
AH N S AY D,AH R Z D,1
AH D W IH DH DH,AH V DH,1
EY ER N M,EY M,1
M AO R,M AA R,1
 Y AH NG S T ER Z L, L,1
S AY AH V,S IH L V,1
V R IH L,V ER L,1
S AH,S T AH,1
D AA N T AE,D AE D AE,1
K M,K T M,1
 OW V AH, AH,1
AH L F,AH F,1
M Z IY K,M P S AH K,1
L IY Z D IH,L EY S IH,1
IH G M,IH N M,1
NG IH N,NG AH N,1
B ER IH,B AW R IH,1
JH S,JH D S,1
AH NG G AH,AH N D AH,1
B L IY,B IY,1
CH AE S,CH EH S,1
AH T IY AA N,AH V DH AH AH N,1
 CH UW Z K, SH IY K,1
AA N K,AA T K,1
ER S P IH,ER Z F IH,1
ER S P IH,ER Z B IH,1
S IH V,S AH V,1
HH EY V,HH AE V,1
V AH N T IH,V IH,1
R UW HH,R OW HH,1
R EH G B AY,R AY,1
AY Z F,AY S F,1
IH K K,IH K,1
K AH T B,K B,1
 W AH N L, IH T L,1
IY D G,IY G,1
B EH G DH,B IY DH,1
L N AH,L DH AH,1
V IY Y,V Y,1
L IH M Z IY,L UW AH N S IY,1
F G AH,F DH AH,1
SH AH Z,SH IH Z,1
 P AA M, AH M,1
M OY L,M AY L,1
S AW N D AH D AE Z DH OW DH EY,S EY SH IY EY,1
EY AO,EY T AO,1
AH B EH G,AH D AE G,1
R TH ER Z D,R DH AH D,1
M R IY V,M V,1
UW D IH,UW IH,1
N Z SH EH,N S EH,1
SH W,SH T W,1
 D AE F N, EH TH N,1
 AO SH, OW SH,1
N DH AE T B,N AH B,1
DH EH M N,DH AH N,1
EY D AE Z,EY HH IH Z,1
AH P AH,AH AH,1
P AH T S,P S,1
S D IH L AY T,S T AA R T,1
D AA R D,D AW ER D,1
T W AA Z,T AH Z,1
HH EH L P G,HH AW G,1
R EH G T,R EY T T,1
K AH V P,K P,1
T S DH,T DH,1
L OW ER DH,L AO R D DH,1
L AA AE F T ER,L AH N D ER,1
ER AY AE,ER AE,1
T N OY Z P,T P,1
 S AH L, L,1
L EH K,L AY K,1
K T AH D B,K B,1
Z IH L,Z AH L,1
K AO L,K OW L,1
NG Y AO R AA,NG HH ER AA,1
L W EH N,L AH N,1
N Y,N D Y,1
S M AY N,S IH N,1
T B ER,T F ER,1
ER TH K,ER S T K,1
NG P IH L,NG F EH L,1
CH D AW N,CH AA N,1
L AH N,L IH N,1
 N OW R, R,1
DH AH N,DH EH N,1
N IH R,N DH EH R,1
N IH R,N ER,1
R AH S T S,R IH Z S,1
N AE M OW,N AH,1
 EY M T, AH N D T,1
S ER IY,S EH R IY,1
Z AA R,Z AO R,1
P F,P T F,1
AY V F,AY ER F,1
R M Z IH,R W ER D IH,1
R UW T L,R OW L,1
L AH S AH,L Z AH,1
ER D P,ER P,1
K T DH,K DH,1
 D AE, AE,1
IY D IH,IY T IH,1
T T UW D,T AH V D,1
R Y UW L,R L,1
P IH N,P AE N,1
N AH CH N AY T L,N IH SH M IH L,1
L IY IH N,L AH N,1
N K R IY,N IY,1
IY S AH Z,IY Z,1
SH AH B L IY,SH EH D,1
M Y UW T AH N,M AY N,1
P AH T,P EH T,1
T AY Z ER Z,T AH S AH R Z,1
P AE K AA,P EH T AA,1
R AA K,R UH K,1
L IY AH,L AH,1
K AA L AH,K AH,1
AH F L,AH L,1
L AW ER,L ER,1
P IY T S ER IY AH Z,P R IH Z,1
Z AA R K AH,Z AH,1
N V IY N Y AH,N M AH,1
N G R IY S,N V ER S,1
UW D IH P,UW B IY P,1
V IH T,V AH T,1
AH R EY N,AH N,1
N JH AH,N D AH,1
G D DH,G DH,1
M AO S,M AE S,1
R OW SH,R EH SH,2
SH UH R IH,SH ER IH,2
AY CH AA R JH M,AY T ER N D M,1
S AW N,S AE N,1
D AE F,D IH F,1
F N,F AY N,1
 S T, T,1
EH D AH N D,EH D,1
HH AW G UH D,HH IY AA D,1
D IH Z Y AO R,D AH R,1
R EH N D ER AH,R AH,1
N B IY,N V IY,1
P S,P S S,1
 M IH L K P, P,1
IY Z AH V DH,IY AA N DH,1
S D R,S T R,1
R AH G,R OW K,1
 W AY L HH, B AH T HH,1
IY HH IH Z,IY AE Z,1
AH EH M B L,AH L,1
AH M D IH P,AH P,1
DH AH AH K,DH EH R K,1
P AH L AH S,P S,1
S AA L V D,S OW,1
IY AE N OY L IY R AE G L AY,IY AH AH DH ER W AY,1
Y ER AH TH EY N F OW,Y UW R OW,1
OW M AE Z AE N,OW P IY AH N,1
IH D DH,IH P DH,1
EY T AH N T,EY T,1
AY L R,AY ER R,1
NG IH,NG HH IH,1
IH N TH,IH M TH,1
 R AE L, AO L,1
L F K,L K,1
DH IH S B R,DH AH P R,1
V F AO,V AO,1
T AA N,T IH N,1
 DH AH, AH,1
 EY T F, AH F,1
F IY L D G,F Y UW G,1
D T W,D W,1
IH CH T HH,IH DH HH,1
D HH IY F,D F,1
T AH,T DH AH,1
 AH L UW M AH N, AE N,1
N AH M,N HH IH M,1
S IH L V,S EH V,1
V ER W,V R AH L W,1
S T T,S T,1
T AW N,T AO R,1
T S HH,T HH,1
T SH UH G ER,T R UW,1
G EH T,G IH T,1
 HH IY D K, AY K,1
S AA N IH K IH L EH K T R,S AE R,1
N IH K,N AH K,1
L B L,L P L,1
AE NG K,AE N,1
IY L Z,IY Z,1
S IH L,S AY L,1
AH W EH T,AH N T,1
AE B D OW M AH N,AE F T ER IH N,1
N IH Z,N AE Z,1
