 SH IY HH AE D Y AO R D AA R K S UW T IH N, EH N,9
 SH IY HH AE D Y AO R D AA R K S UW T IH N, W AH N,8
 SH IY HH AE D Y AO R D AA R K S UW T IH N, N,1
 SH IY HH AE D Y AO R D AA R K S UW T IH N, DH EH N,1
N G R IY S IY W AA SH W AO T,N T,9
 D AA N T AE S K M IY T UW K AE R IY AE N OY L IY, HH IY,56
IY R AE G L AY K DH,IY DH,2
 HH IH Z K AE P T AH N W AA Z TH IH N AH N D HH AE G ER D AH N D HH IH Z B Y UW T AH F AH, DH AH,1
AH L B,AH B,1
 DH AH R IY Z AH N Z F AO R DH IH S D AY V S IY, HH IY,1
IY M D F UW L IH SH N,IY N,1
 P R AH D AH K SH AH N M EY, HH IY EY,1
EY F AO L F AA R B IH L OW EH K S P EH K T,EY T,1
T EY SH AH N Z,T,1
 P IY T S ER IY AH Z AA R K AH N V IY N Y AH N T F AO R AH K W IH K L AH N CH, AY,3
 P IY T S ER IY AH Z AA R K AH N V IY N Y AH N T F AO R AH K W IH K L AH N CH,,1
 P UH T DH AH B UH CH ER B L AA K T EY B AH L IH N DH AH G ER AA ZH, HH IY,1
 P UH T DH AH B UH CH ER B L AA K T EY B AH L IH N DH AH G ER AA ZH, AY,5
 P UH T DH AH B UH CH ER B L AA K T EY B AH L IH N DH AH G ER AA ZH,,1
 D R AA P F AY V F AO R M Z IH N, W AH N,1
N DH AH B AA K S B IH F AO R Y UW G OW AW T,N,1
 HH ER W AO R D R OW B K AH N S IH, IH,1
IH S T S AH V OW N L IY S K ER T,IH T,1
T S AH N D B L AW S AH Z,T,1
 EH L D ER L IY P IY P AH L AA R AO F AH N IH K S K L UW D AH D, AY,4
 EH L D ER L IY P IY P AH L AA R AO F AH N IH K S K L UW D AH D,,3
 SH IY HH, HH,56
 SH IY HH, AY HH,4
HH AE D Y AO R D AA R K S UW T IH N G R IY S IY,HH IY,54
AA SH W AO T ER AO L,AA Z B EH R L,1
L Y IH R,L IY,6
L Y IH R,L,1
L Y IH R,L HH ER,2
IY R AE G L AY K DH AE T,IY,56
 HH AH S K IY Y AH, DH AH,1
AH NG M AE N HH IY S EH D W IH DH M AA K D,AH D,1
 AA HH AA HH, HH,1
HH IY TH AO T AH L AH SH D AH V AO R S IY,HH IY,1
 DH AH S, HH IY S,1
S T EH K N IH K AH L IH F IH SH AH N S IY IH Z AH CH IY V,S EY V,1
 AA B JH EH K T S M EY D AH V P Y UW T ER AA R B Y UW T AH F AH L, AY,3
 AA B JH EH K T S M EY D AH V P Y UW T ER AA R B Y UW T AH F AH L,,2
 AA B JH EH K T S M EY D AH V P Y UW T ER AA R B Y UW T AH F AH L, HH IY,2
 DH AH M AO R N IH NG D UW AA N DH AH S, S,1
S P AY D ER W EH B G L IH S AH N D IH,S OW IH,1
 CH IY P S T AA K IH, IH,1
IH NG Z R AH N,IH N,1
AH F ER S T T AY M TH EY R W,AH W,1
W AO R N,W AA N,1
 D AA N T D UW CH AA R L IY Z D ER T IY, HH IY,1
IY D IH SH AH Z,IY,1
 K AE L S IY, HH IY,1
IY AH M M EY K S B OW N Z AH N,IY AA N,1
N D T IY TH S T R AO NG,N,1
IY W AA SH W AO T ER AO,IY AO,1
AO L Y IH R,AO R,2
 IH N W EY JH N AH G OW SH IY EY SH AH N Z DH AH IH N D AH S T R IY B AA R G AH N Z AE, AY AE,1
AE Z AH Y UW N,AE N,1
N AH T,N T,1
IY V AA N DH OW Z R OW P S DH AH B OW T S K AH M AH N S T AH K,IY,1
 M AH T IH R IY AH L Z S ER AE M IH K M AA D AH L IH NG K L EY R EH, N OW W EH,1
EH D W AY T AO R,EH R,1
R B AH F,R,1
 AA R T AH F IH SH AH L IH N T EH L AH JH AH N S IH Z F AO R R IY L, AY,5
 AA R T AH F IH SH AH L IH N T EH L AH JH AH N S IH Z F AO R R IY L,,2
 DH AH S M AO L B OY P UH T DH AH W ER M AA N DH AH HH UH K,,3
 DH AH S M AO L B OY P UH T DH AH W ER M AA N DH AH HH UH K, AY,3
 AH CH OW Z AH N F Y UW W IH L B IH K AH M JH EH N ER AH L Z, AY,6
 AH CH OW Z AH N F Y UW W IH L B IH K AH M JH EH N ER AH L Z, HH IY,1
 OW N L IY DH AH M OW S T AH K AA M P L IH SH T AA R T IH S T S AH, W AH,1
AH B T EY N,AH N,1
N P AA P Y AH L EH R AH T IY,N,1
 DH AH F IH SH B IH G AE N T UW L, AY L,2
L IY P F R AE N T AH K AH L IY AA N DH AH S ER F AH S AH V DH AH S M AO L L EY K,L AY K,2
 SH IY HH AE D Y AO R D AA R K S UW T IH N G R IY S IY W AA SH W AO T ER AO L Y, DH AH Y,5
 D AA N T AE S K M IY T UW K AE R IY AE N OY L IY R AE G L AY K DH, DH,18
DH AE T,DH AH,18
 D AE N S AH Z AO L T ER N EY T AH D W, W,1
W IH DH S AH NG AO R S P OW K AH,W AH,1
N V ER S AH Z,N,1
 M AY F AA DH ER R AE N HH IH M AO F HH, HH,1
IY R S IH K S Y IH R Z AH G OW,IY,1
 HH IY R HH IY IH Z K W AY T P, DH AH P,1
P ER S W EY,P EY,1
EY S IH V L IY DH AH V EH R IY EH M B AA D IY M,EY M,1
D S L,D L,1
N AH S,N Z,1
 DH AH K AE T S M IY, HH IY,1
IY AW AO L W EY Z HH ER T S M AY IH R Z,IY,1
 K L IH F W AA Z S UW DH D B AY DH, DH,3
DH AH L AH G ZH ER IY AH S M AH,DH AH,3
AH S AA ZH,AH,3
 IY CH AH N T AY M L IY IH N K AH M L AO S K OW AH N, DH EH N,1
N S AY D AH D W IH DH DH,N DH,1
 JH EY N M EY ER N M AO R M AH, W AH,1
N IY B AY W ER K IH NG HH AA R D,N,1
 Y AH NG S T ER Z L AH V K AA M AH N K AE N D IY AE Z T R IY, HH IY,2
IY T S,IY,2
 SH IY HH AE D Y AO R D AA R K S UW T IH N G R IY S IY W AA SH W AO T ER AO L Y IH R, AY,19
 SH IY HH AE D Y AO R D AA R K S UW T IH N G R IY S IY W AA SH W AO T ER AO L Y IH R, DH AH,28
 SH IY HH AE D Y AO R D AA R K S UW T IH N G R IY S IY W AA SH W AO T ER AO L Y IH R, DH EH R,4
 SH IY HH AE D Y AO R D AA R K S UW T IH N G R IY S IY W AA SH W AO T ER AO L Y IH R, AY AY,5
 SH IY HH AE D Y AO R D AA R K S UW T IH N G R IY S IY W AA SH W AO T ER AO L Y IH R, DH EY,1
 SH IY HH AE D Y AO R D AA R K S UW T IH N G R IY S IY W AA SH W AO T ER AO L Y IH R, DH AH EH R,1
 D AA N T AE S K M IY T UW K AE R IY AE N OY L IY R AE G L AY K DH AE T,,19
IY HH AE Z N EH V ER,IY IY DH ER,1
ER HH IH M S EH L F D AH N EH N IY TH IH NG F AO R W IH CH T UW B IY HH EY T AH D W IH CH AH V AH S HH AE Z,ER,1
 B IY IH K S AY T AH D AH N D D AA N T AY D EH N T AH F AY Y ER S EH L F,,1
 S AH M T AY M Z HH, HH,1
HH IY K OW AH N S AY D AH D W IH DH M AY F AA DH ER Z B IY,HH IY,1
IY IH NG AE T HH OW M,IY,1
 DH AH B AH NG G AH L OW W AA Z P L EH Z AH N T L IY S IH CH UW EY T IH D N IH R DH AH SH AO R, AY,4
 DH AH B AH NG G AH L OW W AA Z P L EH Z AH N T L IY S IH CH UW EY T IH D N IH R DH AH SH AO R,,1
 AA R Y UW L UH K IH NG F AO R EH M P L OY M AH N T,,6
 AA R Y UW L UH K IH NG F AO R EH M P L OY M AH N T, AY,1
 AH B IH G G OW T AY, AY,2
AY D L IY AE M B AH L D TH R UW DH AH F AA R M Y AA R D,AY,2
 IY T IH NG S P IH N AH CH N AY, AY,1
AY T L IY IH N K R IY S AH Z S T R EH NG K TH M ER AE K Y AH L AH S L IY,AY,1
 AE T T W AY L AY T AA N DH AH T W EH L F TH D EY W EH L HH AE V SH AH B L IY,,1
IY W AA SH W AO T ER AO L Y IH R,IY,45
IY W AA SH W AO T ER AO L Y IH R,IY R,3
 D AA N T AE S K M IY T UW K AE R IY AE N OY L IY R AE G L AY, AY,70
 D AA N T AE S K M IY T UW K AE R IY AE N OY L IY R AE G L AY, AY AY,1
AY K DH AE T,AY,71
 DH AH S OW K AO L D V EH JH T, HH IY EY T,1
T AH B AH L AY V ER IY IH Z DH AH HH AA R D EH,T EH,1
EH N D AH S P ER M AH V DH AH EH G S,EH K S,1
 HH AW D IH D W AH N JH OY N DH EH M,,1
 D AA G Z D IH D S AH M TH IH NG T UW W AH N Z IY G OW,,1
 DH AH B EH S T W EY T UW L ER N IH Z T UW S AA L V EH K S T R AH P R AA B L AH M Z, AY,2
 DH AH B EH S T W EY T UW L ER N IH Z T UW S AA L V EH K S T R AH P R AA B L AH M Z, HH IY,3
 SH IY W AO R W AO R M F L IY S IY W UH L AH, DH AH,2
 SH IY W AO R W AO R M F L IY S IY W UH L AH, AY OW AH,1
AH N OW V ER AO L Z,AH,2
 R AE L F K AH N T R OW L D DH AH S T AA P W AA CH F R AH M DH AH B L IY CH ER Z,,2
 R AE L F K AH N T R OW L D DH AH S T AA P W AA CH F R AH M DH AH B L IY CH ER Z, AY,2
DH IH S B R OW SH UH R IH Z P AA R T IH K Y AH L ER L IY IH N F AO R M AH,DH AH,1
AH T IH V F,AH F,1
F AO R AH P R AH S P EH K T IH V B AY,F AY,1
 W AY, AY,4
AY CH AA R JH M AH N IY F AO R S AH CH G AA R B IH JH,AY,2
 AO F AH N D AA M AH N AH, AY AH,1
AH N T S T,AH T,1
T R EH,T EH,1
EH S S IH M P L IY IH N,EH N,1
N D IH K EY T S AH S EH N T ER IH NG AH V AH T EH N SH AH,N CH AH,1
 HH IY HH AE D L EH F T HH ER IH N V AY AH, DH AH,1
AH L IH T TH IH NG K IH NG F AH,AH AH,1
AH M IH L Y EH R AH T IY W UH D JH EH N T AH L HH ER,AH DH ER,1
 B R OY L AO R T OW S T AE Z Y UW ZH AH W AH L,,1
 DH AH EH M B L AH M D IH P IH K T S DH AH AH K R AA P AH L AH S AO L AH G L OW, AY,2
 DH AH EH M B L AH M D IH P IH K T S DH AH AH K R AA P AH L AH S AO L AH G L OW, HH IY,3
 DH AH EH M B L AH M D IH P IH K T S DH AH AH K R AA P AH L AH S AO L AH G L OW,,1
 M IH L AH T EH R IY, HH IY,3
 M IH L AH T EH R IY, HH IY IY,1
IY P ER S AH N EH L AA R IH K S P EH K T AH D T UW OW B EY G AH V ER M AH N T AO R D ER Z,IY,3
 OW N L IY L AO Y ER Z L AH V M IH L Y AH N EH R Z,,6
 OW N L IY L AO Y ER Z L AH V M IH L Y AH N EH R Z, AY,1
 IH F K AE R AH L K AH M Z T AH M AA R OW HH AE V HH, HH,3
HH ER ER EY N JH F AO R AH M IY,HH IY,3
IY T IH NG AE T T UW,IY,3
 HH IH Z SH OW L D ER F EH L T AE Z IH F IH T W ER B R OW K AH N,,3
 HH IH Z SH OW L D ER F EH L T AE Z IH F IH T W ER B R OW K AH N, AY,4
 B AH T W IH DH IH N DH AE T F R EY M W ER K HH, HH,1
HH IY AH L AW D F AO R AE Z M AH CH F L EH K S AH B IH L AH T IY,HH IY,1
IY AE Z P AA S AH B AH L,IY,1
 W IY K EY M AA N AE Z S UW N AE Z W IY K UH D,,1
 IH F N EH S AH S EH R IY T UW R IY, HH IY,1
IY P L EY S B OW TH HH AE V Z AA N G R IH L S IH R K AH T S AH,IY AH,1
T EH K S T,T AE F T,1
T R AH T,T ER T,1
 HH IY S T OW L AH D AY M F R AH M AH B EH G ER,,5
 B IH F AO R TH ER Z D EY Z IH G Z AE M R IY V Y UW EH V ER IY, HH IY,4
IY F AO R M Y AH L AH,IY,4
 DH EY EH N JH OY IH T W EH N AY AA D IH SH AH N,,6
 JH EH F TH AO T Y UW AA R G Y UW D IH N F EY V ER AH V AH S EH N T R AH F Y UW JH P ER CH AH, DH AH,3
AH S,AH,4
 JH AA N K L IY N Z SH EH L F IH SH F AO R AH L IH V IH NG,,4
 JH AA N K L IY N Z SH EH L F IH SH F AO R AH L IH V IH NG, AY,1
 Y UW T UH K M IY B AY S ER P R AY Z,,1
 DH AH HH EH V AH N Z R AH F Y UW Z D T UW G IH V AH P DH EH R W IY P IH NG, AY,1
 DH AH AY D IY AH AH V AH S EH N T R AH L T AE NG K W IH DH L AY N Z T UW IY CH HH, HH,1
HH AW S IH Z N AA T IH N IH T S EH L F AH N AA V AH L T IY,HH IY,1
 D IH S T R OY EH V ER IY F AY L R IH L EY T IH D T UW M AY AA D AH T S,,1
 AE L AH S AH Z AH B IH L AH T IY T UW W ER K W IH TH AW T S UW P ER V IH ZH AH N IH Z N OW T W ER DH IY, AY,1
 B AA B P EY P ER D OW V ER L IH V IH NG R UW M M Y UH R AH L Z,,1
 W EH R W ER Y UW W AY L W IY W ER AH W EY,,5
 M IH D IY V AH L S AH S AY AH T IY W AA Z B EY S T AA N HH AY, AY,4
AY R AA R K IY Z,AY,4
 SH IY, IY,3
 SH IY, T IY,2
 SH IY, HH IY,1
IY HH AE D Y AO R D AA R K S UW T IH N G R IY S IY W AA SH W AO T ER,IY DH ER,3
ER AO L Y IH R,ER,16
ER AO L Y IH R,ER HH IY R,1
 AE T DH AH B EY S AH V DH AH R AA K IY, HH IY,1
IY HH IH,IY IH,1
IH L S AY D DH EY L EH F T DH EH R HH AO R S AH Z AH N,IH N,1
N D K,N K,1
AY M D,AY N D,1
 Y UW Y AH NG M EH N G, HH IY G,1
G EH T T UW B IY M AY EY JH Y UW W OW N T T EY K F L UW S OW,G OW,1
 AH W UH M AH N M EH T AH F EY M AH S AO TH ER AE T AH L IH T ER EH R IY T IY, HH IY,1
 DH AH M AO R N IH NG D UW AA N DH AH S P AY D ER W EH B G L IH S AH N D IH N DH AH S AH N, HH IY,2
 CH IY P S T AA K IH NG Z R AH N DH AH F ER S T T AY, AY,3
AY M TH EY R W AO R N,AY,3
 D AA N T D UW CH AA R L IY Z D ER T IY D IH SH AH Z,,3
 D AA N T D UW CH AA R L IY Z D ER T IY D IH SH AH Z, AY,2
 K AE L S IY AH M M EY K S B OW N Z AH N D T IY, HH IY,2
IY TH S T R AO NG,IY,2
 SH IY HH AE D Y AO R D AA R K S UW T IH N G R IY S, S,3
HH AW EH V ER DH AH L IH T ER R IH M EY N D AA G M EH N T AH D B AY S EH V R AH L D AH Z AH N L AH N CH R,HH IY Y UH R,1
R UW M S AH,R AH,1
P ER Z,P,1
 B UH K S AA R F AO R SH N UH K S,,1
 T UW M EH N IY, HH IY,1
IY EH K S P ER T S DH IH S T R EH N D W AA Z IH N EH V AH T AH B AH L,IY,1
 AH M AH S K Y AH L ER AE B D OW M AH N IH Z G UH D F AO R Y AO R B AE K, HH IY,3
 AH M AH S K Y AH L ER AE B D OW M AH N IH Z G UH D F AO R Y AO R B AE K,,2
 AH M AH S K Y AH L ER AE B D OW M AH N IH Z G UH D F AO R Y AO R B AE K, AY,1
 DH AH K AA Z W EY EH N D AH D AH B R AH P T L IY, HH IY,4
IY AE T DH AH SH AO R,IY,4
 DH OW Z M Y UW Z IH SH AH N Z HH AA R M AH N AY, AY,5
AY Z M AA R V AH L AH S L IY,AY,5
 P L IY Z T EY K DH IH S D ER T IY T EY B AH L K L AO TH T UW DH AH, EH N AH,1
 P L IY Z T EY K DH IH S D ER T IY T EY B AH L K L AO TH T UW DH AH, W AH,1
AH K L IY N ER Z F AO R M,AH M,1
 DH AH K AA R P AH T K L IY N ER Z SH AE M P UW D AW ER, HH ER,1
ER AO R IY EH N T AH L R AH G,ER,1
 W AH, DH AH,1
AH T AH B S EH SH AH N,AH IH N,1
N Z HH AE D SH,N IH SH,1
SH IY P IH K T AH,SH AH,1
AH P D UH R IH NG DH IY Z L,AH L,1
L AO NG N AY T S AH V T AO K,L,1
 AH N D P AH Z EH S T HH IH M S EH L F HH AW, AY,1
 DH EY W IH L T EY K AH W EH D IH NG T R IH P L EY T ER,,1
IY P ER S AH,IY V AH,1
AH N EH L AA R,AH R,1
R IH K S P EH K T AH D T UW OW B EY G AH V ER M AH,R AH,1
N T AO R D,N D,1
D ER Z,D,2
IY HH AE D P L AH N JH D IH N T UW DH AH D AA R K W UH D Z B IH AA N D,IY,1
 W AH N HH, HH,1
HH AE D T UW B IH L IY,HH IY,1
IY V IH N F AY N AH L IH V EH,IY EH,1
EH N T S AO R W AH N W AA Z S,EH S,1
R AE N,R EY N,1
N D AH D,N JH D,1
 L EH T S B IY F AY N, N,1
N S UW P IH R IY ER P IY P AH L AH V G R EY T D IH G N AH T IY HH,N OW HH,1
 B IH F AO R TH ER Z D EY Z IH G Z AE M R IY V Y UW EH V ER IY F AO R M Y AH L AH, DH AH,1
 B IH F AO R TH ER Z D EY Z IH G Z AE M R IY V Y UW EH V ER IY F AO R M Y AH L AH, AY,2
 DH EY EH N JH OY IH T W EH N AY, AY,1
AY AA D IH SH AH N,AY,1
 JH EH F TH AO T Y UW AA R G Y UW D IH N F EY V ER AH V AH S EH N T R AH F Y UW JH P ER CH AH S, HH IY,4
 JH AA N K L IY N D SH EH L F IH SH F AO R AH L IH V IH NG, AY,2
N G R IY S IY W AA SH W AO T ER AO L Y IH R,N,10
 N AW DH AE T DH IH S IH Z AE T AA D Z W IH DH AW ER M IY, HH IY,1
IY N IH NG M EY B IY SH OW,IY AH P OW,1
OW N AE Z F AA,OW L AA,1
AA L OW Z,AA S,1
 AW ER B OY D IH D N T CH IH K AH N AW T N OW S ER, AY,1
 V EY S AH Z M EY K S EY M AE Z S AO L T AH, DH AH,1
AH N D P EH P ER SH EY K ER Z L,AH L,1
T AA P P,T UW P,1
 AE G R AH K AH L CH ER AH L P R AA D AH K T S AA R AH N IY V AH N L IY, HH IY,3
IY D IH S T R IH B Y AH T AH D,IY,3
 AH L AW L IY W EY HH, HH,4
IY R B AH T R AE SH AH N AH L AY Z AO L EH R ER Z,IY,4
 DH AH N IH R AH S T S IH N AH G AO G M EY N AA T B IY, HH IY,6
IY W IH DH IH N W AO K IH NG D IH S T AH N S,IY,6
 G R EH G B AY, AY,4
AY Z F R EH SH M IH L K IY CH W IY K D EY M AO R N IH NG,AY,4
 K AE T AH S T R AA F IH K EH K AH N AA M IH K K AH T B AE K S N AH G L EH K T DH, DH,2
AH P UW R,AH,2
 IY CH IH Z S T IH L G L AO R AH F AY, AY,1
AY D AE Z AH N AE SH AH N AH L HH IH R OW,AY,1
 DH AH JH EY D AH D AE M ER AH S T K AA N JH ER D AH P P IH, HH IY IH,1
IH K CH ER Z,IH Z,1
Z AH V DH AH B L AE S F AH M AH S R,Z R,1
 HH IH Z S AE L ER IY HH AE D R IY CH T DH AH T EH N TH AW Z AH N D M AA R K, AY,1
 OW N L IY DH AH M OW S T AH K AA M P L IH SH T AA R T IH S T S AH B T EY N P AA P Y AH L EH R AH T IY, HH IY,2
 B AE L EY Z W ER Y UW Z D IH N AA P R AH F R AH M IH T S B IH G IH N IH NG, HH IY,1
 HH IY IH Z AH M AE N AH V M EY, DH EY,1
EY JH ER T AE L AH N T B AH T AH M AE N AH V S AA L AH T EH R IY AH,EY AH,1
DH EY W ER AH,DH AH,1
AH V AE,AH AE,1
AE G AH B AA N D L AA T AH N D K AH N S IH D ER D T UW B IY SH EY D IY AH N D AH N D IH Z AY R,AE R,1
 D IH D Y UW B AY EH N IY K AO R D ER OY OW V ER AO L Z,,4
 S T IY V W AO R AH B R AY, AY,3
AY T R EH D K AE ZH M IH R S W EH T ER,AY,3
 DH AH G AH N M AH N K EH P T HH IH Z V IH K T AH M K AO R N ER D AE T G AH N P OY N T F AO R TH R IY, S IY,1
IY AW ER Z,IY,2
 SH IY IH Z TH IH N ER DH AE N AY AE M,,6
 IH G W AA N AH Z AH N D AE L AH G EY T ER Z AA R T R AA P IH K AH L R EH P T AY, AY,1
AY L Z,AY,1
 L AE B R AH T AO R IY AE S T R OW F IH Z IH K S,,1
 P R IH T IY S UW N AH, DH AH,1
AH W UH M AH N,AH IH N,1
N K EY M AH L AO NG K AE R IY IH NG AH F OW L D AH D AH M B R EH L AH AE Z AH W AO K IH NG S T,N T,1
T IH K,T AY ER,1
 IH F DH AH F AA R M IH Z R EH N T AH D DH AH R EH N T M AH S T B IY P EY D,,1
 D IH S EH M B ER AH N D JH AE N Y UW EH R IY AA R N AY S M AH N TH S T UW S P EH N D IH N M AY, AY,1
AY AE M IY,AY,1
 HH AW G UH D IH Z Y AO R EH N D ER AH N S,,7
 IH F P IY P AH L W ER M AO R JH EH N ER AH S DH EH R W UH D B IY N OW N IY, HH IY,2
IY D F AO R W EH L F EH R,IY,2
 B AA R B B ER N D P EY P ER AH N D L IY V Z IH N AH B IH G B AA N F AY, AY,2
AY ER,AY,2
 B AE S K AH T B AO L K AE N B IY AE N EH N T ER T EY N IH NG S P AO R T,,2
 B AE S K AH T B AO L K AE N B IY AE N EH N T ER T EY N IH NG S P AO R T, AY,3
HH AE D Y AO R D AA R K S UW T IH N G R IY S IY W AA SH W AO T ER,HH ER,4
 IH T P R AH V AY D Z AH F R EY M F AO R DH, DH,1
DH AH S AE M P L IH NG S EH N S AH,DH AH,1
 P R AA G R EH S IH, HH IY IH,1
Z B IY IH NG M EY D T UW IH N IH M P R UW V IH NG M OW T ER AH S T S AE,Z AE,1
 AH N AH, DH AH,1
AH DH ER M EH,AH EH,1
EH M OW F AO R S AY T S IY ER Z B R IH NG Y AO R K,EH N K,1
K AE M ER AH AH L AO NG T UW M,K OW M,1
M Y UW Z IY,M IY,1
 AA R Y AO R G R EY D Z HH, HH,3
HH AY ER AO R L OW ER DH AE N N AE N S AH Z,HH IY,3
 P R AA JH EH K T D IH V EH L AH P M AH N T W AA Z P R AH, DH AH,2
AH S IY D IH NG T UW S L OW L IY,AH,2
 S ER V DH AH K OW L S L AA AE F T ER AY AE D DH AH OY L, HH IY,1
 S ER V DH AH K OW L S L AA AE F T ER AY AE D DH AH OY L,,1
 DH AH OW EY S IH S W AA Z AH M ER AA ZH, AY,2
 DH AH OW EY S IH S W AA Z AH M ER AA ZH,,5
 DH AE T N OY Z P R AA B L AH M G R OW Z M AO R AH N OY IH NG IY CH D EY, AY AY,1
 DH AE T N OY Z P R AA B L AH M G R OW Z M AO R AH N OY IH NG IY CH D EY, AY,1
 W EH N S UW T AH B L IY, HH IY,1
IY L AY T AH D W AH T W UH D IH T L UH K L AY K,IY,1
 AO L AA R W EH L R IH T AH N AH N D AA R OW V ER R IH T AH N, AY,1
 IH T W AA Z AH P L AY D W IH DH AH K AA M P OW S T SH R EH D ER M EY D F, HH IY F,1
 P R IH N S AH Z AH N D F AE K SH AH N Z, AY IY Z,1
Z K L AE SH T IH N DH AH OW P AH N S T R IY,Z IY,1
IY T AH N D D AY D,IY D,1
 DH EH R W ER AH DH ER F AA R M HH AW S AH Z N IH R B AY,,1
 JH AH S T L AO NG IH N AH F T UW M EY K Y UW F IY L IH M P AO R T AH, DH AH,1
AH N T,AH,3
 D IH S EH M B ER AH N D JH AE N Y UW EH R IY AA R N AY S M AH N TH S T UW S P EH N D IH N M AY AE M IY, HH IY,3
 IH F P IY P AH L W ER M AO R JH EH N ER AH S DH EH R W UH D B IY N OW N IY D F AO R W EH L F EH R, AY,2
 B AA R B B ER N D P EY P ER AH N D L IY, HH IY,3
 B AA R B B ER N D P EY P ER AH N D L IY, S IY,1
IY V Z IH N AH B IH G B AA N F AY ER,IY,4
 D IH V ER S AH T IY AH V P ER S EH P SH AH N Y EH S D IH V ER S AH T IY AH V F AE K T Y, AY AY Y,1
 S AH M AH V DH EH M IH G N AO R D DH AH T EH K S T AH N D HH, HH,1
HH AE D AH P EH R AH N T L IY,HH IY,1
IY M EH M ER AY Z,IY IH Z,1
Z D DH,Z DH,1
NG AH G OW,NG,1
 B AH T HH AW L IH T AH L L AH V W IY G IH V HH IH M,,1
 S T IY, HH IY,2
IY V W AO R AH B R AY T R EH D K AE ZH M IH R S W EH T ER,IY,2
DH AH G AH N M AH,DH AH,1
AH N K EH,AH EH,1
EH P T HH IH Z V IH K T AH M K AO R N ER D AE T G AH N P OY N T F AO R,EH R,1
 IH G W AA N AH Z AH N D AE L AH G EY T ER Z AA R T R AA P IH K AH L R EH P T AY L Z, HH IY,5
 SH IY HH AE D Y AO R D AA R K S UW T, T,1
 SH IY HH AE D Y AO R D AA R K S UW T, EH T,1
T IH N G R IY S IY,T IY,1
IY W AA SH W AO T,IY T,1
 DH IH S K AE N B IY D AH N T UW AH HH AY D IH G R IY AH V AE K Y ER AH S IY B AY, AY,1
 B AH T SH IY S AH F ER D IH N HH ER AO F D UW T IY AW ER Z, AY,1
 P R AE K T AH K L IY, S IY,1
IY AO L F AO R K AE S T S M EH N SH AH N N UW AH N D IH K S AY T IH,IY IH,1
 DH AH M IH S K W OW T W AA Z R IY T R AE K T AH D W IH DH, DH,2
DH AE N AH P AA L AH,DH AH,2
AH JH IY,AH,2
 M AY, AY,5
AY K AH L K AH L ER D DH AH B EH D R UW M W AO L W IH DH K R EY AA N Z,AY AY,1
AY K AH L K AH L ER D DH AH B EH D R UW M W AO L W IH DH K R EY AA N Z,AY,3
 HH, DH AH HH,1
 SH EY V IH NG K R IY M IH Z AH P AA P Y AH L ER AY, AY,5
AY T AH M AA N HH AE L AH W IY N,AY,4
 DH EY OW N AH B IH G HH AW S IH N DH, DH,1
DH AH R IH M OW T K AH,DH AH,1
AH N T R IY S AY D,AH,1
 D UW DH EY M EY K K L AE S B AY, AY,1
AY AH S T D IH S IH ZH AH N Z,AY,1
IY T UH K HH IH Z M AE S K F R AH M HH IH Z F AO R HH EH D AH N D TH R UW IH T AH N IH,IY IH,1
T IH D,T AH D,1
D EH K,D EY,1
 M EY K L IH D F AO, W AH N AO,1
R SH UH G ER B OW L DH AH S EY M,R M,1
AE Z JH AA R L IH D Z OW M IH T IH,AE N IH,1
D IH,D DH IH,1
S K,S,1
 DH AH K L AH M Z IY, HH IY,3
 DH AH K L AH M Z IY, S IY,1
IY K AH S T AH M ER S P IH L D S AH M IH K S P EH N S IH V P ER F Y UW M,IY,4
 DH AH V Y UW P OY N T OW V ER L UH K T DH AH OW SH AH N, AY,6
 DH AH V Y UW P OY N T OW V ER L UH K T DH AH OW SH AH N,,1
 P L IY Z D IH G M AY, AY,2
AY P AH T EY T OW Z AH P B IH F AO R F R AO S T,AY,2
 IH D R AY, AY,2
AY D DH AH S AH B W EY B AH T AY,AY AY,2
AY HH EY V AH N T IH N AH F CH EY N JH,AY,4
 G R AE N D M AH DH ER AW T G R UW HH ER AH P B R IH NG IH NG IH N P EH T IY K OW T S, AY AY,1
 SH IY HH AE D Y AO R D, DH AH OW L D,1
D AA R K S UW T IH N G R IY S IY W AA SH W AO T ER AO L Y,D Y,1
 D AA N T AE S, S,2
S K M IY T UW K AE R IY AE N OY L IY,S IY,2
 P AE S IH NG D AA G Z W ER G R IY, T IY,1
IY T AH D W IH DH AH K AO R JH AH L B AA R K,IY,1
 HH IY W AA Z N T L AY, AY,1
AY K L IY T UW K AH,AY AH,1
AH M D AW N,AH N,1
N W IH DH HH AA T CH IH L Z AH N D P AH Z,N AY Z,1
Z AH L IH,Z IH,1
P T,P AE T,1
 S T, T,1
T AE K T,T IY T,1
T HH IY L Z AA R AO L S OW,T OW,1
OW P AA P Y AH L ER AA N D R EH S IY AO R T,OW T,1
ER D SH UW,ER CH UW,1
 M IH L AH T EH R IY P ER S AH N EH L AA R IH K S P EH K T AH D T UW OW B EY G AH V ER M AH, AY AH,1
 M IH L AH T EH R IY P ER S AH N EH L AA R IH K S P EH K T AH D T UW OW B EY G AH V ER M AH, W AH,1
AH N T AO R,AH R,1
 IH F K AE R AH L K AH M Z T AH M AA R OW HH AE V, EH N ER V,1
V HH ER ER EY,V EY,1
EY N JH F AO R AH M IY T,EY T,1
NG AE T T,NG T,1
IY HH AE D Y AO R D AA R K S UW T,IY T,2
T IH N G R IY S IY W AA SH W AO T,T OW T,2
T ER AO L,T AH L,2
 DH EH N HH IY DH EH N W AH T,,1
 HH IY W AA D AH D HH IH Z S W EH T SH ER T IH N T UW AH B AO L AH N D S T R IH, IH,1
IH P T,IH T,1
 D UW Y UW L AH V T, T,1
UW R AH N AH P AH HH EH M S OW AA N B AH T AH N Z M,UW M,1
K N IY T B,K M AY B,1
 K AO L AE N AE M B Y AH L AH N S F AO R M EH D AH K AH L AH S IH S T AH N S, AY,4
 K AO L AE N AE M B Y AH L AH N S F AO R M EH D AH K AH L AH S IH S T AH N S, HH IY,1
 K AO L AE N AE M B Y AH L AH N S F AO R M EH D AH K AH L AH S IH S T AH N S,,1
 S W IH NG Y AO R AA R M AE Z HH AY, AY,4
AY AE Z Y UW K AE N,AY,4
 W AY B AY OY L W EH N Y UW AO L W EY Z Y UW S M AY, AY,5
AY N,AY,6
 P L AE N D P EH R AH N T, T,1
T HH UH D AO R G AH N AH Z EY SH AH N Z P R AH M OW,T OW,1
T B ER TH K AH,T AH,2
AH N T R OW L,AH L,2
AH N T R OW L,AH,1
 AH B AO R IH NG N AA V AH L IH Z AH S UH P ER B S L IY P IH NG P IH L, AY,7
IY W AA SH W AO T ER,IY ER,5
ER AO L,ER L,5
 F IH S T S P AH M AH, AY AH,1
AH L D HH IH M AE Z HH IY S T AE G ER D F AO R,AH R,1
R W ER D,R D,1
 AH P S T EH R Z B IH Z IY F IY, HH IY,1
IY T SH AW ER IH NG L AY K,IY K,1
K R EY N D R,K R,1
 K AH M P AH, DH AH,1
L S ER IY R IY T AY ER M AH N T AE T S IH K S,L AO S,1
S T IY F AY V L UW M Z AA,S AA,1
 D IH S T R OY EH V ER IY F AY L R IH L EY T IH D T UW M AY, AY,3
AY AA D AH T S,AY,3
 AE L AH S AH Z AH B IH L AH T IY T UW W ER K W, W,1
W IH TH AW T S UW P ER V IH ZH AH,W AH,1
N OW T,N AA T,1
N OW T,N T,1
 B AA B P EY P ER D OW V ER DH AH L IH V IH NG R UW M M Y UH R AH L Z, AY AY,1
 B AA B P EY P ER D OW V ER DH AH L IH V IH NG R UW M M Y UH R AH L Z, AY,3
 B AA B P EY P ER D OW V ER DH AH L IH V IH NG R UW M M Y UH R AH L Z,,1
 B AA B P EY P ER D OW V ER DH AH L IH V IH NG R UW M M Y UH R AH L Z, HH IY,1
 W EH R W ER Y UW W AY L W IY, HH IY,1
IY W ER AH W EY,IY,1
 M IH D IY V AH L S AH S AY AH T IY W AA Z B EY S T AA N HH, HH,1
HH AY R AA R K IY,HH IY,1
IY Z,IY,1
 HH AW Z IH T S T R AY, AY,1
AY K Y UW F AW L AO R F EH R,AY,1
 W IY K N AH S IH N L IY D ER SH IH P,,1
 P OW CH DH, DH,1
AH AE P AH L Z IH N DH IH S S ER AH P F AO R T W EH,AH M EH,1
EH L V M IH N AH T S D R EY N,EH N,1
N DH EH M AH,N AH,1
 HH UW AO TH ER AY Z D DH AH AH N L IH M AH T AH D IH K S P EH N S AH K AW N T,,2
 T UW F ER DH ER HH IH Z P R EH S T IY ZH HH, HH,3
HH IY AH K EY ZH AH N AH L IY R IY D Z DH AH W AO L S T R IY,HH IY,2
IY T JH,IY JH,1
 L AO R IH S K AA S T UW M N IY D AH D B L AE K G L AH V Z T UW B IY K AH M P L IY T L IY EH L AH G AH N T, AY AY,1
 L AO R IH S K AA S T UW M N IY D AH D B L AE K G L AH V Z T UW B IY K AH M P L IY T L IY EH L AH G AH N T, AY,2
 W AY Y EH L AO R W ER IY OW V ER S IH L IY AY, AY,3
AY T AH M Z,AY,4
 G EH S DH AH K W EH S CH AH N F R AH M DH AH AE N S ER,,7
 HH IY M EY K S M IY AH N K AH M F ER T AH B AH L,,1
 HH IY S W AH NG ER AW N D AY, AY,1
AY Z T AH W AO R D DH AH B EH D R UW M S AH M F IH F T IY N F IY T AH,AY AH,1
 AE T D IH F ER AH N T T AY M Z HH, HH,1
HH IY S ER V D AE Z G L IY,HH IY,1
IY K L AH B AH,IY AH,1
D K W AY,D AY,1
AY ER L IY D ER AH N D AE Z AO,AY AO,1
 D IH D Y UW B AY, AY,2
AY EH N IY K AO R D ER OY OW V ER AO L Z,AY,2
DH AH G AH N M AH N K EH,DH EH,2
EH P T HH IH Z V IH K T AH M K AO R N ER D AE T G AH N P OY N T F AO R TH R,EH R,2
R IY AW ER Z,R,1
 P OW L T R IY R IH Z AH L T S AH V IH R EY D IY EY SH AH, DH AH,1
AH N T EH,AH EH,1
EH S T S W IH DH P OW L T R IY HH AE V B IH N K,EH K,1
 AH S L IY P IY V OY S AE N S ER D, AY,1
 Y OW Y AH R B OY L IH NG M IH L K EY N T Y UW,,1
 S P EH SH AH L T AE S K F AO R S IH Z R EH S K Y UW HH, HH,3
HH AA S T AH JH AH Z F R AH M K IH D N AE P ER Z,HH IY,3
 W IH L R AA B AH N W EH R AH Y EH L OW L IH L IY,,6
 W IH L R AA B AH N W EH R AH Y EH L OW L IH L IY, AY,1
 S T R AO HH AE T S AA R AW T AH V F AE SH AH N DH IH S Y IH R,,6
 S T R AO HH AE T S AA R AW T AH V F AE SH AH N DH IH S Y IH R, AY,1
 DH AH T UW TH F EH R IY F ER G AA T T UW K AH M W EH N R AA JH ER Z T UW TH F EH L AW T, AY,1
 DH AH T UW TH F EH R IY F ER G AA T T UW K AH M W EH N R AA JH ER Z T UW TH F EH L AW T,,1
 DH AE T D AY, AY,3
AY AH G R AE M M EY K S S EH N S OW N L IY AE F T ER M AH CH S T AH D IY,AY,3
 DH AH F IY T W AO R AA R M IY SH UW Z IH N AA B V IY, HH IY,1
IY AH S D IH S R IH P EH R,IY,1
 S T R EH NG K TH B IH G AE N T UW Z IH P AH P AH N D D AW N HH, HH,1
HH IH Z CH EH S T,HH IY,1
 Y UW M EY AH M EY Z Y ER S EH L F AH N D AH K W AY ER AH R IY, HH IY,1
IY L N AE K F AO R IH T,IY,1
 S P EH SH AH L T AE S K F AO R S IH Z R EH S K Y UW HH AA S T AH JH AH Z F R AH, DH AH,1
AH M K,AH K,1
DH AH T UW TH F EH R IY F ER G AA T T UW K AH,DH AH,1
AH M W EH N R AA JH ER Z T UW TH F EH L AW T,AH,1
 DH IH S D AH Z N AA T AH L AW DH AH M IH S T ER IY T UW IH N V EY D AH S, AY,1
 SH R AH G Z M EH T DH AE T F R AH M R UW M K L ER K S F R AH M B EH L HH AA P S, AY AY,1
 IH N F AE K T AW ER HH OW L D IH F EH N S IH V Y UW N AH T D IH D AH G UH D JH AA B, AY,1
 SH IY S L IH P T AH N D S P R EY N D HH, HH,5
HH ER AE NG K AH L AA N DH AH S T IY,HH IY,5
IY P S L OW P,IY,5
 AH L UW M AH N AH M S IH L V ER W EH R K AE N AO F AH N B IY F L IH M Z IY, HH IY,3
 AH L UW M AH N AH M S IH L V ER W EH R K AE N AO F AH N B IY F L IH M Z IY, AY AY,1
 AH L UW M AH N AH M S IH L V ER W EH R K AE N AO F AH N B IY F L IH M Z IY, AY,1
 AH L UW M AH N AH M S IH L V ER W EH R K AE N AO F AH N B IY F L IH M Z IY,,1
 Y AH NG CH IH L D R AH N SH UH D AH V OY D IH K S P OW ZH ER T UW K AH, W AH,1
N T EY JH AH S D IH Z IY Z AH Z,N,1
 W EH DH ER P R UW F G AH L AA SH AH Z AA R V EH R IY Y UW S F AH L IH N S IY AE T AH L, AY,3
 P AE M G IH V Z D R AY V IH NG L EH S AH N Z AA N TH ER Z D EY Z, HH IY,2
T IH N G R IY,T IY,1
IY S IY W AA SH W AO T ER AO L Y IH R,IY EH N,1
IY S IY W AA SH W AO T ER AO L Y IH R,IY AY,2
 IH T G EY V DH AH R AH B ER AY Z D F AE B R IH K AH D AH L G L IY, HH IY,1
IY M L AY K M,IY M,1
T AH L,T,1
 HH AW L AO NG W UH D IH T B IY AA K Y AH P AY D,,1
 DH IH S IH Z F AA L OW D B AY, AY,1
AY AH B UW M IH N K AA N F ER AH N S AH Z,AY,1
 K IH N D ER G AA R T AH N CH IH L D R AH, DH AH,2
AH N D EH K ER EY T DH EH R K L AE S R UW M Z F AO R AO L HH,AH HH,1
 HH IY W IH L AH L AW AH R EH R L AY, AY,3
 HH IY W IH L AH L AW AH R EH R L AY,,4
 W IH DH D R AO AO L F OW N IY, HH IY,4
IY AE K Y AH Z EY SH AH N Z AE T W AH N S,IY,4
 K AO R IY AH N D T R IH SH P L EY D T AE G W IH DH B IY, HH IY,3
IY CH B AO L Z F AO R AW ER Z,IY,3
 R AY T N AW M EY N AA T B IY DH AH B EH S T T AY, AY,3
AY M F AO R B IH Z N AH S M ER JH ER Z,AY,3
 DH EY K L OW S S AH M T AY M AE F T ER EY T,,1
 HH IH Z B AA D IY P R AA S EH S AH Z OW N L IY S L OW D D AW N IH N AH, AE T DH AH,1
AH F F AO R HH IH M T UW D IH S,AH S,1
 M OW S T AH V AH S B R AH SH AW ER T IY TH B AY, AY,1
AY HH AE N D,AY,1
 DH AH M IH S K W OW T W AA Z R IY T R AE K T AH D W IH DH AE N AH P AA L AH JH IY, AY,3
 DH AH M IH S K W OW T W AA Z R IY T R AE K T AH D W IH DH AE N AH P AA L AH JH IY, HH IY,2
 HH EH L P G R EH G T UW P IH K AH P EH K AH V P AH T EY T OW Z, AY,3
 HH EH L P G R EH G T UW P IH K AH P EH K AH V P AH T EY T OW Z,,1
 DH EY OW N AH B IH G HH, HH,2
HH AW S IH N DH AH R IH M OW T K AH N T R IY,HH IY,2
IY S AY D,IY,2
 Y UW D AA N T IY T IH N AH F HH AH N IY,,1
 HH IY G EY V AH SH AO R T HH AA R D L AE F AH, DH AH,1
AH N D L UH K T AE T HH ER N OW IH NG L IY,AH,1
 IH N K R IY S IH NG T EH M P OW AH V N UW P R AA D AH K T D IH V EH L AH P M AH N T, AY,1
 K AA M B AY, AY,3
 K AA M B AY, AY AY,1
AY N AO L DH AH IH N G R IY D IY AH N T S IH N AH L AA R JH B OW L,AY,4
 R AA B S AE T B AY DH AH P AA N D AH N D S K EH CH T DH, DH,2
AH S T,AH T,2
AH S T,AH,1
R EY G IY,R IY,1
IY S,IY Z,1
IY S,IY,3
 B EH G DH AE T G AA R D F AO R W AH N G AE L AH N AH V G AE S,,3
 B EH G DH AE T G AA R D F AO R W AH N G AE L AH N AH V G AE S, AY,2
 B EH G DH AE T G AA R D F AO R W AH N G AE L AH N AH V G AE S, HH IY,2
 IH D R AE DH ER N AA T B AY DH IY Z SH UW Z DH AE N B IY, HH IY,4
IY OW V ER CH AA R JH D,IY,4
 HH ER R AY T, T,1
T HH AE N D EY K S,T IY R IY S,1
S W EH N EH V ER DH AH B AE R AH M EH T R IH K P R EH SH ER CH EY N JH AH,S IY AH,1
 AH D IH T EY L D S T AH D IY, HH IY,1
IY AH V DH IH S L AE T ER F AH N AA M AH N AA N W AA Z N AA T AH,IY AH,1
T AH D,T IH D,1
 B IY T M IY T UW D EH TH IH N F R AH N T AH V AH HH AH N D R AH D P IY P AH L,,1
 S AY K AH L AA JH IH K L IY DH AH R IH S EH P SH AH N SH UH D B IY DH, DH,1
AH K L AY M AE K S F,AH F,1
 P IY T S ER IY AH Z AA R K AH N V IY, HH IY,1
IY N Y AH N T F AO R AH K W IH K L AH N CH,IY,1
 D R AA P F AY, AY,2
 D R AA P F AY, AY AY,1
AY V F AO R M Z IH N DH AH B AA K S B IH F AO R Y UW G OW AW T,AY,3
HH ER W AO R D R OW B K AH N S IH S T S AH V OW N L IY,HH IY,2
IY S K ER T S AH N D B L AW S AH Z,IY,2
 B AH T IH N DH IH S W AH N S EH K SH AH N W IY W EH L K AH M D AA D AH T ER Z, AY,1
 L AA T AH V P IY P AH L W IH L R OW M DH AH S T R IY, HH IY,1
IY T S IH N K AA S T UW M Z AH N D M AE S K S AH N D HH,IY HH,1
 AH F Y UW Y IH R Z L EY T ER DH AH D OW M F EH L IH N,,1
 K IH N D ER G AA R T AH N CH IH L D R AH N D EH K ER EY T DH, DH,3
DH EH R K L AE S R UW M Z F AO R AO L HH AA L AH,DH AH,3
AH D EY Z,AH,2
AH D EY Z,AH B IY,1
 W IH DH D R AO AO L F OW N IY AE K Y AH Z EY SH AH N Z AE T W AH N S, AY,3
 K AO R IY AH N D T R IH SH P L EY D T AE G W IH DH B IY CH B AO L Z F AO R AW ER Z, AY,1
 R AY T N AW M EY N AA T B IY DH, DH,2
DH AH B EH S T T AY M F AO R B IH Z N AH,DH AH,2
AH S M ER JH ER Z,AH,2
 AO R D AH Z HH IY G EH T EH K S ER S AY Z,,1
 AW ER K IY, HH IY,1
IY S EY L Z M IH N AA R IH N AH P L AY AH N S AH Z AH N D K AA Z M EH T IH K S,IY,1
 DH IH S B R IH NG Z AH S T UW DH, DH,1
DH AH K W EH S CH AH N AH V AH K R EH D AH T EY SH AH N AH,DH AH,1
AH V AA R T S,AH S,1
L Z IH,L IH,1
 OW N L IY DH, DH,3
DH AH M OW S T AH K AA M P L IH SH T AA R T IH S T S AH B T EY N P AA P Y AH L EH R AH,DH AH,1
AH T IY,AH,2
 DH AH F IH SH B IH G AE N T UW L IY P F R AE N T AH K AH L IY AA N DH AH S ER F AH S AH V DH, DH,2
AH S M,AH M,1
M AO L L,M EY L,1
EY K,EY,1
 ER IH JH AH N, AY EH N,1
N AH L IY DH AH,N K AH,1
M EY N T AY P,M P,1
P S Y UW Z D W ER V EH R IY AH,P AH,1
S K AA M P AH Z IH,S IH,1
IH SH AH N Z AH,IH NG AH,1
L IY EH S,L AH S,1
T ER Z,T S,1
 W AH T AH B AW T AH T IY R UW M DH EH N,,1
 S EH V R AH, DH AH,1
AH L F ER M Z AA R M ER CH AH N D AY Z IH NG EH N Z AY M P R,AH AO R,1
R EH P ER EY,R EY,1
 P ER HH AE P S IH T W AA Z R AY T P ER HH AE P S IH T W AA Z JH AH, DH AH,1
 HH IY P AO Z D DH, DH,1
DH EH N AE D AH D EH V R IY TH IH NG AA N AH,DH AH,1
DH IY Z IH N K L UW D L IY V Z AH,DH AH,1
AH V AE B S,AH EH S,1
S AH N S IH Z IH L N AH S IH Z,S EY Z,1
Z AH N D L EY AO F S,Z,1
 AE G R AH K AH L CH ER AH L P R AA D AH K T S AA R AH N IY V AH N L IY D IH S T R IH B Y AH T AH D, AY,2
 AH L AW L IY, N IY,1
IY W EY HH IY R B AH T R AE SH AH N AH L AY Z AO L EH R ER,IY DH ER,1
ER Z,ER,6
 DH AH N IH R AH S T S IH N AH G AO G M EY N AA T B IY W IH DH, DH,1
DH IH N W AO K IH NG D IH S T AH,DH AH,1
AH N S,AH,1
 G R EH G B AY Z F R EH SH M IH L K IY CH W IY K D EY M AO R N IH NG,,1
 G R EH G B AY Z F R EH SH M IH L K IY CH W IY K D EY M AO R N IH NG, DH AH,1
 K AE T AH S T R AA F IH K EH K AH N AA M IH K K AH T B AE K S N AH G L EH K T DH AH P UW R, AY,1
 K AE T AH S T R AA F IH K EH K AH N AA M IH K K AH T B AE K S N AH G L EH K T DH AH P UW R, HH IY,1
 AH K AE R IH JH K R AH N CH T B AY IH T S D IH M L AY, AY,1
AY T S F IH L T ER IH NG TH R UW DH AH G L UW M,AY,1
 DH EY M EY K AH S K AH N F AO R M AH S T S L UH K G UH D, AY,1
 W IY AO L W EY Z TH AO T W IY W UH D D AY W IH DH AW ER B UW T S AA N,,1
IY T JH ER N AH L,IY,1
 W AY Y EH L AO R W ER IY OW V ER S IH L IY, HH IY,2
IY AY T AH M Z,IY,2
 W IY, HH IY,1
IY K AE N HH AW EH V ER M AE K S AH M AY Z IH T S IH K S P EH K T AH D V AE L Y UW,IY,1
IY DH EH N AO F ER D,IY IY Z D,1
D HH IH Z OW N EH S T AH M AH T AH V DH AH W EH DH ER W IH CH W AA Z AH N IH N TH UW Z IY AE S T IH K,D,1
 L EH S P ER S IH N IH L S EY L Z M AH N SH IH P,,1
 DH AH K AA Z W EY EH N D AH D AH B R AH P T L IY AE T DH AH SH AO R, AY,2
 DH AH K AA Z W EY EH N D AH D AH B R AH P T L IY AE T DH AH SH AO R,,1
AH K L IY N,AH N,1
N ER Z F AO R M IY,N,1
 DH AH K AA R P AH T K L IY N ER Z SH AE M P UW D AW ER AO R IY EH N T AH L R AH G, AY,5
 IH T W, W,1
W AA Z IH K S P OW Z D T UW AH,W AH,1
AH HH AY V AH L AA S AH T IY G AE S JH EH T,AH N,1
 W EY T AH L IH T AH L W AY L,,1
 DH IH S IH Z N OW S P EH K T EY, AY EY,1
EY T ER T AY P IH K S P IH R IY AH N S EH V R IY W AH N IH Z T,EY T,1
T UW B IY AH,T AH,1
 D IH S EH M B ER AH N D JH AE N Y UW EH R IY AA R N AY S M AH, DH AH,1
AH N TH S T UW S P EH N D IH N M AY AE M IY,AH,1
 B AA R B B ER N D P EY P ER AH N D L IY V Z IH N AH, DH AH,1
AH B IH G B AA N F AY ER,AH,1
 SH IY HH AE D Y AO R D AA R K S UW T IH N G R IY S IY, ER L IY,1
 Y AE L SH UH D HH AE V L EH T M IY D UW IH T,,1
AY M AH DH ER N EH V ER W AA P S M IY,AY,1
 AA B V IY AH S L IY DH AH B R AY D AH L P EH R HH, HH,1
HH AE Z M EH N IY,HH IY,1
IY AH JH AH S T,IY T,1
T M AH N T S T UW M EY K,T AA K,1
 Y AH NG CH IH L D R AH N SH UH D AH V OY D IH K S P OW ZH ER T UW K AH N T EY JH AH S D, HH IY D,1
 W EH DH ER P R UW F G AH L AA SH AH Z AA R V EH R IY Y UW, T UW,1
UW S F AH L IH N S IY AE T AH L,UW,1
 P AE M G IH V Z D R AY, AY,5
AY V IH NG L EH S AH N Z AA N TH ER Z D EY Z,AY,5
 IY CH F AO R M R EH P R AH Z EH N T AH D B AY DH AH D IH K SH AH N, N,1
N EH R IY,N IY,1
IY IH Z L UH K T AH P,IY P,1
P IH N DH AH,P AH,1
AH T EH K S T F AO R M L,AH L,1
L IH S,L AH S,1
S T,S,1
 IH N AH W EY HH IY K OW AH L D N T B L EY M HH ER, AY,1
 D UW B AY AO L P ER P AH S M AH G Z AO R K AH P S,,1
 P L IY Z T EY K DH IH S D ER T IY T EY B AH L K L AO TH T UW DH AH K L IY N ER Z F AO R M IY, AY,2
 P L IY Z T EY K DH IH S D ER T IY T EY B AH L K L AO TH T UW DH AH K L IY N ER Z F AO R M IY, HH IY,2
 DH AH K AA R P AH T K L IY N ER Z SH AE M P UW D AW ER AO R IY, HH IY,1
IY EH N T AH L R AH G,IY,1
 AH W, W,1
W AO R M B R IY Z P L EY D AH,W AH,1
AH K R AO S IH T M UW V IH NG IH T L AY K W EY V Z,AH N,1
 K L EH V ER L AY T S AO NG Z W ER OW V ER L IY, IY,1
IY K OY T R AE JH IH K S,IY S,1
S AO NG Z AH,S AH,1
 D UW N AA T D R AO Y AA R N T UW T AY T,,1
 K IH N D ER G AA R T AH N CH IH L D R AH N, HH AY N,1
N D EH K ER EY T DH EH R K L AE S R UW M Z F AO R AO L HH AA L AH D EY Z,N,1
 K AO R IY AH N D T R IH SH P L EY D T AE G W IH DH, DH,1
DH B IY CH B AO L Z F AO R,DH EH R,1
R AW ER Z,R,2
 IH Z IH T B IH K AO Z AH V M AY S L AH V AH N L IY, HH IY,1
IY N AH S DH AE T HH EH R G R OW Z AA N M AY F EY S,IY,1
 T EY K K EH R AH V Y ER S EH L F DH EH N,,1
 HH IY P IH R D AH HH EH D AH N D G R IH N D AE Z DH, DH,1
DH AH R EY L R OW D T R AE K S K EY M IH N T UW V Y UW AH G EH,DH EH,1
 DH AH K AE T S M IY AW AO L W EY Z HH ER T S M AY IH R Z,,3
 K L IH F W AA Z S UW DH D B AY, AY,3
AY DH AH L AH G ZH ER IY AH S M AH S AA ZH,AY,3
 IY CH AH N T AY M L IY IH N K AH M L AO S K OW AH N S AY D AH D W IH DH DH, DH,3
AH B R EY K D AW N AH V AH HH IY T IH NG S IH S,AH EH S,1
M P AA R T,M AH T,1
M P AA R T,M,1
 JH EY N M EY ER N M AO R M AH N IY B AY, AY,3
AY W ER K IH NG HH AA R D,AY,3
 Y AH NG S T ER Z L AH V K AA M AH N K AE N D IY AE Z T R IY T S,,2
 Y AH NG S T ER Z L AH V K AA M AH N K AE N D IY AE Z T R IY T S, AY,2
 B AH T AH S AH M W AH T M AO R D IH T EY L D AH N AE L AH S AH S AH V DH IH S P R AA S EH, AY EH,1
EH S M EY B IY IH L UW M,EH M,1
 DH EY T UH K IH T AH W EY OW V ER AO L Z AO R S AH M TH IH NG, AY,1
 N AH TH, EH TH,1
TH IH NG HH AE Z B IH N D AH N Y EH T T UW T EY K AE D V AE N T IH JH AH V DH AH EH N EY B AH L IH NG L EH JH AH,TH AH,1
AH S L,AH L,1
L EY SH AH N,L,1
 AA R Y AO R G R EY D Z HH AY, AY,2
AY ER AO R L OW ER DH AE N N AE N S AH Z,AY,2
 P R AA JH EH K T D IH V EH L AH P M AH N T W AA Z P R AH S IY D IH NG T UW S L OW L IY, AY,2
 P R AA JH EH K T D IH V EH L AH P M AH N T W AA Z P R AH S IY D IH NG T UW S L OW L IY,,1
 P R AA JH EH K T D IH V EH L AH P M AH N T W AA Z P R AH S IY D IH NG T UW S L OW L IY, HH IY,2
 S ER V DH AH K OW L S L AA AE F T ER AY, AY,5
AY AE D DH AH OY L,AY,5
 DH AE T N OY Z P R AA B L AH M G R OW Z M AO R AH N OY IH NG IY, HH IY,4
IY CH D EY,IY,4
 OW HH EH L B IY AH P L AH M ER K EY M DH AH AE N S ER,,1
 HH ER L EH G Z HH AH NG D AW N L AO NG AH N D TH IH N AE Z SH IY S AE, AY AE,1
AE T AA N DH AH HH AY S T,AE T,1
T UW L,T,1
 W ER HH IY R T UW T R AE N Z AE K T B IH Z N AH S, AY,1
 K IH N D ER G AA R T AH N CH IH L D R AH N D EH K ER EY T DH EH R K L AE S R UW M Z F AO R AO L HH, HH,1
HH AA,HH IY AA,1
 DH EH R N IY D B IY N OW S K W IY, HH IY,1
IY M IH SH N AH S AH B AW T AE D M IH T IH NG DH IH S,IY,1
 S AH L F ER OY L AH N D K OW P R, HH IY R,1
R AH M EY K DH AH K AY N D AH V T IH N D ER EH,R EH,1
 IH N S T R AH K SH AH N, DH EH N,1
N Z F AO R P R IY P EH R IH NG K L EY D R AY IH NG G L EY Z IH NG AH,N AH,1
 DH AH M AO R N IH NG D UW AA N DH AH S P AY, AY,2
AY D ER W EH B G L IH S AH N D IH N DH AH S AH N,AY,2
 K AE L S IY AH M M EY K S B OW N Z AH N D T IY TH S T R AO NG, AY,3
 K AE L S IY AH M M EY K S B OW N Z AH N D T IY TH S T R AO NG,,1
 SH IY HH AE D Y AO R D AA R K S UW T IH, IH,4
N G R IY S IY W AA SH W AO T ER AO L Y,N AH Y,1
 S IY D Z AH V S OY B IY N K AA T AH N K AO R N S EH S AH M, AY AE M,1
M IY AH,M AH,1
IY D R,IY R,1
R AY IH NG,R AH NG,1
 S EH D Y UW W, W,1
W AO R Y ER S EH L F AW T K L IY N,W AH N,1
N IH NG AO L DH IY Z EH M P T IY R UW M Z,N,1
 N OW B AA D IY EH L S SH OW D P L EH ZH ER, AY,1
 S W IH NG Y AO R AA R M AE Z HH AY AE Z Y UW K AE N,,3
 P L AE N D P EH R AH N T HH, HH,3
HH UH D AO R G AH N AH Z EY SH AH N Z P R AH M OW T B ER TH K AH N T R OW L,HH IY,2
 HH IY T R EH M B AH L D L EH S T HH IH Z P IY S SH UH D F EY L, AY,1
 N OW DH AH M AE N W AA Z N AA T D R AH NG K HH IY W AH N D ER D HH AW HH, HH,1
IY G AA T T,IY T,1
DH IH S S,DH AH S,1
HH IH Z W ER K B IH G AE N JH AH S T S IH K S D EY Z AE F T ER DH AH F L AH D,HH IY,1
R IY AW,R AW,1
 SH IY HH AE D Y AO R D AA R K S UW T IH N G R IY S IY W AA SH W AO T ER AO, DH AH AO,4
 HH IY AO L S OW R IY M AY N D AH D HH IH M S EH L F DH, DH,1
DH AE T HH IY HH AE D AE N AH N Y UW ZH UW AH L N AH M B ER AH,DH AH,1
AH V P,AH P,1
 W IH D OW N AY S S AO R T AH V W UH M AH N,,1
 Y EH T HH, HH,1
IY R IH M EY N Z DH AH F IH R S AH S T AH V K AH M P EH T AH T ER Z,IY,1
 M AH S K Y AH L ER AE B D OW M AH N IH Z G UH D F AO R Y AO R B AE K, AY,1
 DH OW Z M Y UW Z IH SH AH N Z HH, HH,2
HH AA R M AH N AY Z M AA R V AH L AH S L IY,HH IY,2
 M AO R F AA F AH, DH AH,1
AH N AH M AH K R UW L Z M EY B IY TH AO T AH V AE Z JH OY N IH NG S ER T AH,AH W AH,1
AH N P OY N T S IH N,AH N,1
N DH AH S,N S,1
 DH EY W ER B OW TH V EH R IY F L UW AH N T,,1
 HH IY S W AH NG AH P OW V ER DH AH W IY L,,1
 R AA B S AE T B AY, AY,2
AY DH AH P AA N D AH N D S K EH CH T DH AH S T R EY G IY S,AY,2
 HH ER R AY, AY,2
AY T HH AE N D EY K S W EH N EH V ER DH AH B AE R AH M EH T R IH K P R EH SH ER CH EY N JH AH Z,AY,1
HH AE D Y AO R,HH IY R,1
R D AA R K S UW T IH N G R IY S IY W AA SH W AO T ER,R HH ER,1
 F L AY Z S W AO R M D ER AW N D DH, DH,1
DH AH B OW L AH V L EH N T AH,DH AH,1
AH L Z IH N W IH CH HH IY M AA P T,AH T,1
T TH IH K B L AE,T AE,1
AE K B,AE B,1
B R,B AH R,1
R EH D,R AH T,1
 DH AH P AH L S IH NG G L OW AH V AH S IH G ER EH T,,1
 DH EH R P R AA P S W ER T UW S T EH P L AE, AY AE,1
AE D ER Z AH CH EH R AH N D AH P AA M,AE M,1
M F AE N,M IH N,1
 S P EH SH AH L T, T,1
T AE S K F AO R S IH Z R EH,T EH,1
EH S K Y UW HH AA S T AH JH AH Z F R,EH R,1
R AH M K IH D N AE P ER Z,R Z,1
 DH AH T UW TH F EH R IY, HH IY,3
IY F ER G AA T T UW K AH M W EH N R AA JH ER Z T UW TH F EH L AW T,IY,3
 DH AE T D AY AH G R AE M M EY K S S EH N S OW N L IY AE F T ER M AH CH S T AH D IY, HH IY,3
 DH AE T D AY AH G R AE M M EY K S S EH N S OW N L IY AE F T ER M AH CH S T AH D IY,,1
 AE F T ER DH, DH,1
DH AE T W IY B IH G AE N T UW G EH T V IH Z AH,DH AH,1
AH T ER Z T UW K L AE S,AH,1
 AO R M AO R R IH DH M IH K L IY DH AH S W AO R DH IY, HH IY,1
IY W IH,IY IH,1
IH CH AH,IH Z AH,1
AH Z AA R L,AH L,1
 D UW L AY N B AA R B IH K Y UW F AY ER B OW L W, W,1
W IH DH HH EH V IY F OY L T UW R AH,W AH,1
AH F L EH K T HH IY T,AH N,1
 SH IY B L UW HH ER N OW Z AA N AH T IH S Y UW AH N D OW P AH N D DH, DH,1
AH K OW K B,AH B,1
B AA T,B AE T,1
DH EH R IH Z N AA T S P EY S T UW HH OW L D AO R F AO R S T UW G AA R D EH N IY IH,DH AH IH,1
 Y EH S S ER SH IY, HH IY,1
IY S EH D IH Z DH AE T D EH F AH N AH T,IY,1
 DH AH S M AO L B OY P UH T DH AH W ER M AA N DH AH HH, HH,1
HH UH K,HH IY,1
 OW N, N,1
N L IY,N IY,1
IY DH AH M OW S T AH K AA M P L IH SH T AA R T IH S T S AH B T EY N P AA P Y AH L,IY L,1
L EH R AH T IY,L,1
 DH AH F IH SH B IH G AE N T UW L IY, S IY,1
 DH AH F IH SH B IH G AE N T UW L IY, HH IY,1
IY P F R AE N T AH K AH,IY Z AH,1
AH L IY AA N,AH N,1
N DH AH S ER F AH S AH V DH AH,N AH,1
AO L L,AO L,1
L EY K,L,1
 IH T W AA Z AH F EH R L IY M AA D ER N M OW T EH L W IH DH, DH,1
DH K W AY T AH B IH T AH,DH AH,1
AH V IH,AH IH,1
 L UH K S W IY T HH AA R T S AH M F UW L W AA Z, AY,1
 V Y UW T EY K S IH N F AY V K AW N T IY, HH IY,1
IY Z T UW B EH D R UW M Z,IY,1
 R AA B S AE T B AY DH AH P AA N D AH N D S K EH CH T DH AH S T R EY G IY, HH IY,3
AY T HH AE N D EY,AY EY,1
EY K S W EH N EH V ER DH AH B AE R AH M EH T,EY T,2
T R IH K P R EH SH ER CH EY N JH AH Z,T,2
N G R IY S IY W AA SH W AO T ER AO L Y IH,N IH,1
 P ER HH AE P S TH IH NG Z W ER IY V IH N W ER S DH EH N,,1
 D IY N Z K AE N F AO R M AE N IH M P AO R T AH N T B R IH JH B IH T W IY N DH AH P R EH Z AH D EH N T AH N D DH, DH,1
K AH L T,K T,1
T IY,T,2
 HH IY F ER DH ER P R AH P OW Z D G R AE N T S AH V AE N AH N S P EH, EH,1
F AY D,F OW EH D,1
D S AH,D AH,1
AH M F AO R IH K S P EH R IH M EH N T,AH T,1
AH L HH,AH HH,1
 AE L AH S AH Z AH B IH L AH T, T,1
T IY T UW W ER K W IH TH AW T S UW P ER V IH ZH AH,T EH N AH,1
AH N IH Z N,AH N,1
T W ER DH IY,T,1
 M IH D IY V AH L S AH S AY AH, DH AH,2
AH T IY W AA Z B EY S T AA N HH AY R AA R K IY Z,AH,2
 W AH T EH L AH M AH N T S AH V AW ER B IH HH, HH,1
HH EY V Y ER AA R D IH S AY S IH V,HH IY,1
 AH N UW AY, AY,1
AY D IY AH D R IH F T AH D IH N F R AH M N OW W EH R,AY,1
 K UH D DH AH AE M B AE S AH D ER HH, HH,1
HH IH M S EH,HH IY EH,1
EH L F B IY DH AH M AE N AA N DH IH S S,EH S,1
S AY D DH AH P R AY,S AY,1
AY M M IH N AH S T ER F IH R D,AY D,1
 P L AE N D P EH R AH N T HH UH D AO R G AH N AH Z EY SH AH N Z P R AH M OW T B ER TH K AH, DH AH,1
 P L AE N D P EH R AH N T HH UH D AO R G AH N AH Z EY SH AH N Z P R AH M OW T B ER TH K AH, W AH,1
 F AE M AH L IY R AE SH AH N IH NG P R AA B AH B L IY W IH L B IY N EH S AH S EH R IY, AY,1
 IH T W AA Z DH EH R DH AE T SH IY W UH D HH AE V T UW IH N AE K T HH, HH,1
HH ER R IH N AH N S IY,HH IY,1
IY EY SH AH,IY AH,1
AH N,AH T OW N,1
N B EH G F,N D F,1
 AA N DH IY Z DH EY F IY L DH EY K AE N R IH L AY,,1
 S OW IH F AO L DH IY Z B IH R Z W AA Z T UW G EH T M IY, HH IY,1
IY IH N B EH D M AE N Y UW JH AH S T S,IY S,1
 K W AY AH T L IY HH IY D IH T ER M AH N D T UW F OY L HH ER,,1
 HH ER S T AH D IY AH V HH IH S T ER IY, DH IY,1
IY W AA Z,IY Z,1
Z P ER S IH S T AH N T L IY P ER S UW D,Z,1
 DH AH K AE T S M IY AW AO L W EY Z HH ER T S M AY, AY,2
AY IH R Z,AY,2
 K L IH F W AA Z S UW DH D B AY DH AH L AH G ZH ER IY, HH IY,1
IY AH S M AH S AA ZH,IY,1
 IY CH AH N T, AY T,1
T AY M L IY IH,T IH,2
N K AH M L AO S K OW AH N S AY D AH D W IH DH DH AH B R EY,N ER EY,1
EY K D AW N AH V AH HH IY T,EY T,1
 JH EY N M EY ER N M AO R M AH N IY, HH IY,2
IY B AY W ER K IH NG HH AA R D,IY,2
HH EY AH N D P AE S CH ER AA R DH AH AH DH ER CH IY F S AO R S AH Z AH V L AY V S T AA K F IY,HH IY,1
IY D,IY,1
IY D,IY T,1
 S AH CH AA P T AH M IH Z AH M W AA Z K AH M P L IY T L IY, HH IY,1
IY AH N JH AH S T AH F AY D,IY,1
 IH T AO L D IH D L UH K V EH R IY IH F IH SH AH N T AH N D SH IH P SH EY P, AY,1
 DH AH EH M B L AH M D IH P IH K T S DH, DH,1
DH AH AH K R AA P AH L AH S AO L AH,DH AH,1
AH G L OW,AH,1
 M IH L AH T EH R IY P ER S AH N EH L AA R IH K S P EH K T AH D T, T,1
UW OW B EY G AH V ER M AH N T AO R D ER Z,UW,1
 IH F K AE R AH L K AH M Z T AH M AA R OW HH AE V HH ER ER EY N JH F AO R AH M IY T IH NG AE T T UW, AY,1
 L EH T M IY K W OW T HH IH M IY V IH N M AO R F UH L IY F AO R HH IH Z AH N AE L AH S AH S IH Z IH, AY IH,1
 HH IY S EH D DH AH K R EY Z IY F UW L HH AE F AH L AW D, AY,1
 B EY K S L OW L IY AE T L IY S T W AH N HH AE F AW ER L AO NG G ER, AY,1
 IH F P IY P AH L W, W,1
W ER M AO R JH EH N ER AH,W AH,1
AH S DH EH R W UH D B IY N OW N,AH N,1
N IY D F AO R W EH L F EH R,N,1
 B R IH K S AA R AE N AO L T ER N AH T IH V,,1
 F AE T SH OW D IH N L UW S R OW L Z B IH N IY TH DH AH SH ER T, AY,1
 IH T S AH F ER Z F R AH M AH L AE K AH V Y UW N AH T IY AH V P ER P AH S AH N D R IH S P EH K T F, AY AY F,1
 Y AH NG CH IH L D R, HH IY R,1
R AH N SH UH D AH V OY D IH K S P OW ZH ER T UW K AH N T EY JH AH S D IH Z IY Z,R AY Z,1
 W EH DH, DH,1
DH ER P R UW F G AH L AA SH AH Z AA R V EH R IY Y UW S F AH L IH N S IY AE T AH,DH AH,1
AH L,AH,1
 M EH N IY S AH L EH K SH AH, DH AH,1
AH N Z AA R DH EH M S EH,AH EH,1
EH L V Z K AH N V IH N S IH NG K AA N T R AH B Y UW SH AH N Z T UW DH IH S,EH S,1
S AH P,S P,1
R EY Z AH L,R IY,1
 DH EY W EH N T D AW N S T EH R Z L OW D AH D AH T R EY L AE V IH SH L IY, AY,1
 N EH V ER HH AE P IY ER IH N M AY L AY F,,1
 HH UW AO TH ER AY, AY,3
AY Z D DH AH AH N L IH M AH T AH D IH K S P EH N S AH K AW N T,AY,3
 T UW F ER DH ER HH IH, IH,1
IH Z P R EH S T IY ZH HH IY AH K EY ZH AH N AH L IY R IY D Z DH AH W AO L S T R IY T,IH T,1
T JH ER N AH L,T,1
 W AH N W AH N D ER Z AH B AW T IH T S AE P L AH K AH B IH L AH T IY T UW P IY, HH IY,1
IY P AH L,IY,1
 D UW Y UW N OW W AH T DH EY TH IH NG K AH V M IY,,1
 DH IH S IH Z N AA T AH P R OW G R AE M AH V S OW SH AH L AY, AY AY,1
AY Z D M EH D AH S AH N,AY,1
HH UW AO TH ER AY Z D DH AH AH N L IH M AH T AH D IH K S P EH N S AH K AW N T,HH IY,2
 T UW F ER DH ER HH IH Z P R EH S T IY ZH HH IY AH K EY ZH AH N AH L IY R IY, IY,2
IY D Z DH AH W AO L S,IY S,2
S T R IY T,S T,2
T JH ER,T ER,2
N AH L,N,2
 L AO R IH S K AA S T UW M N IY, HH IY,1
IY D AH D B L AE K G L AH V Z T,IY T,1
 W AY Y EH L AO R W ER IY OW V ER S IH L IY AY T AH, DH AH,1
AH M Z,AH,3
 P OW AH T S M AO R OW V ER D W EH L AA N HH, HH,1
HH Y UW M AH N P AE SH AH N Z,HH IY,1
 IH T W AA Z N AA T IH G Z AE K T L IY P AE N IH K DH, DH,1
DH EY G EY V W EY T UW B AH,DH AH,1
T DH EY K UH D N AA T JH AH S T S,T EH S,1
S IH T,S T,1
 W IY K AE N D AY T UW W IY K AE N D AY L AY, AY,1
AY K R IY L P IY P AH L,AY,1
 IH D R AY D DH AH S AH B W EY B AH T AY, AY,2
 G R AE N D M AH DH ER AW T G R UW HH, HH,2
HH ER AH P B R IH NG IH NG IH N P EH T IY,HH IY,2
IY K OW T S,IY,2
 D AA N T AE S K M IY T UW K AE R IY AE N, DH EH N,1
 D AA N T AE S K M IY T UW K AE R IY AE N, IH N,1
N OY L IY R AE G L AY K DH AE T,N,1
 DH AH TH IY, HH IY,1
IY M M EY B IY,IY EH S IY,1
IY DH AH,IY AH,1
AH F AO R M EY SH AH N AH V AH SH EY P F R AH M W IH CH AH DH ER SH,AH TH SH,1
V,V D,1
 HH IY S P OW K S UW DH IH NG L IY,,1
 HH IH ER Z W EH R L AH K W UH D N AO R M AH, DH AH,1
AH L IY S T EH P IH N,AH,1
 DH AH K AE T, T,1
T S M IY AW AO L W EY Z HH ER T S M AY IH R Z,T EH N,1
 IY, HH IY,1
IY CH AH N T,IY IY T,1
IH N K AH M L AO S K OW AH N S AY D AH D W IH DH DH,IH TH DH,1
 Y AH NG S T ER Z L AH V K AA M AH, DH AH,1
AH N K AE N D IY AE Z T R IY T S,AH,1
 W AH T SH AE L DH IY Z IH F EH K T S B IY,,1
 DH IY Z P R OW G R AE M Z EH M F AH S AY, AY,1
AY Z DH AH AE,AY SH AE,1
AE K S EH P T AH N S AH V B AY R EY SH AH L,AE L,1
 B OW N Z AH N D K AA R T AH L AH JH T R AE N Z M IH T P UW R L IY, HH IY,1
IY AH N D T EH N,IY EY N,1
N D T,N T,1
T UW R,T R,2
 D IH S T R OY EH V ER IY, HH IY,2
IY F AY L R IH L EY T IH D T UW M AY AA D AH T S,IY,2
 AE L AH S AH Z AH B IH L AH T IY T UW W ER K W IH TH AW T S UW P ER V IH ZH AH, DH AH,2
AH N IH Z N OW T W,AH W,1
 N AA T S ER P R AY Z IH NG L IY DH IH S AH, W AH,1
AH P R OW CH D IH D N,AH N,1
N AA T W ER K,N,1
 W AH N TH IH NG HH, HH,1
HH IY TH AO T N OW B AA D IY,HH IY,1
IY N OW Z AH B AW T IH T Y EH T,IY,1
 IH N SH AO R T AH N D T UW B AA R OW AE N AA R B AO R IY, HH IY,1
IY AH L F R EY Z,IY IH Z,1
Z S L AE SH T,Z T,1
 DH AH S AW N D AH V JH EH N AH F AH R Z B Y UW G AH L S K EH R D DH AH, W AH,1
AH AE N,AH N,1
N T AH L OW P,N,1
HH AY W EY AH N D F R IY W EY M IY,HH IY,1
IY N DH AH S EY M TH IH NG,IY,1
 DH AH F AA G P R IH V EH N T IH D DH EH M F R AH M ER AY V IH NG AA N T AY, AY,3
AY M,AY,4
 D AE F N Z S W IY D IH SH N IY, HH IY,3
IY D AH L P OY N T S K AA R F M AE CH T HH ER S K ER T,IY,3
 IY V IH N AH S IH M P AH L V OW K AE B Y AH L EH R IY, HH IY,3
IY K AH N T EY N Z S IH M B AH L Z,IY,3
 P R AA P ER L IY Y UW Z D DH AH, AY AH,1
AH P R EH Z AH N T B UH K IH Z AE N EH,AH M EH,1
EH K S AH L AH N,EH N,1
N T IH,N IH,1
IH N S T R AH M,IH M,1
M AH N T AH V EH N L AY T AH N M AH N T,M HH AE T,1
 P R EH Z AH N T L IY HH, HH,1
HH IH Z W AO T ER B R AH DH ER S EH D B R EH TH L AH S L IY,HH IY,1
 IH Z DH AH M AH DH ER AH V AE N AO T IH S T IH K CH AY L D AE T F AO L T, HH IY,1
AH N D EH K ER,AH ER,1
ER EY T DH EH R K L AE S R UW M Z F AO R AO L,ER L,1
 K AO R IY AH, DH AH,1
AH N D T R IH SH P L EY D T AE G W IH DH B IY CH B AO L Z F AO R,AH K AA R,1
 R AY T N AW M EY N, EH N,1
N AA T B IY DH AH B EH S T T,N T,1
T AY M F AO R B IH Z N AH S M ER JH ER,T ER,1
 S T UW D AH N T S CH OY S AH Z AH V AY, AY,1
AY D IY L EH JH AH K EY SH AH N AH L G OW L Z AA R N AA T,AY P AE T,1
T AA R,T R,1
R B AH,R AH,1
AH T R EH R IY AO R W IH,AH N IH,1
M Z IH,M IH,1
K AH L,K,1
 HH IY R IH M EH M B ER D DH EH M W EH L F R AH M HH IH Z HH AE P IY P IH R IY AH D, AY,1
 M AO R HH IY K UH D T EY K AE T L EH ZH ER,,1
 AH B IH G G OW T AY D L IY, HH IY,3
IY AE M B AH L D TH R UW DH AH F AA R M Y AA R D,IY,3
 IY T IH NG S P IH N AH CH N AY T L IY IH N K R IY S AH Z S T R EH NG K TH M ER AE K Y AH L AH, DH AH,2
AH S L IY,AH,2
 AE T T W AY L AY, AY,1
AY T AA N DH AH T W EH L F TH D EY W EH L HH AE V SH AH B L IY,AY,1
IY AH D M IH T AH D HH IH Z B IH HH EY V Y ER AH N D D IH F EH N D AH D IH T,IY,1
 K IY P DH, DH,1
DH AH D IH Z ER T S S IH M P AH L F R UW T D AH,DH AH,1
AH Z N AY S L IY,AH,1
 N UW AY D IY AH Z F AO R IH M P R UW V IH NG N UW T R IH SH AH N K EY M W IH DH DH AH S T AH D IY, HH IY,1
IY AH V S OY,IY OY,1
L T R IY T M,L M,1
M AH N,M EH N,1
M AH N,M IH N,1
M AH N,M AE N,1
N T,N,2
 Y AH NG CH IH L D R AH N SH UH D AH V OY D IH K S P OW ZH ER T UW K AH N T EY JH AH S D IH Z IY Z AH, DH AH,2
AH Z,AH,4
DH IH S IH Z AH S P EH SH L IY T R UW F AO R N IH T AH,DH AH,1
AH D F AE B R IH K S,AH,1
 IH F HH IY EH V ER D IH D S AH CH AH TH IH NG AH G EH N SH EH D D AY AH, DH AH,1
AH V SH EY M,AH,1
 W AH T IH T D AH Z S T IH M Y AH L EY T S R UW M AH N AE K T IH V AH T IY, HH IY,1
 SH IY S L IH P T AH N D S P R EY N D HH ER AE NG K AH L AA N DH AH S T IY P S L OW P, AY,2
 AH L UW M AH N AH M S IH L V ER W EH R K AE N AO F AH, DH AH,1
AH N B IY F L IH M Z IY,AH,1
 Y AH NG CH IH L D R AH N SH UH D AH V OY D IH K S P OW ZH ER T UW K AH N T EY JH AH S D IH Z IY, HH IY IY,1
IY Z AH Z,IY Z,1
 W AH T F AE K T ER Z K AH N D IH SH AH N DH, DH,1
AH D IH G R IY AH V R IY L AH Z EY SH AH N AE T V EH R IY AH,AH P AY AH,1
Z AH N,Z IH N,1
N D P,N P,1
 TH AE T L B IY P L EH N T IY T UW IY T B AY,,1
 Y UW S ER T AH N L IY K AE N T IH K S P EH K T DH AH IH N F IY L D T UW D UW EH, EH,1
N IY B EH T,N T,1
ER DH AE N IH T D IH D L AE S T Y IH R,ER,1
 AA R Y AO R G R EY D Z HH AY ER AO R L OW ER DH AE N N AE N S AH Z,,2
 D AH Z S AH S AY AH T IY R IH L IY IH G Z IH S T AE Z AE N EH N T AH T IY OW V ER AH N D AH B AH, DH AH,1
AH V DH,AH DH,1
AH AH,AH K AH,1
AH G L AA M,AH M,1
M ER EY SH,M OW SH,1
M AE N,M EH N,1
 AH N OW T AH V AA K EY M IH N T UW HH, HH,1
HH IH Z V OY S,HH IY,1
 S EH T AH, DH AH,1
AH S AY D T UW D R AY W IH DH L IH D AA N SH UH G ER B OW L,AH,1
 IY T IH NG S P IH N AH CH N AY T L IY IH N K R IY S AH Z S T R EH NG K TH M ER AE K Y AH L AH S L IY, HH IY,2
 AE T T W AY L AY T AA N DH AH T W EH L F TH D EY W EH L HH, HH,3
HH AE V SH AH B L IY,HH IY,3
 B R IH NG M IY DH AH F AY ER K R AE K ER Z,,1
 DH AH SH EH L T ER SH OW N W UH D P R AH V AY, AY,1
AY D AO L M OW S T AE B S AH L UW T F AO L AW T P R AH T EH K SH AH N,AY,1
 HH IY L AY V D AH N D B R IY DH D F AO R DH AH M AY N IH NG K AH M P AH N IY,,1
 SH IY W AO R W AO R M F L IY S IY W UH L AH N OW V ER AO L Z, AY,2
DH IH S B R OW SH UH R IH Z P AA R T IH K Y AH L ER L IY IH N F AO R M AH T IH V F AO R AH P R AH,DH AH,1
AH S P EH K T IH V B AY ER,AH,1
 W AY CH AA R JH M AH N IY F AO R S AH CH G AA R B IH JH,,4
AA SH W AO T,AA T,1
 R EH G Y AH L EY T IH V N AO R M Z G AH V ER, HH IY ER,1
ER N IH NG S AH B G R UW P S AH N D R OW,ER OW,1
OW L Z,OW Z,1
 AY Z L AY K HH AA T HH AH N IY, DH IY,1
IY AY Z DH AE T S IH Z,IY Z,1
Z AH L D,Z,1
 AH S P R IH NG T R AE P F AO R S AA L AH D M AW N T IH NG AH N D AH R EH G Y AH, HH IY AH,1
AH L ER HH AE N,AH N,1
 D IH D Y UW B AY EH N IY, HH IY,1
IY K AO R D ER OY OW V ER AO L Z,IY,1
 S T IY V W AO R AH B R AY T R EH, DH EH,1
EH D K AE ZH M IH R,EH R,1
R S W EH T ER,R,1
 DH AH, AY AH,1
G AH N M AH N K EH,G EH,1
EH P T HH IH Z V IH K T AH M K AO R N ER D AE T G AH N,EH N,1
 SH IY IH Z TH IH N ER DH AE N AY, AY,1
AY AE M,AY,1
 IH G W AA N AH Z AH N D AE L AH, IY T IY AH,1
AH G EY T ER Z AA R T R AA P IH K,AH K,1
AH L R EH P T AY L,AH L,1
 IH T IH Z AA IH N S P AY, AY,1
AY R IH NG,AY,1
 AE K CH UW AH L IY, AY IY,1
IY DH EY S EH D HH IY D IH D S L IY P B AH T S OW SH AO R T L IY AH N D F IH T F AH,IY Z AH,1
 AE T R AY T IH Z AH K AE ZH AH W AH L S T, HH IY IY T,1
T AY L IH,T IH,1
IH N AH K R AH SH T AH N L AY N D W AY T L EH DH ER,IH TH,1
 K AA M B AY N AO L DH AH IH N G R IY D IY AH N T S IH N AH L AA R JH B OW L,,1
AH S T R EY G IY S,AH,1
 HH ER R AY T HH AE N D EY K S W EH N EH V ER DH, DH,2
AH B AE R AH,AH AH,1
AH M EH T R IH K P R EH SH ER CH,AH CH,1
CH EY N,CH AE N,1
 DH EY AO L S OW W AA N T M AH N IY P R EH S T IY ZH AH N D S IH K Y UH R AH T IY, HH IY,1
 AH G UH D M AA R OW T UW Y UW M AY B OY,,1
 B R IH JH AH Z T AH N AH L Z AH N D F EH R IY, HH IY,1
IY Z AA R DH AH M OW S T K AA M AH N M EH TH AH D Z AH V R IH V ER K,IY K,1
NG Z,NG,1
 AH L AW L IY W, W,1
W EY HH IY R B AH T R AE SH AH,W AH,1
N AH L AY Z AO L EH R ER Z,N,1
 DH IH S IH Z M AY HH EH N L EH JH ER HH, HH,1
IY IH N F AO R M D HH IH M IH N AE N AH B Z AO R B D W EY,IY,1
 Y UW W ER IH N AH HH ER IY W IY R AH N T Y UW,,1
 Y EH T DH EY TH R AY V D AA N IH T,,1
 T UW F ER DH ER HH IH Z P R EH S T IY ZH HH IY AH K EY ZH AH N AH L IY R IY D Z DH AH W AO L S T R IY T JH ER N AH L, AY,1
 L AO R IH S K AA S T UW M N IY D AH D B L AE K G L AH V Z T UW B IY K AH M P L IY T L IY EH L AH G AH, DH AH,2
 S IH R IY, HH IY,1
IY AH L G R EY N Z HH AE V B IH N Y UW Z D F,IY P ER F,1
AO R S EH N CH ER IY Z T UW P R IY P EH R,AO R,1
R F ER M,R M,1
M EH N T AH D,M D,1
 N ER S AH Z T R EY N IH NG HH IY R D OW AH Z N T K AA S T EH N IY TH IH NG, AY,1
 IH T AO L S IY M D R AE DH ER HH OW P L AH S,,1
 P L IY Z T EY K DH IH S D ER T IY T EY B AH L K L AO TH T UW DH, DH,1
AH K L IY N ER Z F AO R M IY,AH,1
 DH IH S G R UW P IH Z S EH K Y AH L ER IH S T AH N D DH, DH,1
DH EH R P R OW G R AE M T EH N D Z T UW B IY T EH K N AH,DH AH,1
 G AA T AH HH EH K AH V AH, DH AH,1
AH B AY AA N DH IH S D ER T CH IY P,AH,1
 DH AH S K AA L AH P T EH JH IH Z P AA R T IH K Y AH L ER L IY AH P IY L IH NG,,1
 HH IY M EY T AO S K OY N Z HH, HH,1
IY M EY T EY K S L IH P S P EY P ER F R AH M AH G R AE B B AE G,IY,1
 W IH DH IH N DH IH S F R EY M W ER K W AH T F AA L OW D W AA Z S T R EY N D IY, AY IY,1
N M AH K,N K,1
K AA B R,K EH R,1
R AH,R,1
 W AH N V AE L AH D EY T AH D AE K T S AH V S K UW L D IH S T R IH K T S,,1
 S T IY V W AO R AH B R AY T R EH D K AE ZH M IH R S W EH T ER,,1
 DH AH G AH N M AH N K EH P T HH, HH,1
HH IH Z V IH K T AH M K AO R N ER D AE T G AH N P OY N T F AO R TH R IY,HH IY,1
 W AY SH UH D DH IH S B IY S OW,,1
 AO L DH AH, AY AH,1
AH W AY L SH IY S AE T DH EH R HH ER S IH N Y UW IY AA R M Z S W ER L D B IH F,AH F,1
F AO R,F OW R,2
R HH ER CH,R CH,1
 DH AH T AA R G AH T CH AA R T K W IH K L IY AH N D B R IY F L IY, AY IY,1
IY T EH L Z Y UW W IH CH AE D AH T IH V Z D UW W AH T,IY T,1
 R AY T N AW M EY N AA T B IY, HH IY,1
IY DH AH B EH S T T AY M F AO R B IH Z N AH S M ER JH ER Z,IY,1
 S OW L ER AE K T IH V AH T IY Z K UH D P R AH Z UW M AH B L IY, HH IY,1
IY B R IH NG L AO NG P,IY P,1
AH D AO R D R,AH T ER R,1
AW T,AW N D,1
 K AH M HH OW M R AY T AH W EY,,1
 D EY AE F T ER D EY S AH M N UW EH P AH S OW D IH Z R IY, HH IY,1
IY P AO R T AH D,IY,1
 K AO R IY AH N D T R IH SH P L EY D T AE G W IH DH B IY CH B AO L Z F AO R AW ER, HH ER,1
 M EH N IY S K AW ER IH NG P AW D ER Z N AW AO L S OW K AH N T EY N F AA S F EY T S, AY,1
HH IY W AA Z OW N L IY V EY G L IY,HH IY,1
IY AH W EH R AH V DH AH S L UW S IH NG R EY N,IY,1
 N OW P AH L IH T AH K AH, DH AH,1
AH L AO R D ER AO R EH,AH EH,1
EH K AH N AA M,EH M,1
M IH K S IH S T AH M IH Z S OW K L IH,M P ER ER IH,1
IH R L IY K AA N T R EH R IY T,IH T,1
T UW N EY CH ER,T,1
 AE G R AH K AH L CH ER AH L P R AA D AH K T S AA R AH N IY V AH N L IY D IH S T R IH B Y AH T AH, DH AH,1
AH D,AH,1
 AH L AW L IY W EY HH IY R B AH T, EH N T,1
T R AE SH AH N AH L AY Z AO L EH R ER,T ER,1
 G R EH G B AY Z F R EH SH M IH L K IY CH W IY, HH IY,1
IY K D EY M AO R N IH NG,IY,1
 K AE T AH S T R AA F IH K EH, EH,1
EH K AH N,EH N,1
N AA M IH K K AH T,N T,1
T B AE K S N AH G L EH K T DH AH P UW R,T ER,1
 S AH M AH V DH IY, AY IY,1
IY Z S P EH K Y AH L EY SH AH N Z M EY HH AE V S AH M M EH R AH T,IY T,1
T AH DH ER,T ER,1
 SH UH D SH IY W EY K HH IH M, AY,1
 D UW AH V OY D P AH NG K CH ER IH NG AO R K AH, DH AH,1
AH T IH NG IH N T UW M IY T S T,AH T,1
DH EH M,DH AH,1
 W AY B AY, AY,1
AY OY L W EH N Y UW AO L W EY Z Y UW S M AY,AY AY,1
HH UH D AO R G AH N AH Z EY SH AH,HH IY AH,1
AH N Z P,AH P,1
P R AH M OW T,P IH S T,1
 IH N SH AO R T S AY, AY,1
AY AH N T,AY T,1
T IH F IH K S,T EH S,1
S AE M P L IH NG W AA Z IH N T,S T,1
T R AH,T AH,1
AH D UW S T IH N P L EY S AH V S AH B JH EH K T IH V S AE M P L IH NG,AH F AY,1
 AE K S AH D AH N T M ER D ER S UW AH, DH AH,1
AH S AY D T EY K Y AO R P IH K,AH,1
 B EH S T S AH L UW SH AH, DH AH,1
AH N IH Z T UW F AY N D,AH D,1
D AE N EH R IY AH DH AE T IH Z P R IH D AA M AH N AH N T L,D EY L,1
L AY T,L EY T,1
T AO R SH,T ER SH,1
SH EY D,SH IY,1
 AE L AH S AH Z AH B IH L AH T IY, HH IY,2
IY T UW W ER K W,IY W,2
W IH TH AW T S UW P ER V IH ZH AH N IH Z N OW T W ER DH IY,W AO R,2
 DH AH R AE M AH F AH K EY SH AH N Z AH V DH AH IH SH UW AA R IH N AO R M AH S, HH IY,1
 DH EY D AA N T G OW F AO R B UH L L AY, AY,1
AY K M AH S AH L AE Z AH R UW L,AY,1
 T R IH M EH K S EH S K L EY F R AH M ER AW N D L IH P AH V M OW L D AH, HH IY AH,1
L IH D,L EY D,1
 D IH S EH M B ER AH N D JH AE N Y UW EH R IY AA R N AY, AY,1
AY S M AH N TH S,AY S,1
T UW S P EH N,T AE N,1
IH F P IY P AH L W ER M AO R JH EH N ER AH S DH EH R W UH D B IY N OW N,IH N,1
N IY D F,N F,1
R W EH L F EH R,R M ER,1
 B AE S K AH T B AO L K AE N B IY, HH IY,2
IY AE N EH N T ER T EY N IH NG S P AO R T,IY,2
 W IY AH V DH, DH,1
DH AH L IH B ER AH,DH AH,1
AH L L EH D W ER L D G AA,AH AA,1
AA T AO L S EH T F AO R P IY S AH N D R IY HH AH B,AA B,1
B IH L,B L,1
AH T EY,AH G EY,1
HH IH Z S AA R K AE Z AH,HH IY AH,1
M W AA Z F AA L OW D B AY AH S T,M AW N T,1
T UW P AH D G R IH N AH V HH IH Z TH IH,T IH,1
IH K M AW TH AH N,IH N,1
N D B,N B,1
 AH F IH SH AH L Z M IY T AA N R AH B IH SH, AY,1
 T R AH D IH SH AH N R IY, HH IY,5
IY K W AY ER Z P ER EH N T AH L AH P R UW V AH L F AO R AH N D ER EY JH M EH R IH JH,IY,3
 IH T S HH EH L TH IY ER T UW K UH K W IH TH AW T SH UH G ER,,4
 IH T S HH EH L TH IY ER T UW K UH K W IH TH AW T SH UH G ER, AY,3
DH AH K R AE N B EH R IY B AA G G EH T S V EH R IY P R IH T IY IH N AO T AH,DH AH,1
AH M,AH,1
 L AE F D AE N S AH N D S IH NG IH F F AO R CH AH N S M AY L Z AH P AA N Y UW, HH IY,3
 M AA M S T R AO NG L IY D IH S L AY K S AE P AH T AY, AY,2
AY Z ER Z,AY,3
 DH AH P L EY N T AH F IH N S K UW L D IH S EH G R AH G EY SH AH N K EY S AH Z, HH IY,1
 DH EY K EY M AH P AA N CH IY, HH IY,1
IY T AH L D IH R AE T W UH D L AE N D P UW L Z,IY,1
 T R IH M AH W EY EH K S EH S K L EY R IY IH N F AO R S S IY M W IH DH, DH,1
AH K OY L AH V K L,AH P L,1
IY K W AY ER Z P ER EH N T AH L AH P R UW V AH L F,IY F,1
ER EY JH M,ER AH M,1
 DH AH K R AE N B EH R IY B AA G G EH T S V EH R IY P R IH T IY IH N AO T AH M, AY AY,1
 DH AH K R AE N B EH R IY B AA G G EH T S V EH R IY P R IH T IY IH N AO T AH M, AY,4
 M AA M S T R AO NG L IY, HH IY,3
IY D IH S L AY K S AE P AH T AY Z ER Z,IY,3
 DH IH S IH Z N OW N AE Z K AA N F ER M EY SH AH N AH L EH N T R AH P IY, AY,1
 DH AH K L IH R L IY AY D EH N T AH F AY AH B AH L EH N AH M IY, HH IY,1
IY K AH N T IH N Y UW D AA N AE,IY AE,1
AE Z IH F N OW W AH N EH L S,AE S,1
W ER ER AW N D,W IY R D,1
 K AA M P ER AH B AH L T R EH N D Z K AE N B IY N OW T AH D EH L S W EH R,,1
 L AE F D AE N S AH N D S IH NG IH F F AO R CH AH N S M AY L Z AH, DH AH,1
AH P AA N Y UW,AH,1
 M AA M S T R AO NG L IY D IH S L AY, AY,1
AY K S AE P AH T AY,AY AY,1
 IH T K AE N P R AA JH EH K T L AO NG R EY N JH G OW L Z F AO R IH T S EH L F, HH IY,1
 HH IY, T IY,1
 HH IY, IY,1
IY W AA Z G IH F T AH D W IH DH AE N AH M AH L M AE G N AH T,IY T,1
T IH Z AH M AH N D AH P OW,T OW,1
T AH N T AH L,T EY L,1
L UH R F,L ER F,1
 V EH R IY AO S T IH R Y EH T R EY S IY,,1
 DH AH S AW N D AH V JH EH N AH F AH R Z B Y UW G AH L S K EH R D DH, DH,3
DH AH AE N T AH,DH AH,3
AH L OW P,AH,3
 HH AY W EY AH N D F R IY W EY M IY N DH AH S EY M TH IH NG,,4
 DH AH F AA G P R IH V EH N T IH D DH EH M F R AH M ER AY V IH NG AA N T AY M, HH IY,3
 DH AH F AA G P R IH V EH N T IH D DH EH M F R AH M ER AY V IH NG AA N T AY M,,1
 D AE F N Z S W IY D IH SH N IY D AH L P OY N T S K AA R F M AE CH T HH ER S K ER T, AY AY,1
 D AE F N Z S W IY D IH SH N IY D AH L P OY N T S K AA R F M AE CH T HH ER S K ER T, AY,1
 IY V IH N AH S IH M P AH L V OW K AE B Y AH L EH R IY K AH N T EY N Z S IH M B AH L Z, AY AY,1
 IY V IH N AH S IH M P AH L V OW K AE B Y AH L EH R IY K AH N T EY N Z S IH M B AH L Z, AY,2
 IY V IH N AH S IH M P AH L V OW K AE B Y AH L EH R IY K AH N T EY N Z S IH M B AH L Z,,1
 W IY M EY S EY DH, DH,1
DH AE T HH IH Z P R AA B L AH M W AA Z D AY AH G N OW S T B AH,DH AH,1
AH T DH AE T HH IY R,AH R,1
Z D T,Z T,1
 W IY K AE N G EH T IH T IH F W IY D IH G HH IY S EH D P EY SH AH N T L IY, AY,1
 D UW W IH TH AW T F AE N S IY T EY B AH L K L AO TH S,,1
DH AH B EH S T W EY T UW L ER N IH Z T UW S AA L V EH K S T R AH P R AA B L AH,DH AH,1
 R AE L F K AH N T R OW L D DH AH S T AA P W AA CH F R AH M DH AH B L IY, HH IY,1
IY CH ER Z,IY,1
 DH IH S B R OW SH UH R IH Z P AA R T IH K Y AH L ER L IY, HH IY,2
IY IH N F AO R M AH T IH V F AO R P R AH S P EH K T IH V B AY ER,IY,1
 M EY B IY T AH D EY L B IY AH, DH AH,1
AH G UH D N UW Z D EY,AH,1
 SH IY S P AW T AH D AH M AW TH F UH L AH V W AO T ER IH N T UW DH, DH,1
 T UW M EH N IY N UW TH IH NG Z AA R HH AE P AH N IH NG F AO R IH T T UW B IY AH K AH, AY AH,1
AH M P,AH P,1
L IY T IH R AA T,L EY N AH T,1
AH B EH S T W EY T UW L ER N IH Z T UW S AA L V EH K S T R AH,AH DH AH,1
N OW V ER AO L Z,N AA TH AH R AH,1
 R AE L F K AH N T R OW L D DH AH S T AA P W AA CH F R AH M DH, DH,2
AH B L IY CH ER Z,AH,2
IY IH N F AO R M AH T IH V F,IY F,1
 W AY CH AA R JH M AH N IY, HH IY,1
IY F AO R S AH CH G AA R B IH JH,IY,1
 S UW N DH AH AO F AH S W ER K K L EY M D AO L HH ER T AY, AY,1
 N EH K S T DH AH HH EH N W AA Z N EH S T AH D AH N D AO L S IY M D W EH L, AY,1
 HH EH V IY IH N D AH S T R IY S L AE N T AH D T AH W AO R D IH N IH G Z AO S T AH B AH L G AH V ER M AH, DH AH,1
AH N T K,AH K,1
AA F ER,AA P ER,1
ER Z AH,ER AH,1
 IH, HH IY IH,1
IH N W AH T W EY Z,IH Z,1
Z DH EH N D IH D DH AH P EY SH AH N T S S AY K IH K AH L B L AY N D N AH S M,Z M,1
 IH T W UH D B IY AH K AH L AA S AH L SH EY M T UW TH R OW AH W EY AH, DH AH,1
AH S T AO R IY L AY K DH IH S,AH,1
 L EH T AO L P R AA JH EH K T S D R AY S L OW L IY, HH IY,1
IY F AO R S EH V R AH L D EY Z,IY,1
 DH AH S AW N D AH V JH EH N AH F AH R Z B Y UW G AH L S K EH R D DH AH AE N T AH L OW P, HH IY,1
 DH AH S AW N D AH V JH EH N AH F AH R Z B Y UW G AH L S K EH R D DH AH AE N T AH L OW P,,1
 DH AH S AW N D AH V JH EH N AH F AH R Z B Y UW G AH L S K EH R D DH AH AE N T AH L OW P, AY,1
 HH AY, AY,2
AY W EY AH N D F R IY W EY M IY N DH AH S EY M TH IH NG,AY,2
 F AO R DH, IH N DH,1
DH AH AH N S IY N G OW S T L AY K R,DH EH R,1
R AY F AH L M AH N EY M D AH L IH T AH L HH AY ER DH AH TH ER D T,R T,1
 IH T S AW N D AH D S IH L IY W AY G OW AA N,,1
 AE N AA K T IH L Y AH N AE T AH M Z N AW L EH T AH S S IY, HH IY,1
IY W EH R DH IH S P AW ER K AH M Z F R AH M,IY,1
 AH W IY L S K W IY K T AA N AH HH AH B W AA Z S T IH L, AY L,1
L AH N D S K W IY,L IY,1
IY K T AH G EH N,IY N,1
 OW DH AH T AY M AH V D EH TH,,1
 DH AH S T R AH K CH ER Z HH AW Z IH NG DH AH AH P AA R T M AH N T S AA R AH V M EY S AH N R, AY AE F R,1
R IY AH,R AH,1
AH N D F R EY M K,AH K,1
K SH AH,K AH,1
 M AY K AH L K AH L ER D DH AH B EH D R UW M W AO L W IH DH K R EY AA N Z, HH IY,3
HH EH L P G R EH G T UW P IH K AH P EH K AH V P AH T EY T OW Z,HH IY,2
 DH EY OW N AH B IH G HH AW S IH N DH AH R IH M OW T K AH N T R IY S AY, AY,4
AY D,AY,4
 N AW AH D EY Z W IY T AO K AE Z DH OW DH, DH,1
AH B L IH T S,AH S,1
S W ER JH AH S T,S AA R T,1
AH SH AO R,AH R,1
R T S,R AH S,1
S K ER M IH SH,S,1
 P R AH P R AY AH T IY, HH IY,1
IY W AA Z S AH N AA N AH M AH S W IH DH R IH CH UW AH L AH B Z ER V AH N S DH,IY DH,1
 JH AA R Z AA R AH S EH M B AH L D IH N B OW L AH V B AH T ER M OW L D, AY,1
 D R AA P F AY V F AO R M Z IH N DH AH B AA K S B IH F AO R Y UW G OW AW T, HH IY,2
DH AH B EH T ER K W AA L AH,DH AH,1
AH T IY P,AH P,1
AA D AH K T S,AA S,1
S IH N B OW TH AH V DH IY Z L AY N Z K,S P EH K,1
K AH N T EY N F AA S F EY T,K T,1
AY P IH K M IY F AO R Y AO R P AE T S IY,AY,1
 P UH T AA N HH IH Z OW L D B R AW N K AO R D ER OY K OW T AH, DH AH,1
AH N D IH T W AA Z AO L R EH D IY S OW K T,AH,1
 DH AH B AH NG G AH L OW W AA Z P L EH Z AH N T L IY, HH IY,1
IY S IH CH UW EY T IH D N IH R DH AH SH AO R,IY,1
 IY T IH NG S P IH N AH CH N AY T L IY IH N K R IY, HH IY,2
IY S AH Z S T R EH NG K TH M,IY M,2
 AE T T W AY L AY T AA N DH, DH,1
DH AH T W EH L F TH D EY W EH L HH AE V SH AH,DH AH,1
AH B L IY,AH,1
 Y UW W UH D D R AY V AH S IH N T UW SH EY M HH, HH,1
IY D IH K L EH R D,IY,1
DH AH K L AW D Z B AH L JH D D AW N W ER D AH N D B ER S T S AH D AH N L IY IH N T UW AH,DH AH,1
AH G R EY T B,AH B,1
 F OW L D IH N T UW W IH P T K R IY, HH IY,1
IY M AH N D AE D AH D AE SH AH,IY AH,1
AO L T AH N D S P R,AO R,1
NG K L,NG L,1
AY T AH M AA N HH AE L AH W IY,AY S IY,1
IY N,IY,1
 AH F L EY M W UH D Y UW S AH P EH R,,1
 EH V ER IY M UW V M AH N T SH IY M EY D S IY M D AH N N EH S AH S EH R AH, DH AH,1
AH L IY N OY Z IY,AH,1
 HH IH Z HH IH S T ER IY IH Z HH IH Z AH L OW N, AY AE N,1
N Y EH T,N T,1
T IY CH M AE N,T AA N,1
N M AH,N AH,1
T R EH K AH G N AY Z HH IH Z OW,T OW,1
OW N HH IH S T ER IY IH,OW IH,1
 SH EY V IH NG K R IY M IH Z AH P AA P Y AH L ER AY T AH M AA N HH AE L AH, DH AH,2
AH W IY N,AH,2
 IH N D IY, HH IY,1
IY D IH T IH Z P AA S AH B AH,IY AH,1
AH L T UW S EH P,AH P,1
ER EY T IH L EH K T R AA N P AE R AH M AE G,ER G,1
G N EH,G EH,1
ER IH F,ER AH F,1
 L AY T AH D W IH N D OW Z G L OW D JH UW AH L B R AY, AY,1
AY T TH R UW DH AH D AW N P AO R,AY,1
 S AE L V EY SH AH N R IY K AH N S IH D ER D,,1
 P L IY Z D IH G M AY P AH T EY T OW Z AH, DH AH,1
AH P B IH F AO R F R AO S T,AH,1
 G R AE N D M AH DH, DH,3
DH ER AW T G R UW HH ER AH,DH AH,3
AH P B R IH NG IH NG IH N P EH T IY K OW T S,AH,3
AH P B R IH NG IH NG IH N P EH T IY K OW T S,AH S,1
 SH IY HH AE D Y AO R D AA R K S UW T IH N G R IY S IY W AA SH W AO T ER, DH AH ER,1
 SH IY HH AE D Y AO R D AA R K S UW T IH N G R IY S IY W AA SH W AO T ER, AY ER,1
 DH AH P ER CH AH S ER Z R IH JH EH K T IH D DH AH, AY AY AH,1
AH AO R D,AH N D,1
D ER IH N T UW L EH T ER Z R IH T AH N IH N V,D V,1
 DH AH L OW ER P AO R SH AH N P R AH V AY D Z AH R EY T, T,1
T IH NG AE T,T AA T,1
T EH N IY S T EY JH B IH T W IY N,T AH N,1
 W AY AH K Y UW Z AH SH IH P M EY T AH V B IY IH NG B IH HH AY, AY,1
AY N D DH IH S,AY,1
 CH IY, HH IY,3
IY P S T AA K IH NG Z R AH N DH AH F ER S T T AY M TH EY R W AO R N,IY,3
AA SH W,AA Z W,1
 IH F Y UW AA R AH L AY, AY AY,1
AY F T EH N AH N T Y UW D,AY D,1
D IH D AH K T AH L AW AH B AH,D IY AH,1
L D IH P R IY,L IY,1
IY SH IY EY,IY Z EY,1
D D IH P,D DH AH P,1
P L,P AH L,1
IY SH AH N,IY S,1
 G EH T IH NG DH, DH,1
DH AH B AA S R AE T AH,DH AH,1
AH L S N EY K T UW HH EH L P Y UW,AH,1
 L UH K AE T DH AH TH IH NG Z W IY, N IY,1
IY D UW T UW IH S K EY P AW ER F,IY F,1
F IH R Z AH,F AH,1
AH N D T UW F ER G EH T,AH T,1
ER IY Z,ER D Z,1
 DH AH M AO R N IH NG D UW AA N DH AH S P AY D ER W EH B G L IH S AH N D IH, HH IY IH,1
 D AA N T D UW CH AA R L IY Z D ER T IY D IH SH AH, DH AH,1
 B R AW N AY Z AY B R AW M AH S T AE SH,,1
 R EH K T ER W AA Z AO F AH N K Y UH R IY AH S AO F AH N T EH M P T AH D T UW AE S K K W EH S CH AH N Z B AH T HH, HH,1
 F Y UW R UH R AH L EH R IY AH Z AA R P R AH T EH K T AH, W AH,1
AH D B AY Z OW N,AH N,1
N IH NG,N,1
IY K W AY ER Z P ER EH,IY M EH,1
EH N T AH L AH P R,EH R,1
R UW V AH L F AO R AH N D,R IY D,1
D ER EY JH M EH R IH JH,D,1
 DH AH K R AE N B EH R IY B AA G G EH T S V EH R IY P R IH T IY, HH IY,1
IY IH N AO T AH M,IY,1
 L AE F D AE N S AH N D S IH NG IH F F AO R CH AH N S M AY, AY,2
AY L Z AH P AA N Y UW,AY,2
 M AA M S T R AO NG L IY D IH S L AY K S AE P AH T AY Z ER Z,,1
 DH AH SH AH T ER K AH N S IH S T S AH V T UW P AA R T S AH F AE, HH IY AE,1
AE S T OW P AH N IH NG P AA R T,AE T,1
D AH,D DH AH,1
 Y AW V G AA T N OW B IH Z N AH S AH P HH IY R,,1
 DH IH S TH IH R IY, HH IY,1
IY IH V EH N,IY AH N,1
N CH AH W AH L IY P R UW V D,N D,1
D IH N IH,D IH,1
HH IY AH K EY ZH AH N AH L IY R IY,HH IY,1
IY D Z DH,IY DH,1
 W AY Y EH L AO R W ER IY OW V ER S IH L IY AY T AH M Z,,1
 Y EH T W IY N OW L AO NG G ER F IY L AH N IY Z IY,,1
HH IY D R OW V AH N D DH AH R OW D W AA B AH L D F AH M IH L Y ER S IY,HH IY,1
IY N Z K R EH P T P AE,IY AE,1
AE S T,AE T,1
T AA N IY DH ER S AY D,T,1
 IH T AO L S, AY EH S,1
S OW P R AH V AY D Z F AO R F AH N D Z T,S T,1
T UW K L IH R S L AH M Z AH N D HH EH L P K AA L IH JH IH Z B IH,T IH,1
IH L D D AO R M,IH M,1
T AO R IY Z,T ER Z,1
 W IY W UH D IH S T AE B L IH SH N OW S EH N S ER SH IH P,,1
 HH IY S EH Z HH EH L B IY HH, HH,1
IY R AA N DH AH W AH N AA K L AH K P L EY N,IY,1
 AE S K T W AY HH IY R IH P L AY, DH AH AY,1
AY D P R IH M L IY B IH K AO Z DH AE T S N OW AE K T IH V,AY V,1
V AH T IY,V IY,1
R AH JH,R JH,1
 IH D R AE DH ER N AA T B AY, AY,2
AY DH IY Z SH UW Z DH AE N B IY OW V ER CH AA R JH D,AY,2
HH ER R AY T HH AE N D EY K S W EH N EH V ER DH AH B AE R AH M EH T R IH K P R EH SH ER CH EY N JH AH Z,HH IY,1
 DH AH T EY L HH, HH,1
IY TH AO T W UH D B IH K AH M L EH S G EY,IY,1
 W EH R OW N L IY W AH N K L AH B IH G Z IH S T AH, AY AH,1
AH D B IH F,AH F,1
HH IY S EH Z T UW W IH L F L ER IH SH HH EH N,HH AE N,1
N S F AO R TH,N D,1
 N AW DH AH S K UW L W AA Z IH N D IY D B ER EH F T,,1
AH N IH Z N OW T W ER DH IY,AH,1
 IH T HH AE D AH T IY N IY EH N V AH L OW P T AY, AY,1
AY D T UW IH T S R IH S T,AY,1
 SH IY L UH K T K R EH S T F AO L AH N AE Z IH F HH, HH,1
IY HH AE D S AH M,IY M,1
M HH AW D IH S AH P OY N T IH D DH AH HH OW L HH Y UW M AH N R,M AO R,1
R EY S,R,1
 DH EH R Z IH Z AH S AE K R AH F IH SH AH L L AY F B AY ER TH L IY, HH IY,1
IY S T AE N D ER D Z,IY,1
DH AH B R EY K D AW N AH V AH,DH AH,2
 W IY N UW DH AE T IH T W AA Z AE Z R IY AH SH UH R AH N S DH AH AY R AA N IH K F R UW T AH V AH D IY P L, ER L,1
IY M AO R AH L N EY CH ER,IY ER,1
 K AH V ER AH JH AH V P R AY, AY,1
AY M EH R IY L IH T ER AH CH ER W IH L F AA L OW,AY,1
 DH AE T AE D AH D T R AE F IH K M IY, HH IY,1
IY N Z R AY Z IH,IY B IH,1
IH NG S T R IY M Z AH V D AY M Z AH N D K W AO R T ER Z AE T T OW L G EY T,IH T,1
T S,T,3
DH AH G AH N M AH N K EH P T HH IH Z V IH K T AH M K AO R N ER D AE T G AH,DH AH,1
AH N P OY N T F AO R TH R IY AW ER Z,AH,1
 HH IY W AH, DH AH,1
AH N D ER D IH F IH T,AH TH AO T,1
T W AO R DH AH OW L D AE NG Z AY AH T,T T,1
T IY AO,T AO,1
R DH AH OW L D T AO T S T OW AH S IH Z AH M,R,1
HH IH Z D AA R K B R AW Z W IH CH HH AE D B IH N L OW ER D IH N AE NG G ER S M UW DH D,HH IY,1
 T UW P UH T IH T B L AH N T L IY Y UW AA R G EH T IH NG AW T M OW D IH D, AY,1
 T UW D EY T DH, DH,1
DH AH W AH N M IY T SH OW IH NG F EY V ER AH B AH L R IH Z AH,DH AH,1
AH L T S AE T S,AH S,1
P AO R,P UW R,1
R K,R,1
 OW L D P IY P AH L HH AE V DH EH R IH D IY OW S IH N K R AH S IY Z, AY,1
 DH AH F AE M AH L IY R IH K W EH S T S DH AE T F L AW ER Z B IY OW M IH T AH D, AY,1
 DH AH M AO R N IH NG D UW AA N DH AH S P AY D ER W EH, T EH,1
EH B G L IH S AH N,EH N,1
N D IH N DH AH S AH N,N IY Z AO N,1
 M AY OW N IH K S P IH R IY AH N S HH AE Z F AA L OW D S IH M P AH L ER L AY N Z,,1
 SH IY W AA Z R EH D IY, HH IY,1
IY F AO R HH ER G R EY T AE D V EH N CH ER Z AH N D DH AH ER AY V AH L AH V HH ER M OW B AH L P AA R T N ER,IY,1
 DH IH S W IY K AE N S IH M P AH TH EH T IH K AH L IY AH N D ER S T AE N D,,1
 P IY T S ER IY AH Z AA R K AH N V IY N Y AH N T F AO R K W IH K L AH, DH AH,1
AH N CH,AH,1
 D R AA P F AY V F AO R M Z IH N DH, DH,1
AH B AA K S B IH F AO R Y UW G OW AW T,AH,1
 HH ER W AO R D R OW B K AH N S IH S T S AH V OW N L IY S K ER T S AH N D B L AW S AH Z, AY,4
 IH T IH Z DH, DH,1
DH AH AH B V ER S AH V T R IH V IY AE L AH,DH AH,1
AH T IY SH AE,AH AE,1
AE L OW N,AE N,1
N AH S IH,N IH,1
IH M OW SH AH N AH L AE N AH S,IH S,1
 Y UW T UW W ER AH S T UW P AH D JH AE K AE S AH N T IH L Y UW P OY Z AH N D M IY, HH IY,1
 AE Z AH R UW L DH, DH,1
DH AH AO T IH S T IH K CH AY L D D OW AH Z N T EH N JH OY F IH Z IH K AH,DH AH,1
AH L K,AH K,1
 K AO L AE N AE M B Y AH L AH N S F AO R AH M EH D AH K AH L AH S IH S T AH N S, AY,1
 IH T W IH L HH AW EH V ER IH N HH IH B AH, AY OW P IY AH,1
T DH AH S,T S,1
S P R AW T IH NG AH V P AH T EY T OW Z AH,S AH,1
R UW T V EH,R EH P R IH Z EH,1
EH JH T,EH N T,1
L Z,L,1
 OW K EY T EY K DH AH T R EY,,1
 AO R DH AH B EY AH V F IY M EY L D AA G Z IH N HH IY T,,1
 L AO R IH, IH,1
IH S K AA S T,IH T,1
T UW M N IY D AH D B L AE,T AE,1
AE K G L,AE L,1
L AH V Z T UW B IY K AH M P L IY T L IY EH L AH G AH,L Y AH,1
DH EH R R IH Z AH,DH AH,1
AH L T S AH,AH AH,1
AH S T AH D IY AH V L IH T ER AH CH ER,AH DH ER,1
ER F R IY D F R AH M DH AH T IH R AH N IY AH V DH AH K,ER K,1
 AE F T ER W ER D Z Y UW D IH D W EH L IH N AH F,,1
 AO R S ER T AH N W ER D, AY D,1
D Z AO R R IH CH UW,D UW,1
UW AH L Z DH AE T CH AY L D AH N D AH D AH L T G,UW G,1
 HH IY S T OW L AH D AY, AY,2
AY M F R AH M AH B EH G ER,AY,2
 AH P AO R T AH B AH L IH L EH K T R IH K HH IY T ER IH Z AH D V AY Z AH B AH L F AO R SH EH L T ER Z IH, IH,1
N K OW L D K,N K,1
 HH IY D R UW AH D IY P B R EH TH,,1
 IH T S ER K AH L D HH, HH,1
HH ER TH AY Z IH K S P L AO R IH NG W IH DH IH T S AY S IY,HH IY,1
IY T EH N T AH K AH L Z,IY,1
 K AA M B AY N AO L DH AH IH N G R IY D IY, HH IY,2
IY AH N T S IH N AH L AA R JH B OW L,IY,2
DH AH B AE R AH M EH T R IH K P R EH SH ER CH EY N JH AH,DH AH,1
 SH UH D DH AH AE K S EH L ER EY T IH NG G R OW TH AH V T EH K N AA L AH JH IY DH EH N W AO R N AH S, AY,1
 AE F T ER DH AE T V AY, AY,1
AY AH L AH N S W AA Z IH G Z AH L T AH N T L IY IY Z IY,AY,1
 DH EH R AA R M AO R AA B V IY, HH IY,1
IY AH S N IH M F OW,IY ER OW,1
OW M EY N IY AE K S AA N EH N IY P R AY V AH T AY S IH R IY Z,OW Z,1
 K AE T AH S T R AA F IH K EH K AH N AA M IH K K AH, W AH,2
AH T B AE K S N,AH N,2
N AH G L EH K T DH AH P UW R,N,2
 V EY P ER P R EH SH ER M EH TH AH D,,1
 DH EH R W UH D S T IH L B IY P L EH N T IY, HH IY,1
IY AH V M OW M AH N T S,IY S,1
S AH V R AH G R EH,S EH,1
EH T AH N,EH D N,1
N D S AE D N,N OY N,1
N AH S AH,N AH,1
AH N D G IH L T,AH T,1
 B AH T W AH, TH IY AH,1
AH T HH AE Z B IH N HH AE P AH,AH D AH,1
AH N IH NG R IY S,AH S,1
S AH N T L IY M AY T B IY,S IY,1
IY D IH S K R AY B D AE Z K R IY,IY IY,1
IY P IH NG M,IY M,1
DH AE T N OY Z P R AA B L AH M G R OW Z M AO R AH,DH AH,1
AH N OY IH NG IY CH D EY,AH,1
 L IH V IH NG IH, IH,1
N AH SH EH L T ER DH,N DH,1
DH AH R EY D IY OW AE K T IH V AH T IY AH V F AO L AW T D AH,DH AH,1
EY Z R,EY S R,1
 AH B AW T D AO N HH IY G AA T AH P T UW B L OW, AY,1
 SH UH R L IY DH IH S IH Z AH R IY AE L AH T IY W IY AO L AE K N AA L IH JH, AY,1
 R IH L IH JH AH N DH AH S B IH K AH M Z IH N T AH G R EY T AH D W IH DH L AY, AY,1
AY F,AY,1
 DH IH S IH Z T AE K S EY SH AH N W IH TH AW T R EH P R AH Z EH N T EY SH AH N, AY,1
 DH AH F AA R M ER Z L AY F M AH S T B IY, IY,1
IY ER EY N,IY N,1
N JH D T UW M IY T DH AH,N AH,1
AH D IH M,AH M,1
M AE N D Z AH V K R AA P S AH N D L AY V S,M OW S,1
T AA K,T,1
 D IH, IH,1
IH S EH M B ER AH N D JH AE N Y UW EH R IY AA R N AY S M AH N TH S T,IH T,1
T UW S P EH N D IH N M AY AE M IY,T,1
 IH F P IY P AH L W ER M AO R JH EH N ER AH, DH AH,1
AH S DH EH R W UH D B IY N OW N IY D F AO R W EH L F EH R,AH,1
 HH AH Z B AH, DH AH,1
AH N D R IY W,AH W,1
W AA Z B AW N D AH D B AY S N EY K,W ER K,1
K R EY L F EH N S AH Z AH N D DH EH R W ER G,K G,1
 HH IY HH AE D F AA L AH N IH N T UW AH S AA F T JH AA B AH N D N, DH EH N,1
N AW DH AH JH AA B W,N W,1
 AH TH AO R AH T IY, HH IY,1
IY Z S EY DH AE T OW L D S T ER Z AA R AH P R AY M T AA R G AH T,IY,1
 AH M EH R AH K AH N N UW Z P EY P ER R IY, T IY,1
IY V Y UW ER Z L AY K T UW K AO L HH IH Z P L EY Z N AY AH L IH S T IH K,IY,1
AH P R,AH R,1
R AA S P EH K T AH V K AH T IH NG B AE,R AE,1
AE K S P EH N D IH NG,AE NG,1
NG IH Z AE N AH N P L EH Z AH N T W AH N F AO R EH N IY G,NG G,1
G AH V ER N,G UW N,1
N ER,N,1
 B AH T DH AH, AY AH,1
AH SH IH P S AA R,AH R,1
R V EH R IY S L OW N AW AH N D W IY D AA N,R AE N,1
N T G EH T S OW M,N M,1
M EH N IY S EY L ER Z EH N IY M AO R,M AH R,1
ER AO L Y,ER Y,1
 DH AH K AO R T Y AA R D IH Z M AE G N IH F AH S AH N T L IY D EH K ER EY T AH D, AY,1
 AE Z AH R IH Z AH L T HH, HH,1
IY W AA Z P ER S W EY D AH D AW T T UW D IH N ER,IY,1
HH IY N,HH EH N,1
N AA T OW N L IY N UW S OW L JH ER IH NG B AH T M AE TH AH M AE T IH K S HH IH S T ER IY,N R IY,1
 DH AH K L AH M Z IY K AH S T AH M ER S P IH L D S AH M IH K S P EH N S IH V P ER F Y UW M, AY,2
 P L IY Z D IH G M AY P AH, W AH,1
AH T EY T OW Z AH P B IH F AO R F R AO S T,AH N,1
 IH D R AY D DH AH S AH B W EY B AH T AY HH, HH,2
HH EY V AH N T IH N AH F CH EY N JH,HH IY,2
 W, AY W,1
W IY P R AH D UW S P IY N AH T OY L B AH T T UW AH M AH CH G R EY T ER IH,W IH,1
IH K S T EH N T W IY IY T DH AH IH,IH TH IH,1
N T AY,N S AY,1
AY ER S,AY D S,1
 F AH S F AH S OW L D M AE N,,1
 W IY V AO L B IH N R IH CH AH N D S P OY L D L AO NG IH N AH F T UW HH, HH,1
HH EY T DH AH M AH SH IY,HH IY,1
IY N EY JH,IY,1
 S P EH SH AH, DH AH,2
AH L T AE S K F AO R S IH Z R EH,AH EH,1
EH S K Y UW HH AA S T AH JH AH Z F R AH M K IH D N AE P ER,EH V ER,1
 W IH DH IH N DH, DH,1
AH L AA R JH ER S,AH S,1
S OW SH AH,S AH,1
AH L S,AH B S,1
IH S T AH M AA R DH AH S,IH S,1
T R AH K CH ER AH L AH N D F AH NG K SH AH,T AH,1
N AH L S AH B S IH S,N S,1
S T AH M Z,S,1
 AH N D W AH T AY Z DH EY W ER,,1
 IH T S AH S T R IY M L AY N D R AY F AH L F AE S T AH N D W EH L M EY D,,1
 IH F D AA R K K EY M DH EY W UH D L UW Z HH ER,,1
 HH IY TH AO T HH IY S AO AH P EY L F EY S AE T AH W IH N D OW, AY,1
 DH OW Z W ER AH S P EH SH L IY, AY IY,1
IY DH AH W AH N Z DH AE T AO L AH DH ER G R OW N AH P S L AE F T AE T L AW D AH S T,IY T,1
 P IY T S ER IY AH Z AA R K AH N V IY N Y AH N T F AO R K W IH K L AH N CH, AY,1
 HH ER T EY L N OW L AO NG G ER L AE SH T,,1
 DH EH R Z S T IH L S AH CH AH TH IH NG AE Z M EH N T AH L IH L N AH S, AY,1
 B AH T IY, HH IY,1
IY V IH N M AH DH ER Z L AH V IH NG AE T AH T UW D W IH,IY IH,1
IH L N AA T AO L W EY Z,IH Z,1
 OW N L IY, AY IY,1
IY DH AH M OW S T AH K AA M P L IH SH T AA R T IH S T S AH B T EY N P AA P Y AH L EH R AH T,IY T,1
IY P F R AE,IY AE,1
AE N T AH K AH,AE M AH,1
IY AA N DH AH S ER F AH S AH V DH AH S M AO L L EY K,IY,1
 L EH T AH S D IH F ER EH N SH IY EY T AH F Y UW AH V DH IY Z AY D IY, HH IY,1
IY AH Z,IY,1
 IH T ER N AH T IY, HH IY,1
IY IH Z N OW T AY M F AO R R IH K R IH M IH N EY SH AH N Z,IY,1
 W EH, DH EH,1
EH L JH UW N Y ER D IH D N T HH IY IY T OW N L IY W AH N AH N,EH N,1
N D M,N M,1
AH L T AE S K F AO R S IH Z R EH S K Y UW HH,AH HH,1
AA S T AH JH AH Z F R,AA R,1
R AH M K IH D N AE P,R P,1
 DH AH T UW TH F EH R IY F ER G AA T T UW K AH, W AH,1
AH M W EH N,AH N,1
N R AA JH ER Z T UW TH F EH L AW T,N,1
 S AH B S, HH IY S,1
S T AH N S AH Z AO L K R IH S T AH L AY N S AH B S T AH N S AH Z AH N D AH DH ER S AA L AH D S T EY T,S AE T,1
 TH ER OW L IY W AY Z D AH P,,1
 HH AW K AH M Y OW Y AH R R AY D IH NG DH AH R AA D Z K IH D Z L AY K Y UW,,1
 IY CH AH N T AY, AY,1
AY M L IY IH N,AY AE N,1
N K AH M L AO S,N S,1
S K OW AH N S,S EH S,1
S AY D AH D W IH DH DH AH B R EY K D AW N AH V AH HH IY T,S T,1
T IH NG S IH S T AH M P AA R T,T ER,1
 JH EY N M EY ER N M AO R M AH N IY B AY W ER K IH NG HH AA R D,,1
DH AH R IH V AY Z D P R AH S IY JH ER W AA Z AH K L EY M D AE Z AH L AO NG OW V ER D UW R AH,DH AH,1
 HH IY HH EH L D HH IH Z AA R M Z K L OW S T UW HH IH Z S AY D Z AH, DH AH,1
AH N D M EY D HH IH M S EH L F AE Z S,AH S,1
L AE Z P,L AH S T P,1
 W AH N K UH D HH, HH,1
HH IY R AH V EH R IY F EY N T L EY D IY L AY K S AY AH V R IH L IY,HH IY,1
IY F,IY,1
IY W AA SH W AO T ER AO L Y IH,IY IH,1
IH R,IH Z,1
 V IH ZH W AH L IY DH IY Z AH P R AA K S AH M EY T AH D W AH T HH, HH,1
HH IY W AA Z F IY,HH IY,1
IY L IH NG W IH DH IH N HH IH M S EH L F,IY,1
 Y UW S AO DH EH M AO L W EY Z T AH G EH DH ER DH OW Z Y IH R Z, AY,1
 B AH T S AH CH K EY S AH Z W ER IH N DH AH P AE S T AH N Y UW ZH UW AH L, AY,1
 OW V AH L F EY S W IH TH AW T AE N IH K S P R EH SH AH N IH N DH AH W ER L D, HH IY,1
 Y EH S B IH K AO Z Y UW D IH D N T R AH N AO F T UW Y UW S DH AE T N UW T UW TH B R AH SH, HH IY,1
 HH AW M AH, DH AH,1
AH CH W IH L IH T K AA S T T UW D UW EH N,AH N,1
IY N EH S AH S EH R IY M AA D ER N AY Z IH NG AH,IY OW K AH,1
AH N D R,AH R,1
IY D EH K ER EY T IH NG,IY,1
 P L IY, HH IY,3
IY Z D IH G M AY P AH T EY T OW Z AH P B IH F AO R F R AO S T,IY,3
 SH IY HH AE D Y AO R D AA R K S UW T IH N G R IY S IY W, DH AH W,1
 EH K S B OY F R EH N D M IY T EH K S HH AH Z B AH N D, AY,1
 AH B UH L AH T SH IY AE N S ER D,,1
 IH T M EY B IY, HH IY,1
IY HH AA R D T UW D IH S AY D W AH T DH IH S L EY B ER IH Z W ER TH B,IY B,1
JH S,JH D S,1
AH B AH NG G AH L OW W AA Z P L EH Z,AH IY Z,1
Z AH N T L IY S IH CH UW EY T IH D N IH R DH AH SH AO R,Z,1
 AH B IH, IH,1
IH G G OW T AY D L IY AE M B AH L D TH R UW DH,IH N DH,1
 AE T T W AY L AY T AA N, N,1
N DH AH T W EH L F TH D EY W EH L HH AE V SH AH B L,N IH R L,1
 K EH R F AH L D AA N T D IH S T ER B HH ER,,1
 P AA V ER T IY IH M P OW Z AH Z AH K AY, AY,1
AY N D AH V CH AE S T AH T,AY EY T,1
T IY AA N DH AH AE M B IH SH AH S,T,1
 CH UW Z K EH R F AH L IY, IY,1
IY B IH T W IY,IY IY,1
IY N K AH N T,IY T,1
T R IH B Y AH T AO R IY AO R N AA N K AH N T R IH B Y AH T AO R IY,T OW IY,1
DH AH K L AH M Z IY K AH S T AH M ER S P IH L D S AH,DH AH,1
AH M IH K S P EH N S IH V P ER F Y UW M,AH,1
 N AO R DH, DH,1
DH ER N ER Z IH N D AH L JH IH N AE N EH K S T R IY M L IY D EY N JH ER AH S L AH,DH AH,1
AH G ZH ER IY,AH,1
 G AA T N OW B IH Z N AH S OW V ER HH, HH,1
HH IY R AA N AH S T EY K AW T EH N IY,HH IY,1
IY W EY,IY,1
 M AY M AH DH ER W AA Z B IH S AY D HH ER S EH L F W IH DH, DH,1
DH K Y UH R IY AA S AH,DH AH,1
 AE G R AH K AH L CH ER AH L P R AA D AH K T S AA R AH N IY V AH, W AH,1
N L IY D IH S T R IH B Y AH T AH D,N,1
 W AH N, AY IH N,1
N L UH K T,N T,1
T D AW N AA N AH S IY AH V L IY V Z AH B R EY K IH NG W EY V AH V F,T ER F,1
L AW ER,L OW,1
 DH AH M EH N IY B AA D IY D G ER L L EY N IH R HH IH M, AY,1
 DH AH JH AA B AO L S OW K AH V ER Z AH N AH M B ER AH V AH DH ER AY, AY,1
 IH D R AE DH ER N AA T B AY DH IY Z SH UW Z DH AE N, W AH N,1
N B IY OW V ER CH AA R JH D,N,1
HH ER R AY T HH AE N D EY,HH IY EY,1
 AO L N AH T K ER N AH L Z AA R R IH CH IH N P R OW T IY N, AY,1
 IH T IH Z N AA T AH P L EH Z AH N T AO R IY Z IY P AH Z IH SH AH N B AH T W AH N W, AY W,1
 L AH V IY Y UW M EY K M IY F IY L N EY K AH D, AY,1
 Y AH NG CH IH L D R AH N SH UH D AH V OY D IH K S P OW ZH ER T UW K AH N T EY JH AH, DH AH,1
AH S D,AH D,1
 W EH DH ER P R UW F G AH L AA SH AH Z AA R V EH R IY Y UW S F AH L IH N S IY, HH IY,2
IY AE T AH L,IY,2
 P AA M OY L P R AH T EH, EH,1
EH K T,EH N T,1
T S DH AH S ER F AH S AH Z AH V S T IY L SH IY,T R IY,1
T S B IH,T IH,1
IH F AO R DH EY AA R P L EY T AH D,IH D,1
T IH N,T EH N,1
 SH IY S AW N D AH D AE Z DH OW DH EY AO L R EH D IY IH G Z IH S T AH D, AY,1
 HH IH Z IH, IH,1
IH L EH K SH AH N AA N DH AH AH DH ER HH AE N D W UH D AH N K W EH S CH AH N AH B L IY S T R EH NG TH AH N,IH N,1
HH AE D Y AO R D AA R K S UW T IH N G R IY,HH IY,2
 F AO R W AH N S R AE D IH K AH L IH Z AH M W AA Z AH R EH K AH M AH N D EY SH AH N, AY,1
 S AH M B AA D IY W IH DH N OW V AY S AH Z,,1
HH IH S T AO,HH IY AO,1
AO R IY AH N,AO N IH N,1
N Z HH AE V HH AE D T,N T,1
R IY Z AH,R AH,1
AH N Z F AO R P ER S IH S,AH S,1
T IH NG S OW L AO NG IH N DH EH R IH,T IH,1
N V EH S T AH G EY,N EY,1
N OY L IY R AE G L AY K DH,N DH,1
 AO SH AH T AH P HH IY S EH D,,1
 AH P R AH F EH, HH IY EH,1
EH SH AH N,EH T N,1
N DH AE T B R AO T M IY,N IY,1
IY AE Z G UH D AE N IH N K AH,IY AH,1
AH M AE Z M AY N W AA Z N T T UW B IY S N,AH N,1
N IY Z D AE T,N,1
 AH L AY N IH NG AO L DH AH T IY, HH IY,1
IY TH M EY T EY K AH Y IH R AO R M,IY M,1
DH AH M OW S T AH,DH AH,1
AH K AA M P L,AH L,1
L IH SH T AA R T IH S T S AH B T EY,L EY,1
EY N P AA P Y AH L EH R AH T IY,EY D IY,1
 SH IY HH AE D Y AO R D AA R K S UW T IH N G R IY S IY W AA SH W, DH AH W,2
 DH EH M N UW T UW DH, DH,1
DH AH K AH N T R IY W ER R AH F ER D T UW AE Z P IH L G R AH,DH AH,1
 IH T S AH F AO R M AE L AH T IY Y UW N OW,,1
 D IH S P L EY D AE Z L AE M P S DH AH P AH P AH T S D IH L AY, AY AY,1
AY T DH AH CH IH L D R AH N AH,AY AH,1
D AA R D,D AW ER D,1
 M IY T S DH, DH,1
AH R EY D IY EY SH AH N,AH M AE N,1
N P R AA S EH S IH NG AH V M IY T HH,N HH,1
 HH IY W UH D N AA T K AE R IY AH B R IY F K EY S,,1
 B AY DH AE T W AH N F IY, HH IY,1
IY L Z DH AE T M AE G N EH T IH K F AO R S IH,IY IH,1
IH Z AA R AE Z,IH Z,1
 S AH L EH K T AH D B IH B L IY, N IY,1
IY AA G R AH F IY Z AH N D T EY B AH L Z AH V AH V EY L AH B AH L D EY T AH AA R N AW IH N P,IY DH ER P,1
 W EH N HH IY S AO M IY K AH M IH NG HH IY T ER N D HH, HH,1
HH IH Z R EY D IY,HH IY,1
IY OW AO F,IY,1
 DH AH AA R M CH EH R T R AE V AH L ER P R AH Z ER V Z HH, HH,1
HH IH Z IH L UW ZH AH N Z,HH IY,1
N T R OW L,N,1
 AE Z SH IY G OW Z SH IY HH ER S EH L F W IH L B IY IH L UW M AH N EY T AH D, AY,1
 N OW B AA D IY IH N HH, HH,1
HH IH Z R AY T M AY N D P AH N IH SH AH Z AH K W AO R T ER S EH N CH ER IY,HH IY,1
IY OW L D D EH,IY DH EH,1
R AH L,R L,1
L IH K SH AH N,L EH T,1
 AH K W IH K T AH CH D AW N R IH Z AH L T IH D,,1
 SH IY W AO R W AO R M F L IY S IY, HH IY,2
IY W UH L AH N OW V ER AO L Z,IY,2
DH IH S B,DH AH AE B,1
B R OW SH UH R IH,B IH,1
IH Z P AA R T,IH T,1
T IH K Y AH L ER L IY,T IY,1
IY IH N F AO R M AH T IH V F AO R AH P R AH S P EH K T IH V B,IY B,1
B AY ER,B IY,1
 HH IY AO L W EY Z S IY M D T UW HH AE V M AH N IY IH N HH IH Z P AA K AH T, AY,1
 N OW R IH T ER N AE D R EH S W AH T S OW EH V ER, AY,1
 AE Z S AH CH IH T W AA Z B IH AA N D P AA L AH T IH K S AH N D HH, HH,1
HH AE D N OW N IY,HH IY,1
IY D AH V JH AH S T AH F AH,IY AH,1
EY SH AH,EY ZH AH,1
EH S AH,EH TH AH,1
AH JH,AH D,1
 G IH V M IY Y AO R M AH SH IY N G AH N AE M OW,,1
 F AO R AE N IH, IH,1
IH N S T,IH T,1
T AH N T DH,T W AA Z DH,1
AH OW L D AE N T F EH L T S AH M,AH EY M,1
M TH IH NG IH N D IH F AY N AH B AH L F L AE SH TH R UW HH ER S M AY L,M IY L,1
 EY M T UW B AE L AH N S Y AO R EH M P L OY IY, HH IY,1
IY B EH N AH F IH T P AE K AH JH,IY,1
 DH EH R W ER K M IH R ER Z DH, DH,1
AH M EH N T AE L,AH L,1
L AH T IY AH V DH AH S AY,L AY,1
AY K OW P AE TH R,AY F R,1
UW T L,UW L,1
L AH S AH,L Z AH,1
 AH DH ER Z IH N V OW K T T EH K N AA L AH JH IY, HH IY,1
IY AH N D K AA M AH,IY W AH,1
AH N S EH N,AH N,1
 T UW K R IY EY T S AH CH AH L AE M P AO R D ER AH W, W,1
W AY ER D P EH D AH,W AH,1
AH S T AH L F,AH N F,1
 IH D R AY D DH, DH,1
DH AH S AH B W EY B AH T AY HH EY V AH N T IH N AH F CH EY N,DH EH N,1
N JH,N,1
 G R AE N, N,1
N D M AH DH ER AW T,N OW T,1
T G R UW HH ER AH,T AH,1
 DH AH R EH D K OW T S R AE N L AY K R AE B AH T S,,1
DH AH S IH V EH N T S AH K ER D AH N D V IH K T AH M Z CH EY N JH D IH N AH P IH R AH N S AH,DH AH,1
AH N D N,AH N,1
DH AH G AE L AH,DH AH,1
AH N T HH AE F S IH T IY IH Z D AY IH NG AA N IH T S F IY T,AH,1
 D AE F N Z S W IY D IH SH N IY D AH, DH AH,2
AH L P OY N T S K AA R F M AE CH T HH ER S K ER T,AH,2
 AE T L AO S K UW L DH AH S EY M,,1
 DH AH IH N S T IH NG K T T UW D IH S AH P L AH N HH AE Z B IH N L AO S T, AY,1
 AH N AA N K AH N T, T,1
T R IH B Y AH T,T IY T,1
T AO R IY P L AE N Y UW ZH AH W AH L IY W OW,T OW,1
OW N T,OW T,1
T P EY AO F F AO R DH AH,T AH,1
AH W ER K ER,AH L ER,1
ER AH N T IH L HH IY R IH T AY R Z,ER Z,1
 AH B IH G G OW T AY D L IY AE M B AH L D TH R UW DH AH F AA R M Y AA R D,,1
 DH IY Z W ER HH IH R OW Z N AY, AY,1
AY N F IY T T AO L T UW HH IH M,AY,1
IY S AO DH AH D EY N JH ER Z,IY Z,1
Z N AA T DH AH G L AO R IY,Z IY,1
IY Z AH V B IY IH NG AY D EH N T AH F AY D AE Z AH M Y UW T AH N IH R,IY ER,1
 AH DH, DH,1
DH ER W AY Z Y UW M,DH AH M,1
M EY B,M OW B,1
B IY S AE D AH L D W IH DH AH,B AH,1
AH G UH D S AY Z M IH L K B IH L,AH L,1
 T R AH D IH, AY IH,2
IH SH AH N R IY K W AY ER Z P ER EH N T AH L AH P R UW V AH L F AO R AH N D ER,IH M ER,2
ER EY JH M EH R IH JH,ER JH,2
 HH IY K UH D P IH K AH P AH N AH DH ER P AE K AA N HH IH Z W EY HH OW M IH F HH IY W ER G OW IH NG HH OW M, AY,1
 AH N F AO R CH AH N AH T L IY DH EH R IH Z S T IH L L IH T AH L D IH M AE N D F AO R B R AA K AH L IY, HH IY,1
IY AH N D K AA L AH F L AW ER,IY,1
 DH AE T S W EH R D IH V AY, AY,1
AY S K W AE K ER IY K AE N L EH D,AY,1
 N EH K S T B EH S T T UW D IH S T R OY IH NG AE N, IY N,1
N AA R M IY IH Z T UW D IH P R AY V IH T AH V IH T S F R IY,N IY,1
IY D AH M AH V AE,IY AE,1
K SH AH N,K,1
 HH AE V Y UW G AA T AW ER K IY Z HH AE N D IY,,1
 AH R EY N JH AH V B L AH F S HH, HH,1
HH AH G D DH AH HH ER AY Z AH N DH AH K AH L ER AH V D AH K EY IH NG M AO S,HH IY AE T,1
 DH IH S B R OW SH UH R IH Z P, HH IY P,1
P AA R T,P EH T,1
T IH K Y AH,T AH,1
AH L ER L IY,AH F IY,1
IY IH N F AO R M AH T IH V F AO R AH P R AH S P EH K T IH V B AY ER,IY,1
 B AY DH AE T T AY, AY,1
AY M P ER HH AE P S S AH M TH IH NG B EH T ER K AE N B IY D AH N,AY,1
 DH IH S T R AE JH IH K L AE D HH AE D F AO R JH D HH IH Z OW N SH AE K AH L Z, AY,1
 CH EH K Y AO R K AE F AH T IH R IY, S IY,1
IY AH L OW K EY SH AH N T UW M,IY M,1
M EY K SH UH R IH,M Z IH,1
IH T S K AH N V IY N Y AH N T F AO R M OW S T EH M,IH M,1
 DH EH R AA R AO L S OW AA N AH S T S IY K ER Z AE F T ER T R UW TH, AY,1
 S T EY K M IY SH IY S EH D AH N D L EH T M IY AE T DH OW Z D AY, AY,1
AY S,AY,1
 EH N K ER IH JH DH EH M T UW EH K S ER S AY, AY,1
AY Z DH EH R B EH N AH F IH T S,AY,1
 SH IY S EH D SH AA R K S HH AE V N OW B OW N Z AH, DH AH,1
AH N D SH R IH M P S W AE M B AE K W ER D,AH,1
 M IH L K P R AH D AH K SH AH N M EY B IY IH N K R IY S T B AY, AY,1
AY DH AH AE N T,AY T,1
T IY IH N F EH,T EH,1
EH K T IH V P R AA P ER T,EH S T,1
T IY Z AH,T AH,1
AH V DH IH S D,AH D,1
D R AH G,D,1
 W AY L HH IY W AA Z IH N K AH S T AH D IY HH IH Z W AY F D IH V AO R S T HH IH M,,1
 IH F K AE R AH L K AH M Z T AH M AA R OW HH AE V HH ER ER EY N JH F AO R AH, DH AH,1
AH M IY T IH NG AE T T UW,AH,1
 DH AH R AH S L IH NG P R AA B L AH M W AA Z B AY, AY,1
AY N OW M IY N Z S AA L V D,AY,1
 M AY D AE D D IH D IH T AH N D HH IY L AY, AY,1
AY V D T UW AH G R EY T EY JH,AY,1
 S EY L Z M AH N SH IH P IH Z S T IH L N EH S AH S EH R IY B AH T IH T S AH D IH F ER, AY ER,1
ER AH N T B R AE,ER AE,1
N D AH,N S AH,1
AH V S,AH S,1
S EY L Z M,S M,1
N T AO R D ER Z,N,1
 IH F K AE R AH L K AH M Z T AH, W AH,1
AH M AA R OW HH AE V HH ER ER EY N,AH N,1
N JH F AO R AH M IY T IH NG AE T T UW,N,1
 Y ER AH TH EY N F OW M AE Z AE N IH N S AH L EY T ER IH Z AO L S OW K AH, DH AH,1
AH M IH NG IH N F AO R AH,AH AH,1
AH G UH D D,AH D,1
D IY L,D EH L,1
L AH V AH,L AH,1
 AH B AH V HH IH M S L IH D DH AH IH V EY Z IH V SH AE D OW AH V AH S T AO R M K L AW D, AY AY,1
 DH AH D R AH G IH Z AO L S OW IH N K AO R P ER EY T AH D IH N S AH P L AH M AH N T S, AY,1
 W AY B AY OY L W EH N Y UW AO L W EY Z Y UW S M AY N, HH IY,1
 P L AE N D P EH R AH N T HH UH D AO R G AH N AH Z EY SH AH N Z P R AH M OW T B ER TH K AH N T R OW L, AY,1
 CH IY F IH N T R AH S T, T,1
T IH N R EY D IY,T IY,1
IY OW S T,IY T,1
T EH R AH L AH Z EY SH AH N R IH Z AY D Z IH N DH AH M IH L AH T EH R IY S,T ER S,1
 DH EY HH AE D S L AE P T DH EH R TH AY Z,,1
 DH EH R F AO R S IH Z AA R M AO R L EY T AH N T DH AE N IH N IH L EH K T R IH S AH T IY, HH IY,1
 D IH S T R OY EH V ER IY F AY L R IH L EY T IH, IH,1
IH D T UW M AY AA D AH T,IH T,1
 W EH R W ER Y UW W AY, AY,1
AY L W IY W ER AH W EY,AY,1
IH N G R IY S IY W AA SH W AO T,IH T,2
T ER AO,T AO,2
AH IH L EH,AH EH,1
EH K T R AA N AA P T IH K AH,EH D AH,1
AH L S IH S T,AH T,1
T AH M M EY B IY IY DH ER,T ER,1
ER AH M AE G N EH T IH K AO R IH,ER IH,1
IY S W AH NG IH N TH R UW HH IH Z OW N W AY D G EY T W EY,IY,1
 N OW W AH N M AH T IH R IY AH L IH Z B EH S T F AO R AO L S IH CH UW EY SH AH N Z, AY,1
DH IH S B R OW SH UH R IH Z P,DH AH P,1
P AA R T IH K Y AH L ER,P ER,1
ER L IY IH N F AO R M AH T IH V F AO R AH P R AH S,ER S,1
V B AY,V F AY,1
 F ER DH, DH,1
DH ER R IY S ER CH W IY B IH L IY V W IH L D IH V EH L AH P IH M P AO R T AH N T K AH M ER SH AH,DH AH,1
AH L AE,AH AE,1
AE P L AH,AE V AH,1
AY S IH NG G AH L M IY AW T AA N DH IH S P ER M IH T D IY L,AY,1
 AW ER EH N AH M IY IH Z AO L S OW TH R EH T AH N IH NG T UW D IH V AW ER AH S, AY,1
 DH AH F IH SH B IH G AE N, N,1
N T UW L IY,N IY,1
IY P F R AE N T AH K AH L,IY L,1
L IY AA N DH AH S ER F AH S AH V DH AH S M AO L L EY K,L AY,1
 EY T F IY L D G AH N Z W ER K AE P CH ER D IH N P AH Z IH SH AH N, AY,1
 HH IY R AH B D HH, HH,1
HH IH Z AY Z S L IY P AH L IY,HH IY,1
IY W IH DH W AH N HH Y UW JH P AO,IY,1
 AH S EH K AH N D T W IH CH T HH IH Z SH ER T S L IY V AH N D HH IY F EH L T AH, DH AH,1
AH B R IY F B,AH B,1
N HH IH Z AH,N DH AH AH,1
DH OW Z S T AO R IY T EH L ER Z W IH L R IH M EY N HH UW K AE N IH,DH AH IH,1
L AH V DH,L DH,1
 SH IY R EY D IY EY T AH D W AO R M TH AH N D G UH D F EH L OW SH IH P, AY,1
 M EY B IY HH IY W IH L HH EH L P T UW T ER N AW ER F EH R S IH T IY IH N T UW AH, DH AH,1
AH G OW S T T AW N,AH,1
 L AE F D AE N S AH N D S IH NG IH F F AO R CH AH N, DH EH N,1
N S M AY L Z AH,N AH,1
 HH IY D K AA L ER D W AH N AH V HH IH Z JH EH N ER AH L Z IH N P AH B L IH K,,1
 S AA N IH K IH L EH K T R AA N IH K G AE L V AE N IH K AO L B L AE NG K, AY,1
 HH IY L Z P L EY S EH M F AH S AH S AA N DH AH L AO NG L EH G AH D S IH L AH W EH T, AY,1
