 SH IY HH, HH,3
 SH IY HH, IH F AY HH,1
 SH IY HH, Y UW HH,2
 SH IY HH, N UW HH,1
 SH IY HH, IH F Y UW HH,1
HH AE D Y AO R D,HH IH Z D,1
D AA R K S UW T IH N G R IY S IY W AA SH W AO,D AO,1
 D, IH T D,3
 D, Y UW D,2
 D, IH F DH AH D,1
 D, AY D,9
 D, IH N D,2
 D, W EH L D,1
 D, IH T S D,2
 D, AH N D D,2
 D, IH F Y UW D,3
 D, W IY D,1
D AA N,D AH Z N,1
D AA N,D AW N,1
D AA N,D OW AH Z N,1
N T AE S K M IY T,N AA T,1
N T AE S K M IY T,N T,2
T UW K,T K,4
 HH IH Z K AE P T AH N W AA Z TH IH N AH N D HH AE G ER D AH N D HH IH Z, DH IY Z,1
 DH, AY N OW DH,2
 DH, IH F DH,9
 DH, IH N DH,2
 DH, AA R DH,1
 DH, IH T W AA Z DH,1
 DH, AE T DH,1
 DH, IH Z DH,1
N Z F,N F,1
 P R AH D AH K SH AH N M EY F AO L F AA R B IH L, L,1
 D R, AY B R,1
R AA P F,R AO T F,1
Z IH N DH AH,Z AH,1
S B IH F AO R Y UW G OW AW,S W AW,1
AW T,AW,1
 HH ER W, DH AH W,2
 HH ER W, W,2
W AO R D R OW B,W EH B,1
B K AH N S,B S,2
S IH S T S AH V OW N L IY S K ER T,S AY T,1
T S AH N D B L AW S,T S,1
S AH Z,S,2
S AH Z,S IY Z,1
 EH, AY EH,1
L IY P IY,L IY,1
IY P AH L AA R AO F AH N IH K S K L UW D AH D,IY,1
R D AA R K,R B AE K,1
S UW T IH N G,S OW G,1
 AA HH AA HH IY TH AO, AY S AO,1
AO T AH,AO AH,1
L AH SH D AH V AO R S,L AE S T L EH T S S,1
 DH AH S T EH K N IH K AH L IH F IH SH AH N S IY IH Z AH CH IY, G R IY,1
AH V P Y UW T ER AA R B Y UW T AH F,AH M IH D F,1
F AH L,F IY L,1
F AH L,F AE TH L,1
L,L D ER,1
L,L IY,1
 DH AH M AO R N IH NG D UW AA N DH AH S P AY D ER W EH B G, G,1
T AA K IH NG Z R AH N DH,T OW G IY DH,1
 D AA N T D UW CH AA R L IY Z D ER T IY D IH SH AH Z,,1
 SH IY HH AE D Y AO R D, D,8
 SH IY HH AE D Y AO R D, IH N D,1
 SH IY HH AE D Y AO R D, AY D,1
S UW T,S IH T,2
S UW T,S T,1
T IH N G R,T IY R,1
T IH N G R,T R,7
T IH N G R,T AY R,1
T IH N G R,T AH R,2
T IH N G R,T UW R,1
R IY S,R AH S,8
R IY S,R IH S,1
R IY S,R EY S,4
IY W AA SH W AO T ER AO L Y,IY V D AH Y,1
 IH N W EY JH N AH G OW SH IY EY SH AH N Z DH AH IH N D AH S T R IY B AA R G AH N Z AE, AE,1
 HH IY V AA N DH OW Z R OW P S DH AH B OW T, IH T,1
T S K AH M AH N S,T S,1
AH K,AH NG K,1
 M AH T IH R IY AH L Z S ER AE M IH K M AA D AH L IH NG K L EY R, R,1
 DH AH, AH,3
 DH AH, IH T S AH,2
 DH AH, AE F T ER AH,1
 DH AH, IH T D B IY AH,1
 DH AH, AY JH AH,1
 DH AH, IH Z R IY AH,1
ER M AA,ER D Z AA,1
AH HH UH,AH K UH,1
 AH, IH N AH,2
 AH, W AH,1
 AH, IH T W AA Z AO L B IH F AO R AH,1
 AH, DH AH,1
 AH, W ER JH AH S T AH,1
UW W IH L B IH K AH M JH EH N,UW CH AE N,1
N ER AH,N AH,1
R D AA,R G AA,1
R D AA,R Y AA,1
R D AA,R AH G AA,1
R D AA,R IH G AA,1
R D AA,R W AA,1
R K S UW T IH N,R D AH N,1
N G R IY S IY W AA SH W AO T ER AO,N AO,3
 D AA N T AE S K M IY T UW K AE R IY AE N OY L IY R AE, Y AE,1
AE G L AY K DH,AE DH,1
DH AE T,DH AH,5
DH AE T,DH ER W EY,1
DH AE T,DH EH N,2
S AH Z AO,S L AY K AO,1
L T ER N EY T AH D W IH DH,L DH,1
DH S AH,DH AH,1
AH NG AO R S P OW K AH,AH AH,1
AH N V ER,AH DH ER,1
ER S AH Z,ER Z,1
 M AY F AA DH ER R AE N HH IH M AO F HH IY R S IH K S Y IH R Z AH G OW,,1
 DH AH K, K,5
 DH AH K, AE T K,2
 DH AH K, IH T S K,1
 K L IH, IH,4
IH F W,IH T W,3
Z S UW DH D B AY DH AH L AH G ZH ER IY AH S M AH S AA ZH,Z,1
EY ER N M AO R M AH N IY B AY W ER,EY ER,1
ER K IH NG HH AA R D,ER,1
 SH IY HH AE D Y, IH Z Y,1
 SH IY HH AE D Y, IH Z Y OW Y,1
 SH IY HH AE D Y, Y,2
 SH IY HH AE D Y, Y OW Y,1
D AA R K S UW T IH N G,D AO G,3
D AA R K S UW T IH N G,D AO G AH G,1
G R IY S IY W,G W,1
G R IY S IY W,G Z W,1
 D AA N T AE S, IH Z S,1
 D AA N T AE S, S,1
S K M,S AH M,1
S K M,S T M,1
S K M,S M,1
M IY T UW K AE R IY AE N,M W AH N G AA N,1
N OY L,N AH T EH L,1
N OY L,N AO R AH L,1
N OY L,N AO R D ER L,2
N OY L,N D AO L,3
N OY L,N L,3
N OY L,N OW N L,1
N OY L,N D OW N L,2
N OY L,N ER L,1
N OY L,N AO L,1
L IY R AE G L,L Y UW L,1
 HH IY HH AE Z N EH V ER HH IH M S EH L F D AH N EH N IY TH IH NG F AO R W IH CH T UW B IY HH EY T AH D W, W,1
 B IY IH K S AY, AY,1
T AH D AH N D D AA N T AY D EH N T AH F,T UW F,1
F AY Y,F AO R Y,1
Z HH IY K OW AH,Z W AH,1
AH D W IH DH M,AH V M,1
AY F AA,AY B AA,1
AA DH ER Z B IY,AA D IY,1
IY IH NG AE T HH OW M,IY,1
P L EH Z AH,P ER F AH,2
AH N T,AH K T,2
AH N T,AH M T,1
AH N T,AH,1
AH N T,AH S P EH SH L IY T,1
AH N T,AH T,3
D N IH R DH,D AE T DH,1
 AH B IH, AY TH IH,1
IH G G OW,IH NG K Y OW,1
OW T AY D L,OW L,1
L IY,L B IY,1
IY AE M B,IY EY B,1
L D TH R UW,L T UW,1
UW DH AH F,UW F,1
F AA R M Y AA R D,F AY N D HH AW ER D,1
 IY T IH NG S P IH N AH CH N AY T L IY IH N K R IY S AH Z S T R EH NG K TH M ER AE K Y AH L AH S L IY,,1
T AA N DH,T DH,1
T AA N DH,T W IH DH,1
DH AH T W EH L F TH D EY,DH EY,1
W EH L,W IH L,2
T IH N,T AH N,27
T IH N,T EH N,1
N G,N D G,26
N G,N D DH AH G,1
N G,N IY G,1
G L AY K DH AE T,G,8
 DH AH S, IH T S S,1
 DH AH S, S,4
 DH AH S, EH K S,1
 DH AH S, IH T S,2
Z DH AH HH,Z Y AO R HH,1
R D EH N D AH S P ER M AH,R T AH,1
 HH AW D IH D W AH N, EH N,1
OY N DH EH M,OY,1
 DH AH B, B,1
 DH AH B, M AY B,1
AH P R AA B L,AH ER L,1
L AH M Z,L IY ER,1
 SH IY W AO R W AO R M F L IY S IY W UH L AH N OW V ER AO L Z,,1
L D DH,L DH,4
T AA P W AA CH F R,T AO R,1
R AH M,R M,3
M DH AH B L IY CH,M W AA CH,1
CH ER Z,CH,1
 W AY CH AA R JH M AH N IY F AO R S AH CH G AA R B IH JH,,1
IY T UW K AE R IY AE N OY L IY R AE G L AY,IY W AY,1
AY K DH AE T,AY,1
AY K DH AE T,AY T,1
 HH IY HH AE D L EH, W EH,1
EH F T HH ER,EH ER,1
ER IH N V AY,ER Z DH AH B AY,1
AY AH,AY S IH K AH,1
L IH T TH IH,L R OW D Z L IH,1
NG F AH M IH L Y EH,NG CH EH,1
R AH T,R IH T,1
W UH D JH,W IH DH JH,1
 B R OY L, W EH L,1
R T OW S T AE Z,R G AH N AY Z,1
Z Y UW ZH AH W AH L,Z D,1
 DH AH EH M, AY AE M,1
M B L AH M D IH,M G OW IH,1
IH P IH,IH NG T UW F IH,1
IH P IH,IH NG IH,1
K T S,K S,4
DH AH AH,DH AH,2
AH K R,AH P R,1
AH K R,AH G R,1
AA P AH L,AA B L,1
AH S AO L AH G L OW,AH M,1
 M, HH IH Z M,1
 M, IH T M,1
 M, W EH L M,1
UW OW B EY,UW P EY,1
T AO R D ER,T W ER K ER,1
 IH F K, K,1
V HH ER ER,V ER,2
JH F,JH D F,2
NG AE T,NG IH T,2
 SH IY HH AE D Y AO R D AA R K S UW T IH N G R IY S IY W AA SH W AO T ER AO L Y IH R, DH AH,2
 SH IY HH AE D Y AO R D AA R K S UW T IH N G R IY S IY W AA SH W AO T ER AO L Y IH R,,3
 SH IY HH AE D Y AO R D AA R K S UW T IH N G R IY S IY W AA SH W AO T ER AO L Y IH R, DH EH R,1
 D AA N T AE S K M IY T UW K AE R IY AE N OY L IY R AE G L AY K DH AE T,,24
 D AA N T AE S K M IY T UW K AE R IY AE N OY L IY R AE G L AY K DH AE T, IH T,1
AA N AE Z S UW N,AA N,1
Z W IY K UH D,Z,1
IH F N,IH Z N T N,1
N G R,N R,1
N G R,N D R IY V Y UW D R,1
N G R,N K R,7
N G R,N T S AA R,1
N G R,N D DH AH K R,1
R IH L,R IY L,1
S IH R K,S ER K,1
IY S T,IY T,1
L AH,L D DH AH,1
L AH,L AW DH IH S,1
L AH,L DH AH,1
AY M F,AY P ER F,1
F R AH M AH B EH G,F IH G,1
G ER,G Y ER,1
G ER,G AO N,1
 B IH F AO R TH ER Z D EY Z IH G Z AE M R IY V Y UW EH V ER IY F AO R M Y AH, AH,1
 DH EY EH, EH,5
OY IH T W,OY W,1
 JH EH F TH AO T Y UW AA R G Y UW D IH N F EY V ER AH V AH S EH N T R AH F Y UW JH P ER CH AH, AH,1
 JH AA, K AA,1
AA N K,AA NG K,1
L IY N Z SH,L IH NG SH,1
F IH,F B IH,1
IH SH F,IH F,1
R AH L,R L,1
L IH V IH NG,L EH N OW,1
L IH V IH NG,L AH T,1
L IH V IH NG,L ER,1
AE D Y AO R D,AE Z AH D,3
AE D Y AO R D,AE JH IH K D,1
K S UW T IH N G,K G,4
K S UW T IH N G,K DH AH G,1
AA SH W AO T ER AO L Y IH R,AA CH AA N,1
AA SH W AO T ER AO L Y IH R,AA Z,1
AA SH W AO T ER AO L Y IH R,AA CH,1
AA SH W AO T ER AO L Y IH R,AA R,1
 D AA N T AE S K M IY T UW K AE R IY AE N OY L IY R AE G L AY K DH, DH,3
 Y UW T UH K M IY B, B,1
 DH AH HH, HH,1
Z D T,Z T,1
DH EH R W,DH AH W,1
K W IH DH L AY N Z T,K T,1
S IH Z N AA T IH N IH,S IH,1
 D IH S T R OY EH V ER IY F AY L R IH L EY T IH D T UW M AY AA D AH T S,,1
 AE L AH S AH Z AH B IH L AH T IY T UW W ER K W IH TH AW T S UW P ER V IH ZH AH N IH Z N OW T W ER DH IY,,1
 B AA B P EY P ER D, IH T D,1
D OW V ER L IH V IH NG R UW M M Y UH R AH,D AH,1
AH L Z,AH Z,1
 W EH R W ER Y UW W AY L W IY W ER AH W, N OW W,1
 M IH D IY V AH L S, S,2
IY W AA Z B,IY B,3
IY W AA Z B,IY DH AE T S B,1
AY R AA R K IY Z,AY L AH N D,1
AY R AA R K IY Z,AY W EY,1
Y AO R,Y AH R,2
D AA R K S UW T IH N,D AH N,1
 AE T DH AH B EY S AH V DH AH R AA K IY HH IH L S AY D DH EY L EH F T DH EH R HH, HH,1
 Y UW Y, Y,1
T T,T IH NG T,1
UW B IY M,UW S EY M,1
F L UW,F UW,1
UW S,UW D S,1
R IY T IY,R IY,1
 DH AH M, M,1
N DH AH S,N S,2
B G L,B L,1
B G L,B IH N L,1
L IH S AH N D IH,L IH,1
IH N DH AH S,IH S,2
Z R AH,Z AH,1
N DH,N D DH,2
N DH,N W AA Z DH,1
M TH EY,M DH EY,3
EY R,EY AA R,2
R W AO R N,R AA N,1
T D UW CH AA R L,T AO L,2
L IY Z,L W EY Z,2
L IY Z,L Y UW Z,1
Z D ER T IY,Z HH IY,1
IY D IH SH AH Z,IY R,1
 K AE L, IH T AO L,1
S IY AH M M,S OW M,1
K S B OW N Z AH N D T IY TH S,K S,1
S T R AO NG,S,1
 SH IY HH AE D Y AO R D AA R K S UW T IH, IH,4
IH N G R IY S IY W AA SH W,IH F W,1
IH N G R IY S IY W AA SH W,IH NG W,1
ER AO L Y IH R,ER OW V ER HH IY R,3
ER AO L Y IH R,ER OW V ER,1
ER AO L Y IH R,ER,6
ER AO L Y IH R,ER AA N HH IY R,1
ER AO L Y IH R,ER AW N D HH IY R,1
ER AO L Y IH R,ER D AW N HH IY R,1
ER AO L Y IH R,ER AA N,1
 D AA N T AE, DH AH L AE,1
 D AA N T AE, AE,1
T UW K AE R,T IH NG V EH R,1
T UW K AE R,T DH AH T AA R,1
T UW K AE R,T R,1
IY AE N,IY AH N,8
IY AE N,IY ER AW N,1
IY AE N,IY AA N,5
IY AE N,IY Y UW OW N,1
IY AE N,IY IH NG OW N,1
IY AE N,IY IH NG AA N,1
OY L IY R AE G L,OY IH NG L,1
T ER R,T AH L R,1
 B UH K S, G AA T S,1
S AA R F AO R SH N,S AH M W AH N,1
N UH K S,N,1
 T UW M, W IH CH M,1
 T UW M, M,1
IY AE T DH AH SH AO R,IY,1
 P L IY Z, IH G Z,1
Z T EY K DH IH,Z IH,1
S D ER T,S T,1
T IY T EY B AH,T IH NG D OW AH,1
AH L K L AO TH T,AH Z N T,1
T UW,T D UW,1
UW DH AH K L IY,UW EH N IY,1
IY N ER Z F,IY TH IH NG F,1
UW D AW ER AO,UW AO R AO,1
UW D AW ER AO,UW AA R AO,1
 SH IY HH AE D Y AO R D AA R K S UW T IH N G R IY S IY W AA SH W AO T ER AO, AO,5
 SH IY HH AE D Y AO R D AA R K S UW T IH N G R IY S IY W AA SH W AO T ER AO, DH AH AO,1
Z HH AE D SH,Z SH,1
 AH N D P, P,1
T HH IH M S,T S,1
S EH L F HH AW,S OW,1
 DH EY W, W,1
W IH L T EY K AH,W AH,1
AH W EH D IH NG T R IH P L EY T,AH T,1
T ER,T,1
T ER,T S ER,1
 DH AH EH, L EH,1
EH M B L AH M D IH P IH K T,EH T,1
S DH AH AH K R AA P AH L AH S,S S,1
S AO L AH G L OW,S IY,1
 M IH L AH T EH R IY P ER S AH N EH L AA R IH K S P EH K T AH, DH AH,1
AH D T UW OW B EY G,AH G,2
 OW, DH AH OW,1
 OW, AY N OW,1
 OW, IH F OW,1
L AH V M,L EH F T M,1
OW HH AE V,OW EH V,1
V HH ER,V ER,1
ER ER EY N,ER AH R AE N,1
N JH F AO R AH M,N CH ER M,1
NG AE T T,NG AH V T,1
NG AE T T,NG T,1
W ER B,W AA Z B,1
 SH, W EH L SH,10
 SH, IH F SH,16
 SH, DH AH SH,1
 SH, AY M IY N SH,1
 SH, W IH L SH,1
 SH, W AH N S SH,1
 SH, Y AE SH,1
 SH, EH N SH,1
R D AA R K S UW T IH N G R IY S IY W AA SH W AO T ER,R TH ER,1
ER AO L Y,ER D Y,1
ER AO L Y,ER AA N Y,1
 HH IY HH AE D P L AH N JH D IH N T UW DH AH D AA R K W UH D Z B IH AA N D,,1
UW B IH L,UW L,1
V IH N,V AH N,1
N F,N D F,1
L IH V EH N T S AO R W,L IY W,1
 L EH T S B IY F, F,1
F AY N S UW P IH R IY ER P IY P AH L,F UH L,1
EY T D,EY S D,1
 HH IY S T OW L AH D AY M F R AH M AH B EH G ER, Y UW,1
 B IH F AO R TH ER Z D EY Z IH G Z AE M R IY V Y UW EH V ER IY F AO R M Y AH L AH,,1
OY IH T W EH N AY AA D IH SH AH N,OY,2
 JH AA N K L IY N D SH EH L F IH, IH,1
IH SH F AO R AH L IH V IH NG,IH T S,1
 N AW DH, DH,1
DH AE T DH,DH EH N DH,1
DH AW ER M IY N IH NG M EY B IY SH,DH SH,1
 AW ER B OY D, AY D,1
T N OW S ER,T,1
 V EY S, HH IY S,1
M EY K S,M IY DH AH S,1
 AH L AW L IY W EY HH IY R B AH T R AE, N AE,1
AY Z AO L EH R ER Z,AY Z,1
 DH AH N IH R AH S T S IH N AH G AO G M EY N AA T B IY W IH DH IH N W AO K IH NG D, D,1
R EH G B AY,R EY P V AY,1
AY Z F R EH,AY N AH S P EH,1
SH M IH L,SH L,1
L K IY,L IY AA N IY,1
 K, IH N K,3
 K, AY K,2
 K, B IY K,1
T DH AH P UW R,T,1
IH N G R IY S IY W AA SH W AO T,IH T,3
T ER AO L Y IH R,T,4
T ER AO L Y IH R,T D AH Z,1
T ER AO L Y IH R,T AH N,1
T ER AO L Y IH R,T AH M AA R,1
 D AA N T AE S K M IY T UW K AE R, IH R,1
R IY AE N OY L IY R AE G L AY K,R AA K,1
K DH AE T,K,6
 IY CH IH Z S, DH AH S,1
S T IH L G L AO R AH F AY D AE Z AH N AE,S M AE,1
SH AH N AH L HH IH R OW,SH,1
S T K,S K,1
AH B L,AH L,1
S F AH M,S T M,1
M AH S,M IH S,1
D M AA R K,D,1
 AA, Y AO R AA,1
 AA, IH F AA,1
 AA, IH T W AA,1
S IH Z F AO R R IY L,S,3
OY P UH T DH AH W ER M AA N DH AH HH UH K,OY,3
 AH CH OW Z AH N F Y UW W IH L B IH K AH M JH EH N ER AH L Z,,2
SH B IH G AE N T UW L IY P F,SH F,1
 B AE L EY Z W ER Y UW Z D IH N AA P R AH F R AH M IH T S B IH G IH N IH NG,,1
 HH IY IH Z AH M AE N AH V M EY JH ER T AE L AH N T B AH T AH M AE N AH V S AA L AH T, T,1
ER AH V AE G AH B AA N,ER N,1
N D L AA,N AA,1
T AH N D K,T K,1
UW B AY,UW F AY,1
AY EH N,AY N,1
AY EH N,AY IH T AA N,1
N IY K,N D AH K,1
K AO,K W AO,1
R D ER,R T ER,2
ER OY OW,ER L IY OW,1
 S, IH N S,1
 S, W IY S,1
 S, W EH L S,1
 S, IH T S AH S,1
 S, AH S,2
 S, HH IH Z S,1
 S, W IH DH S,1
 S, AO L S,1
 S, W IH L S,1
 S, IH F S,1
 S, AY JH AH S,1
 S, IH T S,1
 S, AY S,1
S T,S IH T,1
S T,S T UW T,1
S T,S,1
S T,S T T,1
IY V W,IY Z W,1
W AO R,W EH R,1
R AH B,R B,1
 DH AH G AH N, IH N,1
N M AH,N DH AH,1
AH N K EH P T,AH D IH S T,1
T HH IH Z V IH,T R IH,1
T AH,T IH N DH AH,1
T AH,T S AH,1
T AH,T DH AH,1
AH M K,AH K,1
K AO R N ER D AE T G AH,K AH,1
AH N P OY N,AH N,1
T F,T R IY F,1
T F,T R AY P IH NG F,1
 SH IY IH Z TH IH N ER DH AE N AY AE M,,1
IH F DH AH F AA R M IH Z,IH T HH AE Z,1
Z R EH N T,Z T,1
T AH D DH AH R EH N T M AH S T B,T UW B,1
 HH AW G UH D IH Z Y AO R EH N D ER AH, DH AH,1
AH N S,AH,1
AH N S,AH S,2
AH N S,AH M Z,1
W UH D B,W IH L B,1
 B AA R B B ER N, IH Z W AH N,1
N D P EY P ER AH,N HH AH,1
D L IY V Z IH N AH,D R AH,1
AH B IH G B AA N F AY ER,AH D,1
AH B IH G B AA N F AY ER,AH Y UW,1
 SH IY HH AE D Y AO R D AA R K S UW T IH N G R IY S IY W, AY W,1
 SH IY HH AE D Y AO R D AA R K S UW T IH N G R IY S IY W, W,3
 SH IY HH AE D Y AO R D AA R K S UW T IH N G R IY S IY W, DH AH W,1
F AO R,F R,2
R DH,R AH M DH,1
R DH,R D DH,2
S AH S,S IH Z,1
S AH S,S AY S,1
 P R AA G R EH S IH Z B IY IH NG M EY D T UW IH N IH, IH,1
S IY ER Z B,S B,1
 DH AH OW EY S IH S W AA Z AH M ER AA ZH,,1
 AO L, W EH L,1
ER R,ER DH EH R,1
R IH T AH N,R,1
 IH T W, AY W,1
AY D W IH,AY IH,1
IH DH AH K,IH NG K,1
 HH IY S, IH T S S,1
 HH IY S, S,1
 HH IY S, IH T S,1
 HH IY S, Y UW S,1
 HH IY S, AY S,1
T OW L,T IH L,3
D AY M F R AH M AH B EH G ER,D AE D,1
 DH EY EH N JH OY IH T W EH N, AH N,1
N AY AA D,N D,1
D IH SH AH N,D,1
 JH EH, DH AH SH EH,1
F TH AO T,F S AE T,1
F TH AO T,F S T AA R T,1
Y UW AA R,Y AO R,1
Y UW AA R,Y OW Y AH R,1
R G Y UW D IH N F,R F,2
ER AH V AH S,ER IH T S,1
L IY N Z SH EH L F IH SH F AO,L EY M D CH AO,1
AO R AH L,AO K L,1
D Y AO R D,D D,2
D Y AO R D,D IH D,1
D Y AO R D,D AH D,1
IH N G R IY,IH NG M IY,1
ER AO,ER L AO,2
ER AO,ER IH NG AO,1
ER AO,ER AH N D AO,1
AO L Y,AO Y,2
Y IH R,Y ER,2
Y IH R,Y AO R,1
Z AH N D F AE,Z AE,1
Z K L,Z L,1
AE SH T,AE S T,1
T IH,T Y IH,1
IH N DH AH OW P AH N S T R,IH R,1
R IY T AH N D D,R D,1
D IH N M,D AE T M,1
D IH N M,D DH AH M,1
 HH AW G UH D IH Z Y, Y,1
Y AO R EH N D ER AH N S,Y AE,1
S DH EH R W UH D B IY N OW N IY D F AO R W EH L F EH R,S,2
R B B,R B,4
ER N,ER AH AH N,2
K S UW T IH N G R IY S IY W,K W,6
N OY L IY R AE G L,N D L,1
N OY L IY R AE G L,N L,1
AH V P,AH P,4
AH V P,AH M P,1
 B AH T HH AW L IH T AH L L AH V W IY G IH V HH IH M, Y AE,1
 D IH D Y UW B AY EH N IY K AO R D ER OY OW V ER AO L Z, W AH T,1
 S T IY V W AO, AO,1
AO R AH B R AY T R EH D K AE ZH M IH R,AO R,1
AH N M,AH V ER M,2
N K,N T K,2
IH G W,IH F Y UW W,1
N AH Z AH,N T T UW S EH T AH,1
AH N D AE,AH L AE,1
EY T ER Z,EY SH AH N Z,1
Z AA R T,Z AH V T,2
T IH N G,T G,7
T IH N G,T AH G,1
T IH N G,T IY G,1
 B, AE M B,1
 B, W EH N B,1
 B, IH N B,1
B AH T SH,B IH SH,1
SH IY S,SH AH S,1
S AH F,S EH F,1
ER D IH N HH ER AO,ER T AO R AO,1
 P R AE K T AH K L IY AO L F AO R K AE S T S M EH N SH AH N N UW AH N D IH K S, S,1
 DH AH M IH S K W OW T W AA Z R IY T R AE K T AH D W IH DH AE N AH P AA L AH JH IY,,1
D DH,D IH Z N T DH,1
D DH,D W IH DH,1
IH DH,IH DH DH,1
DH K R,DH AH F R,1
EY AA N Z,EY Z,1
P EH K,P AE K,3
 SH EY V IH NG K R IY M IH Z AH P AA P Y AH L ER AY T AH M AA N HH, HH,1
S IH N DH AH R,S R,1
SH W,SH AH N D W,1
SH W,SH AH V W,1
SH W,SH IH NG W,1
 D AA, N AA,1
 D AA, AA,1
 D AA, IH R AA,1
AA N T,AA T,2
T AE S K M IY T UW K AE R IY AE N OY L IY R,T SH UH R,1
R AE G L AY K DH AE T,R,1
S T D,S D,1
 HH IY T, IH T T,1
S K F R AH,S M OW M AH,1
AH M HH IH Z F,AH N T S F,1
R HH EH D AH N,R AE N,1
N D TH R UW IH T AH,N AH,1
Z JH AA,Z CH AA,1
L IH,L IY IH,1
IH D Z,IH Z,1
 DH AH V Y UW P OY N T OW V ER L UH K T DH, DH,1
DH AH OW SH AH,DH AH,1
AH N,AH,1
AH N,AH N D N,1
AH N,AH S,1
AH N,AH G EH N,1
AH N,AH L,1
P B IH F AO R F R AO S T,P,1
T G R,T S AY D F R,1
R UW HH ER AH,R AH M AH,1
NG IH N P EH T IY K OW T S,NG,1
IY W,IY T W,1
IY W,IY V D W,2
IY W,IY M W,1
IY W,IY V W,4
 P AE, AE,1
 P AE, AY K AE,1
 P AE, D AE,1
AE S IH NG D AA G Z,AE Z,1
Z W ER G R IY T AH D W IH DH,Z DH,1
AH K AO R JH AH L B AA R K,AH HH AW,1
 HH IY W, IH T W,3
 HH IY W, W,1
Z N T L,Z L,1
AY K L IY T UW K,AY K,1
K AH M D AW N W IH DH,K DH,1
DH HH AA T CH IH L Z AH,DH AH,1
AH N D P,AH P,1
P T,P S T,1
 S T AE K T HH IY L Z AA R AO L S OW P AA P Y AH, DH AH,1
AH L ER AA N D,AH D,1
 DH AH EH M B, AY HH AE V B,1
B L AH M D,B IH N D,1
D IH,D UW IH,1
D IH,D W IH,1
IH K T,IH T,1
T S DH AH AH K R AA P AH L AH S AO,T AO,1
AH G L,AH L,2
OW,OW N,2
 M IH L AH, AY DH AH,1
AH T EH R IY P,AH TH ER D P,1
N EH L AA R IH K S P EH K T AH,N DH AH,1
 OW N L IY L, HH IH Z L,1
ER Z L AH V M IH L Y AH N EH R Z,ER Z,2
 IH F K AE R AH L K AH M Z T AH M AA, W IY AA,1
AA R OW HH AE V HH ER ER EY N JH F AO R,AA R,1
 HH IH Z SH OW L D ER F EH L T AE Z IH F IH T W ER B R OW K AH N,,1
 SH IY, HH IY,2
 SH IY, S IY,1
 SH IY, AE K CH UW AH L IY,1
 SH IY, B IH K AO Z HH IY,1
 SH IY, AY S IY,1
 SH IY, AE Z HH IY,1
IY HH AE D,IY D,1
D AA R K S UW T,D N T,1
S IY W AA SH W,S AO R S W,1
S IY W AA SH W,S W,1
S IY W AA SH W,S OW M AH CH W,1
AA D AH,AA N T AH,1
 D UW Y, AY Y,1
P AH HH,P AA N HH,1
HH EH M,HH IH M,1
NG Y AO R AA R M AE,NG ER AE,1
AY B AY,AY D UW AY,1
AY OY L W EH N Y UW AO,AY AO,1
Z Y UW,Z L UW,1
UW S M AY N,UW Z,1
UW S M AY N,UW Z D,1
L IH Z AH S UH P ER,L HH ER,1
ER B S,ER T S,1
S L IY P IH NG P IH L,S,2
S L IY P IH NG P IH L,S T EY T M AH N T,1
K S,K N AH S,1
S UW T IH N,S AH N,4
S UW T IH N,S IY EH N,1
S IY,S AH N T L IY,3
S IY,S IH NG,1
S IY,S HH IY,2
AA SH W,AA CH T W,3
AA SH W,AA CH W,2
AA SH W,AA CH IH NG W,1
AA SH W,AA Z W,1
AA SH W,AA CH DH AH W,1
 D AA N, IH N,1
 D AA N, N OW W AH N,1
 D AA N, IH F W AH N,1
 D AA N, AE N,1
N T AE,N AE,3
AE S K M IY T UW K AE R,AE N EH R,1
IY AE N OY L IY R AE G L,IY AH L,1
IY AE N OY L IY R AE G L,IY AH DH AH L,1
IY AE N OY L IY R AE G L,IY IH T L,1
 F IH S T S P AH M AH L D HH IH M AE Z HH, HH,1
Z B IH,Z V IH,1
Z IY F,Z AH T DH AH F,1
T AE T S,T EY JH S,1
N AW ER HH,N DH AH HH,1
 AE L, EY L,2
L AH S AH Z,L Z IY Z,2
 M IH, IH,5
IH D IY V AH L S AH S AY AH T IY W AA Z B EY S T AA N HH AY R AA R K IY Z,IH Z,1
 SH IY HH AE D Y AO R D AA R K S UW T IH N G R IY S IY W AA SH W, W,3
 SH IY HH AE D Y AO R D AA R K S UW T IH N G R IY S IY W AA SH W, DH AH W,1
Z IH,Z DH IH,1
Z IH,Z IH NG IH,1
IH T S,IH S,1
S T R,S D R,1
S T R,S P R,1
R AY K Y,R AH G Y,1
S IH N,S AH N,1
S IH N,S AA N,1
N L,N D L,1
 P, IH T P,1
 P, W EH L P,3
 P, P IY P,1
 P, DH AH P,1
 P, AY P,1
 P, AE Z AO L W EY Z P,1
CH DH AH,CH T AE N AH,1
AH AE P AH,AH M AH,1
Z IH N DH IH S S ER AH P F,Z F,1
 HH UW AO TH ER AY Z D DH AH AH N L IH M AH, W AH,1
T AH D IH K S,T S,1
S P EH N S AH,S DH AH R AH,1
AH K AW N T,AH SH,1
 T, IH T,1
 T, W EH N T,1
T UW F,T F,1
ER HH IH,ER IH,1
IY D Z,IY CH AH Z,1
 L AO R IH S, V OY S,1
K AA S,K AE S,1
T UW M N IY D AH D B,T B,1
Z T UW B IY K AH M P L IY T L IY EH,Z EH,2
AY Y EH,AY L DH EH,1
EH L AO R,EH R AA R,1
R W ER,R S ER,1
ER IY OW V ER S IH L,ER T AH N L,1
IY AY T AH M Z,IY,2
 G, AY G,5
 G, HH IH Z G,1
D AA R K,D ER K,1
D AA R K,D AO G L AY K,1
 HH IY M, IH T M,1
 HH IY M, Y UW M,1
 HH IY S W AH NG ER AW N D AY Z T AH W AO R D DH AH B EH D R UW M S, S,1
IY N F,IY F,1
V D AE Z G L IY K L AH B AH N D K W AY ER L IY D ER AH N D,V D,1
 D IH, IH,2
IH D Y UW B AY EH N IY K AO R D ER OY OW V ER AO L Z,IH T S,1
S T IY V W AO,S K IH L F AO,1
AH G AH N M AH N K EH P T HH IH Z V IH K T AH M K AO R N ER D AE T G AH N P OY N T F AO R TH R IY,AH W IY,1
IY IH Z,IY HH AE Z,1
Z TH IH,Z L IH,1
Z TH IH,Z AH T IH,1
IH N ER,IH T ER,1
ER DH AE N,ER AH L IY B IH N,1
N AY AE M,N AA N N AW,1
Z AH N D AE,Z AE,2
 SH IY HH AE D Y AO R, R,2
 SH IY HH AE D Y AO R, IH N R,1
 SH IY HH AE D Y AO R, DH AH R,2
 SH IY HH AE D Y AO R, IH T W AA Z AH V EH R,1
R D AA R K S UW T IH N G R IY S IY W AA SH W AO T ER AO L,R OW L,1
L Y IH R,L,4
L Y IH R,L AY K,1
L Y IH R,L IY ER,1
L Y IH R,L W EY Z HH IY R,1
V IH R,V R,1
S W IH DH P,S P,1
AE V B,AE Z B,1
 AH S, AY W AA Z S,1
 AH S, IH T S S,1
P IY V,P IH NG V,1
OY S AE N S,OY S,1
S ER D,S,1
 Y, IH F Y,3
 Y, W EH L Y,1
K EY N T Y UW,K,1
S IH Z R,S R,2
UW HH,UW DH AH HH,1
Z F R AH M K,Z K,1
P ER Z,P T,1
 W, AY W,1
W IH L R,W UH D R,1
R AA B AH N W,R AE DH ER W,1
OW L IH L IY,OW,1
S AA R AW,S AW,1
N DH IH S Y IH R,N,2
 DH AH T, T,2
AA T T,AA T,2
T UW K AH M W EH N R,T R,1
ER Z T UW TH F EH L AW T,ER,1
M M,M Z M,1
K S S,K S,1
S OW N,S M EY N,1
IY AE F T,IY AY W OW L D N T,1
T ER M AH CH S T,T W AA N T T,1
T AH D IY,T UW,1
W AO R AA,W ER AA,1
TH B IH G,TH AH G,1
G AE N,G EH N,1
P AH P AH N,P IH NG ER AW N,1
N D D,N D,1
D AW N HH,D HH,1
 S P EH SH AH L T AE S K F AO R S IH Z R EH S K Y UW HH AA S T AH JH AH Z F R AH M K, K,1
 W IH L R, R,1
N W EH R AH Y EH L OW L IH L IY,N,2
L IY AE F T ER M AH CH S T AH D IY,L IY,1
R AE G,R IH G,2
UW IH N V,UW M OW T AH V,1
EY D AH,EY T AH,1
 SH R AH G Z M, IH T M,1
EH T,EH N T,1
T F R AH M R UW M K L ER K S F R AH,T DH AH,1
AH M B EH L HH,AH HH,1
 IH N F, F,1
T AW ER HH OW L D IH F EH N S IH V Y UW N AH T D IH D AH,T DH AH,1
AH G UH D JH AA B,AH,1
 SH IY S, AY S,1
 SH IY S, S,1
L IH P,L EH P,1
T AH N D S,T AE T S,1
T AH N D S,T S S,1
N DH AH,N AH,3
 AH L, AO L,2
 AH L, L,1
 AH L, IH L,1
L UW M AH N AH M S,L DH OW S,1
N B IY F,N F,1
 Y AH, DH AH,2
AH NG CH IH L,AH P L,1
L D R AH N SH UH D AH V OY D IH K S P OW ZH ER T UW K AH N T EY JH AH S D IH Z IY,L IY,1
Z AH Z,Z IH Z,1
W EH DH ER P R UW F G AH,W AH,1
AH L AA SH AH Z AA,AH T AA,1
R V EH R IY Y UW S F AH L IH N S IY AE T AH,R DH AH,1
AH L,AH,1
AH L,AH L W IH L,1
 P AE M G, IH T G,2
Z D R AY V IH NG L,Z DH AH L,1
S AH N Z AA,S P AA,1
AA N TH ER,AA P Y AH L ER,1
AA N TH ER,AA K T ER,1
ER Z D EY Z,ER S IH T IY Z,1
ER Z D EY Z,ER S T IY,1
ER Z D EY Z,ER Z,1
ER AO L,ER B OW L,1
ER AO L,ER L,2
AH D AH,AH N UW AH,1
AH L G,AH G,1
IY M L,IY L,1
 HH AW L, AH L,1
W UH D IH,W IH,1
W UH D IH,W ER IH,1
IH T B IY AA,IH DH DH AH AA,1
AY D,AY,1
 DH IH S IH Z F AA L OW D B AY AH B UW M IH N K AA N F ER AH N S AH Z,,1
N CH IH,N IH,1
IH L D R AH N,IH N,1
N D EH K ER EY T,N T,1
T DH,T UW DH,2
T DH,T ER DH,1
DH EH R K,DH AH K,1
R L,R F L,1
L AY,L AO,1
 W IH, IH,3
IH DH D R AO AO L F OW N IY AE K Y AH Z EY SH AH N Z,IH Z,1
Z AE T W AH N S,Z,1
 K AO, IH T S M AO,1
R IY AH N,R IH N,1
N D T,N T,4
N D T,N T T,1
R IH,R AH S T IH,1
IH SH P L,IH NG T UW L,1
L EY D T,L EH T T,1
G W IH DH B IY CH B AO L Z F AO R AW,G ER AW,1
AW ER Z,AW N D,1
AW ER Z,AW S,1
IY HH,IY Y UW HH,1
D AA R,D AO R,1
N G R IY S IY W,N D W,1
N G R IY S IY W,N T W,1
IY AE N OY,IY OY,3
ER EY T,ER,1
 HH EH L P G R EH G T, AY D AA N T W AA N T T,1
IH K AH P EH K,IH K,1
P AH T EY T OW Z,P,1
N HH AE L AH,N DH AH,1
AH W IY N,AH,1
N DH AH R,N R,1
OW AH V N UW P R AA D AH K T D IH V EH L AH P M AH N T,OW,1
JH B OW L,JH,1
S AE T,S EH T,3
DH AH,DH AH AH,1
P AA N,P OW N,1
N D AH,N AH,2
N D S,N T S,1
N D S,N S,2
CH T DH AH S,CH S,1
 B EH G DH AE T, IH T EY N T,1
G AA R D,G UH D,1
N AH V G AE S,N,3
 IH D R AE DH ER N AA T B AY DH IY Z SH UW Z DH AE N B IY OW V ER CH AA R JH D,,1
 HH ER R, AO R R,1
 HH ER R, R,2
T HH AE N D EY,T EY,1
T HH AE N D EY,T T EY,1
W EH N EH V ER DH,W IH DH DH,1
 SH IY HH AE D Y AO R D AA R K S UW T, IH T,6
 SH IY HH AE D Y AO R D AA R K S UW T, M AH N T,1
T IH N G R IY S IY W,T W,7
AA SH W AO T,AA Z N T,1
AA SH W AO T,AA T,1
N W AA Z,N IH Z,1
V AH,V W AH,1
V AH,V DH AH,1
AH HH,AH N HH,1
D P IY P AH L,D,1
 S AY K AH L AA JH IH K L IY DH AH R IH S EH P SH AH N SH UH D B IY DH, DH,1
 P UH T, AY T,1
P F,P T F,1
P F,P DH AH F,1
T S AH,T AH,4
 EH L D ER L IY P IY P AH L AA R, R,1
R AO F AH N IH,R IH,1
IH K S K L,IH L,1
L UW D AH D,L IY S EY F,1
S IY W,S AH N T W,3
S IY W,S IH NG W,4
S IY W,S AH N D W,1
S IY W,S W,2
S IY W,S DH AH W,2
 B AH T IH, IH,1
M D AA D AH T ER Z,M,1
 L, AH L,1
 L, W EH L L,1
 L, AY L,1
 L, EH M P L,1
AH F Y UW Y,AH N D Y,1
ER DH AH D OW M F EH L IH N,ER,1
Z F AO R,Z R,1
R AO L HH AA,R AA,1
AA L AH D EY,AA JH EY,1
EY Z,EY S,1
 HH IY, W IY,1
 HH IY, AH N D AY M IY,1
AH R,AH R EH R,1
AY,AY N,2
 W IH DH D R AO AO, AE F T ER AO,1
L F OW N IY AE K Y AH Z EY SH AH N Z AE T W AH N S,L,1
DH B IY CH B,DH M EY JH ER B,1
AA R K S UW T IH N G,AA G,2
AA R K S UW T IH N G,AA G Z G,1
W AA SH W,W AO K IH NG W,1
 AO R D, IH T D,1
D AH,D OW AH,1
D AH,D AH K AH,1
D AH,D DH AH,1
Z HH IY G,Z N T G,1
 DH IH S B R IH NG Z AH S T UW DH AH K W EH S CH AH N AH V AH, AH,1
N AH V AA,N AA,1
N DH AH HH UH K,N,2
AH CH,AH N CH,1
M JH,M AH JH,1
L Z,L,5
T IH N G R IY,T EH V ER IY,1
T IH N G R IY,T IY,1
IY T UW K AE R,IY W AY DH EY R,1
R IY AE N OY L IY R AE G L,R AY T L,1
S Y UW Z D W,S W,1
W ER V,W IH DH V,1
 W AH T AH B AW T AH T, AY D UW T,1
T IY R UW,T UW,1
UW M DH EH N,UW,1
V R AH,V AH,1
AH L F,AH N F,1
NG EH N Z AY M P R EH,NG S EH,1
B EH G ER,B EY K ER,1
 B IH F AO R TH ER Z D EY Z IH G Z AE M R IY V Y, Y,1
EH V ER IY,EH M IY,1
IY F AO R M Y AH L AH,IY,1
 JH EH F TH AO T, IH T,1
T Y UW AA R,T S B L AE K F R,1
R G Y UW D,R AY D,1
D IH N F EY,D IY S EY,1
EY V ER AH V,EY L S EY V,1
V AH S,V AA N S,1
V AH S,V DH IH S,1
S EH N,S IY Z AH N,1
N T R AH,N AH,1
AH F Y UW,AH L JH UW,1
UW JH P ER CH AH S,UW S,1
N K L,N P L,1
L IY N,L EY N,1
Z SH,Z AH N D SH,1
Z SH,Z DH AH SH,1
 HH IY P AO Z D DH, DH,1
DH EH N AE D AH D EH V R IY TH IH NG AA N AH,DH AH,1
 DH IY Z IH N K L UW D L IY V Z AH V AE B S AH N S IH Z IH, IH,1
 AE G R AH K AH L CH ER AH L P R AA D AH K T S AA R AH N IY V AH N L IY D IH S T R IH B Y AH T AH D,,2
G B AY,G P AY,1
SH M IH,SH IH,1
IH L K IY CH W IY K D EY M AO R N,IH N,1
N IH NG,N,2
P UW R,P OY N T,1
S K M IY T UW K AE R IY AE N OY L IY R AE G L AY K,S K,2
 AH K, K,1
K R AH,K L AH,1
AH N CH,AH CH,1
CH T B AY IH T S D IH M L AY,CH F AY,1
S F IH L T ER IH NG TH R UW DH AH G L UW M,S,1
EY K AH S K,EY K,1
K AH N F AO R M AH,K AH,1
AH S T S,AH S,1
DH AW ER B UW T S AA N,DH,1
 HH UW AO, AY SH AE L AO,1
Z D DH,Z DH,2
AH N L IH M,AH M,1
M AH T AH D IH K,M EH K,1
K S P EH N S,K S,1
K AW N T,K OW,1
 L AO R IH S K AA S T UW M N IY D AH D B L AE K G L AH V Z T UW B IY K, K,1
IY EH L AH G AH N T,IY,1
IY EH L AH G AH N T,IY DH AE T,1
AA R K S UW,AA G Z T UW,3
AA R K S UW,AA G Z F UW,1
UW T IH N G,UW G,2
 W IY K AE N HH AW EH V ER M, M,1
Z IH T S IH K S P EH K T AH D V AE L Y UW,Z,1
 AH M, AY M,2
 AH M, M,1
S K Y AH L ER,S T HH ER,1
ER AE B D OW M AH,ER IY AH,1
AH N IH Z G UH D F AO R Y AO R B AE K,AH P,1
Z M,Z D M,2
ER Z SH,ER SH,1
G,G Z,1
 IH T W AA Z IH K S P OW Z D, G UH D,1
D T UW AH HH AY V AH L AA S AH T IY G AE S JH EH T,D,1
T AH L IH,T M IH,1
IH T AH,IH N AH,1
AH L W AY L,AH T,1
 DH IH, IH,2
IH S IH Z N OW S P EH K T EY T ER T AY P IH K S P IH R IY AH N S EH,IH F EH,1
N IH Z,N HH AE Z,1
N IH Z,N W AA Z,1
AH N TH S T,AH CH T,1
IH N M,IH DH M,1
 IH F P IY P AH L W ER M AO R JH EH N ER AH, DH AH,1
AH S DH EH R W UH D B IY N OW N IY D F AO R W,AH W,1
 B AA, HH AA,1
R B B ER N D P EY P,R P,1
ER AH N D L,ER L,1
Z IH N AH,Z DH AH,1
 B AE S K AH T B, B,1
AO L K AE N B IY AE N EH N T ER T EY N,AO R N,1
N IH NG S P AO R T,N,1
 Y AE L SH UH D, D,1
D HH AE V L EH T,D AA N T W AA N T,1
IY D UW,IY T UW,1
UW IH T,UW,1
AA P S M,AA CH T M,1
L P EH,L W EH,1
 SH IY S L IH, IH,1
IH P T,IH T,1
R EY N D HH ER AE,R IH NG AO R AE,1
W EH DH ER P R UW F G AH L AA,W AA,1
AA SH AH Z,AA Z,1
Z AA R V EH R IY Y UW S F AH,Z DH AH,1
AH L IH N S IY AE,AH K AE,1
 P AE M G IH, IH,1
IH V Z,IH Z,1
S AH N Z AA N TH,S TH,1
 IY CH F AO R M R, W AH N R,1
EH N T AH D B AY DH AH D IH K SH AH N,EH N,1
N EH R IY IH Z L UH K T,N T,1
T AH P IH N DH,T DH,1
 D UW B AY AO L P ER P AH S M AH G Z AO R K AH P S,,1
EY EH N D AH D AH B R AH P T L IY AE T DH AH SH AO R,EY,2
P L,P AH L,2
Z T,Z D T UW T,1
K DH IH,K Y IH,1
IH S D,IH R Z AH N D D,1
TH T UW DH AH K,TH K,1
Z F AO R M IY,Z,2
N ER Z SH,N IH NG SH,1
UW D AW ER AO R IY EH N T AH L R AH G,UW,1
K M IY T,K W AH T,1
K M IY T,K T,2
K M IY T,K D AA N T,1
K M IY T,K Y UW T,1
K M IY T,K S Y UW T,1
IY AE N OY L IY R,IY IH NG W IH DH IH R,1
IY AE N OY L IY R,IY AH R,2
IY AE N OY L IY R,IY IH R,1
R AE G L AY K,R AA K,3
 AH W, W,1
S IH T M,S M,1
 D UW N, EH N,1
N AA T D R AO Y,N JH OY Y,1
Y AA R,Y AO R,1
R N T,R T,1
T UW T AY T,T R EY N IH NG,1
 K IH N D ER G AA R T AH N CH IH L D R AH, DH AH,1
AH N D EH K ER EY T DH EH R K L AE S R UW M Z F AO R AO L HH,AH HH,1
IH DH D R,IH T S R,1
R AO AO,R AO,1
AO L F OW N IY AE K Y AH Z EY SH AH N Z AE T W AH N S,AO NG,1
M F AO R B IH Z N AH,M DH AH,1
AH S M,AH M,3
ER JH ER,ER D ER,1
R D AA R K S UW,R T UW,1
UW T IH N G R IY S IY W,UW W,4
 IH Z IH T B IH K, TH AE NG K,1
K AO Z AH V M AY S L AH V AH N L IY N AH S DH AE T HH EH R G R OW Z AA N M AY F EY S,K S,1
V Y ER S EH L F DH,V DH,1
DH EH N,DH AE T,1
 HH IY P IH R D AH HH EH D AH N D G R IH, IH,1
N D AE Z DH AH R,N R,1
D T R AE,D DH AH P AE,1
K S K,K AH JH K,1
 K L IH F W AA Z S UW DH D B AY DH AH L AH G ZH ER IY AH S M AH S AA ZH,,1
CH AH N T,CH T,2
M L IY,M W IY,2
IY IH N K,IY HH AE D K,1
L AO S,L AE S,1
S K,S T K,3
IH DH DH,IH DH,2
 JH EY, W IY CH EY,1
N M EY ER N M AO R,N JH D DH EH R,1
IY AE Z,IY Z,2
IY T S,IY Z,1
R IY S IY,R IY,1
R IY S IY,R EY Z IY,2
IY W AA SH W AO T ER AO,IY AO,1
UW K AE R,UW M EH R,1
 B AH, W AH,1
T AH S,T IH F S,1
T AH S,T S,1
DH IH S P R AA,DH OW Z B AA,1
AA S EH S,AA K S,1
S M EY B IY IH,S AH Z IH,1
 N AH TH IH, IH,1
IH NG HH,IH T HH,1
 AA R Y AO R G R EY D Z HH AY ER AO R L OW ER DH AE N N, N,1
T D IH V EH L AH P M AH N,T N,1
N T W AA Z P,N AW P,1
NG T UW S,NG S,1
S L OW,S M OW,2
OW L IY,OW K IH NG,1
OW L IY,OW,1
S W AA Z AH M ER AA ZH,S,1
W AA SH W AO T,W ER K T,1
T ER AO,T AO,1
N OY L IY R,N AH R,1
N OY L IY R,N R,1
N OY L IY R,N AA N IH R,1
N OY L IY R,N AH M B R,1
N OY L IY R,N DH AH R,2
N OY L IY R,N IH R,1
AE G L,AE K L,2
 OW HH, IH T L HH,1
L B IY,L P M IY,1
AH P L AH,AH B AH,1
AH M ER K EY M,AH M,1
M DH AH AE N S ER,M ER,1
NG D AW,NG AW,1
AW N L,AW T L,1
D TH IH N AE Z SH IY S,D S,1
 K IH N D ER G AA R T AH, DH AH,1
AH N CH IH L D R AH,AH S EH K AH,1
D EH K ER EY T DH EH R K L AE S,D S,1
S R UW M Z,S IY Z,1
Z F AO R AO L HH,Z AH N AH V HH,1
 HH IY W IH, R IH,1
IH L AH L,IH M EH M B ER L,1
AW AH R EH R L AY,AW ER IY,1
AW AH R EH R L AY,AW,1
 W IH DH D R AO AO L F OW N IY AE K Y AH Z EY SH AH N Z AE T W, W,1
N S,N,1
N S,N D S,2
N S,N S IY ER S,1
N S,N AY S,1
R IH SH,R AE SH,1
EY D T,EY T,1
AW M,AW IH T M,1
AW M,AW Z M,1
S T T,S T,2
T AY M F AO R B IH Z N AH S M ER JH ER Z,T,1
 SH IY HH AE, AE,5
 SH IY HH AE, G L AE,1
 SH IY HH AE, T R AE,1
 SH IY HH AE, DH AH L AE,1
 SH IY HH AE, N AE,1
AE D Y,AE T Y,3
AE D Y,AE Z Y,1
R K S UW,R D T UW,1
T AE D M,T DH IH S M,1
M IH T IH,M IY N IH,1
NG DH IH S,NG L AH S,1
L AH N D K OW P R AH M EY K DH,L DH,1
 IH N, W EH N,1
 IH N, EH N,1
N S T,N IH T,1
N S T,N T,1
T R AH K,T K,1
K SH AH,K AH,1
AH N Z,AH M Z,1
Z F AO R P R,Z T UW CH AA R,1
R IY P EH R IH,R JH IH,1
NG K L,NG D AA L,1
L EY D,L ER Z AH V D,1
AY IH NG G,AY G,1
ER AA R,ER AO R,1
R B Y,R V Y,1
UW T AH F AH L,UW,1
 DH AH M AO, AY AO,1
R N IH NG D,R D ER D,1
D UW,D T UW,1
UW AA N DH AH S P AY D ER,UW AO R L EY T ER,1
W EH B G L IH,W IH,1
IH S,IH DH AO R S,1
IH S,IH T S,1
IH S,IH N V EH S,1
AH N D IH,AH M TH IH,1
IH N DH AH S AH N,IH NG,1
 CH IY P S, S,1
K IH NG Z R AH,K T AH,1
M TH EY R W AO R N,M,2
 S IY D Z AH V S OY B IY N K AA T AH N K AO R N S, S,1
D S,D Z S,1
S EH D,S OW D,1
D Y UW,D UW,1
UW W AO R Y,UW V AA L Y,1
Y ER S EH L F AW,Y UW M Z AH B AW,1
NG AO L DH IY Z EH M P T IY R UW M Z,NG,1
 N OW B AA D IY EH L S, IH Z DH IH S,1
S SH OW D P L,S L,1
EH ZH ER,EH JH IH T,1
AO L AE N AE M B Y AH L,AO L,1
L AH N S F,L F,1
 S W IH, IH,1
IH NG Y AO R AA,IH T W AA,1
AA R M AE,AA Z AE,1
Z Y UW K AE N,Z,1
 W AY B AY OY L W EH N Y UW AO L W EY Z Y UW S M AY N,,3
 AH B AO R IH NG N, N,1
L IH Z AH,L AH,1
S UH P ER B S,S T AO R S,1
NG P IH L,NG,1
 HH IY T R EH M B AH L D L EH S T HH IH Z P IY S SH UH D F EY L,,1
 N OW DH AH M AE N W AA Z N AA T D R AH NG K HH, HH,1
 HH IH Z W ER K B IH, IH,1
IH G AE N,IH N,1
N JH AH,N DH AH,1
AH S T S IH K S D,AH D,1
AH F L,AH S L,1
L AH D,L AA T,1
L AH D,L N IY D,1
V W AO,V AO,1
 DH AH G AH N M AH N K, K,1
T HH IH Z V IH K T AH M K AO R N ER D AE T G AH,T DH AH,1
AH N P OY N T F AO R TH,AH TH,1
Z TH IH N ER,Z B EH T ER,1
AY AE M,AY,3
AY AE M,AY AH M,1
IH G W AA N AH Z,IH T IH Z,1
Z AH N,Z AE N,2
N D AE,N AE,2
ER Z AA R T,ER T,1
 D AA N T AE S K M IY T UW K AE R IY AE N OY L IY R AE G L, L,1
Y EH T HH IY R,Y AO R,1
IH M EY N,IH N,1
N Z DH AH F IH R S AH S,N S,1
AH V K AH M P EH T,AH N T,1
T AH T ER Z,T N UW Z,1
 M AH S K Y AH L ER AE B D OW M AH N IH Z G UH D F AO R Y AO R B AE K,,1
 DH OW Z M, M,1
SH AH N Z HH AA R M AH,SH AH,1
N AY Z,N Z,1
S L IY,S,1
S L IY,S IY,1
DH IH S D,DH OW Z D,1
TH T,TH S IH N T,1
 DH AH K AA R P AH T K L IY N ER Z SH AE M P UW D AW ER AO, AO,1
T AH L R AH G,T,1
 SH IY HH AE D Y AO R D AA R K S, IH T S,1
 SH IY HH AE D Y AO R D AA R K S, AY JH AH S,1
S UW T IH N G R IY S,S DH AH M OW S,1
S IY W AA SH W AO T,S T,3
AA N T AE S K M IY T UW K AE R,AA R DH EH R,1
R IY AE N,R EH N,1
R IY AE N,R AH N,1
N OY L IY,N IY,1
IY R AE G L AY K DH,IY AH DH,1
F AA F,F OW F,1
N AH M,N IY M,1
M AH K,M IH K,1
 DH EY W ER B OW TH V EH R IY F L UW AH N T,,1
 HH IY S W, W,1
AH NG AH P,AH N AE P,1
P OW V ER DH AH,P AH,1
AH W IY L,AH L,1
 K AA M B AY N AO L DH AH IH N G R IY D IY AH N T S IH N AH L AA R JH B OW L,,2
AA N D,AA D,1
D AH N D,D HH AE D,1
CH T DH,CH DH,1
EY G IY,EY T K IY,1
IY S,IY Z,2
IY S,IY L AE S,1
 B EH G, AY G,1
G DH AE T,G AA T,1
D F AO R W AH N G AE L AH N AH V G AE S,D Z,1
ER N AA T B,ER B,1
 HH ER R AY T, IH T,1
S W EH N EH V ER DH,S DH,1
DH AH B AE R AH,DH AH,2
AH M EH T R IH K P,AH P,2
ER CH EY N,ER AH N,1
N JH AH Z,N D CH EH S T,1
IY AE N OY L,IY AO L,1
IY AE N OY L,IY AH HH OW L,1
IY AE N OY L,IY IH T R IH L,1
L IY R,L DH AH R,3
L IY R,L DH AH IH R,1
 F L AY, M AY,1
AY Z S W AO R M D ER AW N D DH AH B OW L AH V L EH N T AH L Z IH N W IH CH HH IY M AA P T TH,AY TH,1
P AH L S,P AE S,1
 DH EH R, Y AO R,1
P R AA,P AA,1
AA P S,AA M S,1
S W ER T,S P R IH NG T,1
P L AE,P M AE,1
AE D ER,AE T ER,1
Z AH CH,Z CH,1
R AH N D AH P,R P,1
W IH L,W EH L,1
L R AA B AH,L IH M AH,1
AH N W,AH W,1
R AH Y EH L OW L IH L IY,R,1
DH AH T UW TH F EH R IY F ER G AA T T UW K AH,DH AH,1
AH M W EH N R AA JH ER Z T UW TH F EH L AW T,AH,1
D AA R K S UW,D AO G T UW,2
D AA R K S UW,D AO G SH UW,1
T W IY B IH G AE N T,T T,1
T V IH Z,T DH OW Z,1
Z AH T ER Z T UW K L,Z P L,1
AE S,AE N T S,1
 AO R M AO R R IH DH M IH K L IY DH, DH,1
AH S W,AH W,1
W AO R DH IY W,W ER K IH NG W,1
 D UW L AY N B, W IY B,1
UW F,UW D DH AH F,1
B OW L,B AO L,1
 S P EH SH AH L T AE S K F AO R S IH Z R EH S K Y UW HH AA S T AH JH AH Z F R AH M K IH, IH,1
IH D N AE P ER Z,IH Z,1
R AH,R IH NG DH AH,1
 S T R AO HH AE T S AA R, W EH R,1
R AW T AH V F AE,R AE,1
AE SH AH N DH IH S Y IH R,AE Z,1
 DH AH T UW TH F EH R, R,1
R IY F ER G AA,R AA,1
AA T T UW K,AA D R IH K,1
K AH M W EH N R AA JH ER Z T UW TH F EH L AW T,K,1
T D AY,T G AY,1
AY AH G R AE,AY DH AE,1
AE M M,AE T M,1
AE M M,AE M,1
EH N S OW N,EH N,1
N L IY AE F T ER M AH CH S,N S,1
S T AH D IY,S,1
IY S IY,IY Z IY,2
AA N T AE S K M IY T UW K,AA K,1
K AE R IY AE N OY L IY R AE G L,K L,1
 DH EH R IH Z N AA T S P EY S T UW HH OW L D AO R F AO R S T, T,1
 AA R T AH, AY HH ER D AH,1
AH F IH,AH V IH,1
IH SH,IH M OW SH,1
SH AH,SH AH N AH,1
OY P UH T DH,OY W IH DH DH,1
W ER M,W AO R M,1
M AA N DH AH HH UH K,M,1
M JH EH N ER AH L Z,M,1
L AY K,L UH K,1
K DH,K AE T DH,1
AH F EH R L,AH TH ER OW L,1
L W IH DH K,L K,1
 V Y UW T EY K S IH N F AY V K AW N T IY Z T UW B EH D R UW M Z,,1
 R AA B S AE T B AY DH AH P AA N D AH N D S K EH CH T DH, DH,1
DH AH S T R EY G IY,DH IY,1
 B EH G DH, T EY K DH,1
 B EH G DH, IH T S L AY K DH,1
 B EH G DH, DH,1
T G AA,T K AA,1
T G AA,T Y AA,1
 IH D, AY W UH D,1
 IH D, AY D,1
DH IY Z SH,DH AH SH,1
AE N B IY,AE T F IY,1
IY OW V ER CH,IY L CH,1
 HH ER R AY T HH AE N D EY K S W EH N EH V ER DH AH B AE R AH M EH T R IH K P, P,1
R D AA R,R UH R,1
R D AA R,R N AO R,1
R K S UW T IH N G R IY S IY,R AH L HH IY,1
IY W AA SH W AO T ER AO L Y IH R,IY R,4
IY W AA SH W AO T ER AO L Y IH R,IY,1
K AE R IY AE N OY L IY R,K EH R,1
R AE G L,R L,2
R AE G L,R EH D L,2
R AE G L,R EY L,1
R AE G L,R EH L,1
R AE G L,R EY V L,1
R AE G L,R EY K L,1
R AE G L,R AA K L,2
R AE G L,R AY D L,1
 P ER HH, W AH T HH,1
P S TH,P AH N D TH,1
 D IY, JH IY,1
N T S,N D S,1
AH V AE N,AH DH ER N,1
 D IH S T R OY EH V ER IY F AY L R IH L EY T IH D T UW M AY AA, AA,1
 AE L AH S AH Z AH B IH L AH T IY T UW W ER K W IH TH AW T S, S,1
 B AA B P EY P ER D OW V ER DH AH L IH, IH,1
IH V IH,IH T IH,1
IH NG R UW M M Y UH R AH L Z,IH Z,1
N HH AY R AA R K IY Z,N,1
 D AA N T, IH T,5
T AE S,T S,1
M IY T UW K AE R IY AE N OY L IY R,M AO R,1
 AH N UW AY D IY AH D R IH, IH,1
IH F T,IH T,1
T AH D IH N F R AH M N OW W,T W AA Z W,1
W EH R,W IH R,1
R,R D,1
R,R D ER,1
R,R OW,1
 K UH D DH, DH,1
F B IY DH,F DH,1
 K AO L AE N AE M B Y AH L AH N S F AO R M EH D AH K AH L AH S IH S T AH N S,,1
 S W, W,2
W IH NG Y,W EH N Y,2
Y UW K AE,Y AO R HH AE,1
N,N D Z,1
Z P,Z T UW P,1
Z P,Z N T P,1
 AH B AO R IH NG N AA V AH L IH Z AH S UH P ER B S L IY P IH NG P IH L,,1
AO R D AA R,AO R,1
K S UW T IH N G R IY S,K S,1
S IY W AA SH W AO T ER AO L Y IH R,S,1
 F AE M AH L IY R AE SH AH N IH NG P R AA B AH B L IY W IH L B IY N EH S AH S EH R IY,,1
 IH T W AA Z DH EH R DH AE T SH IY W UH D HH AE V T UW IH N AE K T HH ER R IH N AH N S, S,1
IY EY SH AH,IY AH,1
N B,N D B,3
AA N DH IY Z,AA Z,1
Z DH EY F IY L DH EY K AE N R IH L AY,Z,1
AH EH,AH HH EH,1
EH M B L,EH L,1
AH M D IH P,AH V AH P,1
AH M D IH P,AH P,1
S DH AH,S AH,1
AH AH K R AA,AH L IH T W AA,1
AA P AH L AH S AO,AA Z AO,1
L OW,L AH V,1
L OW,L,1
 M IH L AH T EH R IY P ER S AH N EH L AA R IH K S P EH K T AH D T UW OW B EY G AH V ER M AH N T AO R D ER Z,,1
 OW N L IY L AO Y ER Z L AH V M IH L Y AH, DH AH,1
AH N EH R Z,AH,1
 IH F K AE R AH L K AH M Z T AH M AA R OW HH, W IY HH,1
R AH M IY T IH NG AE T T,R Y UW T,1
 HH IH Z SH OW L D, AY JH AH S T D,1
D ER F EH L T,D AA N T,1
T AE,T HH AE,4
AE Z IH F IH T,AE V DH AH T,1
T W ER B R OW K AH N,T AY M,1
OW IH F,OW F,1
F AO L,F OW L,1
L DH IY Z,L EY Z,1
IY IH N B EH D M AE N Y UW,IY T UW,1
UW JH AH S T S,UW S,1
N T AH,N D AH,1
N T AH,N AH,1
L IY HH IY,L IY,1
D T UW F OY L HH ER,D,1
 HH ER S, S,1
S T AH D IY AH V HH IH S T ER IY W AA Z P ER S IH S T AH N T L IY P ER S UW D,S OW,1
DH AH K AE T S,DH IH S,1
M IY AW AO,M AO,1
AO L W EY Z HH ER T S M AY IH,AO R N IH,1
IH R Z,IH NG,1
 IY CH AH N T AY M L IY IH N K AH M L AO S K OW AH N S AY D AH D W IH DH DH AH, AH,1
 JH, IH F JH,1
 JH, IH N JH,1
N D IY AE Z T R IY T S,N,1
SH W AO T,SH IH NG T,1
IY R AE,IY B AE,1
G L AY K DH,G DH,1
EY AH N,EY N,1
N D P AE S,N AY S,1
S CH ER,S JH ER,1
T AO L D,T D,1
D L,D N T L,1
T AH N D SH IH P SH EY P,T,1
 DH AH EH M B L AH M D IH P IH K T S DH AH AH K R AA P AH L AH S AO, AO,1
AO L AH G L,AO L,1
 M IH L AH T EH, W AA CH EH,1
EH R IY,EH V ER IY,1
UW OW B EY G AH V ER M AH N T AO,UW K W AO,1
 OW N L IY L AO Y ER Z L AH, AY DH AH,1
AH V M IH L Y,AH F Y,1
Y AH N EH R Z,Y UW CH ER,1
 IH F K AE R AH L K AH M Z T AH M AA R OW HH AE V HH ER ER EY N JH F AO R AH M IY T IH NG AE T T UW,,1
 HH IH Z SH, DH AH SH,1
SH OW L D ER F EH L T AE Z,SH IY Z,1
Z IH F IH T W ER B R OW K AH N,Z,1
 L EH T M IY K W OW, AY N OW,1
OW T,OW DH AE T,1
T HH IH M IY V IH N M,T M,1
R F UH L IY F AO,R B IH K AO,1
AO R HH IH Z,AO Z,1
AH N AE,AH V D AE,1
S AH S IH Z,S T IY Z,1
IY S EH D DH,IY N DH,1
IY F UW L HH,IY HH,1
L AW D,L EH T IH K,1
 B EY K S L OW L IY AE T L IY S T W AH N HH AE F AW ER L AO NG G ER,,1
ER AH N D JH,ER JH,2
IY AA R N,IY N,1
M AY AE M IY,M AH N IY,1
R EH N,R IH N,2
R EH N,R AE N,1
N D ER AH N S,N T UW IH T,1
 B AA R B B, B,1
B ER N D P EY P ER AH N D L IY,B IY,1
IY V Z IH N AH B IH G B,IY B,1
B AA N F AY ER,B,1
 B AE S K AH T B AO L K AE N B IY AE N EH N T ER T EY N IH NG S P AO R T,,1
 D AA N T AE S K M IY T UW K AE R IY AE N OY L IY R AE G L AY K DH AE, Y AE,3
AE T,AE,3
AE T,AE F T,1
 B R, IH R,1
IH K S AA R AE N AO,IH NG Z F AO,1
AO L T ER N AH T IH V,AO R,1
 F AE, DH AE,1
N L UW S R,N HH IH Z R,1
R OW L,R UW L,1
Z B IH N IY TH DH AH SH ER T,Z,1
S L IH P T,S T,1
T AH N D S P R EY N D HH ER AE NG K AH L AA N DH AH S T IY P,T EH P,1
S L OW P,S,1
 AH L UW M AH N AH M S IH L V ER W EH R K AE N AO F AH N B IY F L IH M Z IY,,1
 W EH DH ER P R UW F G AH L AA SH AH Z AA R V EH R IY Y UW S F AH L IH N S, S,1
IY AE T AH L,IY,1
AE M G,AE N G,1
G IH V Z D,G EH T D,1
G IH V Z D,G UH D,1
K S UW T IH N G R IY S IY W AA SH W AO T ER AO L Y IH R,K,1
AE S K M IY T,AE Z T,2
AE S K M IY T,AE V T,1
UW K,UW B IY K,1
IY AE N OY L IY R AE G L AY K DH AE T,IY D,1
IY AE N OY L IY R AE G L AY K DH AE T,IY ER,1
IY AE N OY L IY R AE G L AY K DH AE T,IY IH T,1
M EH N,M IY N,1
N IY S,N DH IH S,1
S AH L,S IH L,1
N Z AA R DH,N S AO DH,1
D AH D AH T,D ER T UW T,1
R EY L,R AY L,1
 N, IH T S N,1
ER HH AE P IY ER IH N M AY L AY F,ER DH AH,1
 HH UW AO TH ER AY Z D DH AH, IH N T R AH,1
AH AH,AH S T IH NG AH,1
AH AH,AH Z AH,1
 T UW F ER DH ER HH IH Z P R, R,1
EH S T IY ZH HH IY AH K EY ZH AH N AH L IY R IY D,EH D,1
D Z DH AH W AO L S,D S,1
 L AO R IH S K AA S T UW M N IY D AH D B L AE K G L AH V Z T UW B IY K AH M P L IY T L IY EH L AH G AH N T,,1
Y EH L,Y EY L,1
Y EH L,Y AE L,1
G EH S DH AH K W EH,G EH,1
EH S CH AH N F R AH M DH AH AE N S,EH S,1
S ER,S,1
S UW T IH N G R,S OW L R,2
ER Z AH B,ER CH IH K B,1
B AW T IH T S,B AO L D N AH S,1
L AH K,L IH K,1
AH B IH L AH T IY T,AH N T,1
T UW P IY P AH L,T,1
 D UW Y UW N, AY N,1
T DH EY TH,T Y OW Y AH R TH,1
K AH V M IY,K IH NG,1
S IH Z N,S N,1
 HH UW, IH F Y UW,1
 HH UW, T UW,1
UW AO TH ER AY Z D DH AH AH N,UW W AA N,1
N L IH M AH T,N T T,1
T AH D IH K,T UW K,1
K S P,K IY P,1
K S P,K P,1
P EH,P HH IH Z M EH,1
EH N S,EH D AH S,1
AH K AW N,AH N,1
N T,N,2
N T,N T T,1
 T UW F, F,1
 L AO R IH S K AA S T UW M N IY D AH D B L AE K G L AH V Z T, T,1
Y EH L AO R W,Y AE IH M W,1
W ER IY OW V ER S IH,W EH R IH,1
IH L IY AY,IH NG DH AH AY,1
M Z,M,2
N F R AH M DH AH AE N S ER,N IH Z,1
P OW AH T S M AO R OW V ER D W EH L AA N HH Y UW M AH N P AE SH,P EY SH,1
N Z,N S,1
K DH EY G EY V W,K W,1
T UW B,T IH NG B,1
D N AA T JH,D JH,1
UW W IY K AE N D,UW D,1
K L AH M Z,K R EY Z,1
ER S P IH L D S,ER Z S,1
S AH M IH,S OW IH,1
S AH M IH,S IH,1
ER L UH K T DH,ER DH,1
AH OW SH,AH K R IY EY SH,1
IH G M,IH K M,1
T G R UW HH ER AH,T AH,1
AH P B,AH V DH AE T B,1
NG IH N P,NG Y AO R P,1
NG IH N P,NG P,1
EH T IY K OW T,EH T,1
T S,T,2
T S,T OW S,1
T S,T R AH S,1
T S,T S S,1
IH N G R IY S IY W,IH Z W,1
IH N G R IY S IY W,IH K W,1
IH N G R IY S IY W,IH NG W,1
K AE R,K EH R,1
DH AH TH IY M,DH AE T N EY M,1
IY DH AH F,IY B IH F,1
R M EY SH AH N AH V AH SH,R ER L IY AE K S EH S SH,1
HH IY S,HH EY S,1
UW DH IH NG L IY,UW Z AH N,1
 HH IH ER Z W, DH AH W,1
R L AH,R AH,1
AH K W UH D,AH N D,1
D N AO R M AH L IY S T,D HH AW T,1
T EH P,T UW P,1
P IH N,P L EY,1
 DH AH K AE, AE,1
 DH AH K AE, Y AE,1
AE T S M IY AW AO L W EY Z,AE Z,1
Z HH ER T S M AY IH,Z DH AH Y IH,1
 IY CH AH, HH AH,1
 IY CH AH, AH,1
P AA R,P AO R,1
 JH EY N M EY ER N M AO R M AH N IY B AY W ER K IH NG HH AA R D,,1
W AH T SH AE,W AA CH TH AE,1
AE L DH IY Z IH F EH K,AE NG K,1
S B IY,S,1
 DH IY Z P, IH T S P,1
M Z EH,M S K EH,1
EH M F AH S,EH JH UH L S,1
Z DH AH AE,Z AE,1
S AH V B AY R,S R,1
SH AH L K,SH IY OW K,1
 B OW N Z AH, IH T S AH,1
AH N D K AA R T,AH W EY T,1
T AH L AH JH T,T UW T,1
IY AH N,IY K AA N,1
IH S T R OY EH V ER IY F AY L R IH L EY T IH D T UW M AY AA D AH T S,IH Z,1
K W IH TH AW T S,K S,1
 B AA B P EY P ER D OW V ER DH AH L IH V IH NG R UW M M Y UH R AH L Z,,2
 B AA B P EY P ER D OW V ER DH AH L IH V IH NG R UW M M Y UH R AH L Z, AY,1
N HH AY,N DH AH N AY,1
AY R AA R,AY AE G R,1
R K IY Z,R AH,1
D AA R K S,D AO G S,4
UW T IH,UW N IH,1
UW T IH,UW D IH,1
 IH N SH AO R T AH N D T UW B AA R OW AE N AA R B AO R IY AH L F R EY Z S, S,1
Z B Y UW G AH L S,Z P R IH T IY S,1
Z B Y UW G AH L S,Z V EH R IY S,1
D AE F,D EH F,1
F N,F AH N,1
N Z S,N AH T L IY S,1
N Z S,N IY S,4
N IY D AH L P OY N T,N EY T,1
F M AE CH T HH ER S,F AO R S,1
 IY V IH N AH, AH,1
N Z S IH M B AH L Z,N Z,2
 D AA N T AE S K M IY T UW K AE R IY AE N, IH N,1
N OY L IY R AE G L AY K DH,N DH,1
 P R AA P ER L IY Y UW Z D, IH T S D,1
D DH AH P,D IH P,1
EH Z AH N T B,EH S IH NG B,1
HH IH Z,HH AE Z,1
R AH DH,R IY DH,1
ER S EH D B R EH TH L AH S L IY,ER Z,1
IH Z DH AH M AH DH,IH N DH,1
DH ER AH,DH AH,1
AH V AE N AO T IH S T IH K CH AY L D AE T F AO L T,AH,1
 HH IY W IH L AH L AW AH R EH R L AY,,2
 W IH DH, DH,1
DH D R AO AO L F OW N IY AE K Y AH Z EY SH AH,DH AH,1
AH N Z AE T W AH,AH AH,1
 K AO R IY AH N D T R IH SH P L EY D T AE G W IH DH B, B,3
T AY M F,T AE P F,1
S M ER JH,S CH AA R JH,1
AE D Y AO R D AA R K S UW T IH N,AE N,1
AE D Y AO R D AA R K S UW T IH N,AE SH AH N,1
N G R IY S IY W AA SH W AO T,N AW ER L EY T,1
 S T UW D AH N T S CH, HH IH Z CH,1
D IY L EH,D EH,1
EH JH AH,EH N T AH F AH,1
N AH L G OW L Z AA,N AA,1
R N AA T AA,R AA,1
 HH IY R, Y UW R,1
ER D DH,ER DH,1
M HH IH Z HH AE P IY P IH R IY AH,M T EH K S AH,1
AH D,AH S,1
AH D,AH N D,1
 M AO R HH IY K UH D T EY K, CH EH K,1
L EH ZH ER,L IY S T,1
EY T IH D N,EY SH AH N,1
N IH R DH AH SH AO R,N,1
 AH B IH G G OW T AY D L IY AE M B AH L D TH R UW DH AH F AA R M Y AA R D,,1
EY W EH L HH AE V SH AH B L IY,EY,1
ER AH N D D IH F EH N D AH D IH T,ER,1
 K IY P DH, DH,1
AH D IH Z ER T S S,AH S,1
L F R,L T R,1
UW T D,UW TH D,1
R IH M,R AH M,1
R UW V IH NG N,R EH G N AH N T N,1
N K EY M W IH DH DH,N DH,1
T AH N,T IH N,1
T AH N,T AO N,1
P R EY N D,P AY D,1
D HH ER,D ER,1
D HH ER,D V ER,1
ER AE NG K AH L AA N DH AH,ER AH,1
 AH L UW M AH N AH M, AY W IH DH DH EH M,1
S IH,S OW IH,1
S IH,S EY IH,1
S IH,S W IH,1
IH L V ER W,IH M AH W,1
R K,R IH T K,1
R K,R AH K,2
IY F L,IY S L,1
M Z IY,M,1
M Z IY,M AH T S,1
AH NG CH IH L D R AH N SH UH D AH V OY D IH K S P OW ZH ER,AH F AY Z ER,1
 P AE M G IH V Z D R AY V IH NG L EH S AH N Z AA N TH ER Z D EY Z,,2
CH AH TH IH NG AH,CH AE Z AH,1
T S R,T DH AH R,1
N AE K T,N EH G AH T,1
L UW M AH,L AH,1
AH N AH M,AH V DH EH M,1
F AH N B IY F L IH M Z IY,F ER,1
UW K AH N,UW IH N,1
N T EY JH AH,N F EH K SH AH,1
 SH IY HH AE D, D,2
D Y AO R D AA R K S UW T IH N G R IY S,D ER AY AH S,1
K AH N D IH SH,K R IY EY SH,1
D IH G R IY AH V R,D R,1
T DH AH IH N F IY,T T UW B IY,1
IY L,IY EY B AH L,1
IY L,IY DH AH L,1
L D T,L T,1
 AA R Y, AY Y,1
R G R,R R,1
EY D Z HH,EY T S HH,1
ER DH AE N N AE N S AH Z,ER,2
 P R AA JH EH K T D IH V EH L, HH OW L,1
L AH P M AH N T W AA Z P R AH S IY,L IY,1
IY D IH,IY SH IH,1
IH NG T,IH T,1
T UW S L OW L IY,T,1
 S ER V DH AH K OW L S L AA AE, AE,1
 S ER V DH AH K OW L S L AA AE, IH G Z AE,1
AE D DH AH OY L,AE M,1
S W AA Z AH M,S M,1
 DH AE T N, EH N,1
 DH AE T N, AH N D N,1
N OY Z P R AA B L AH M G R OW Z M AO R AH N OY,N JH OY,1
OY IH NG IY CH D EY,OY,1
HH AE D,HH ER D,2
T AE S K M IY T,T UW D EH Z AH G N EY T,1
 D AH, Y AE DH AH,1
AH Z S,AH S,1
T IY R IH L IY,T IY,1
IY IH G Z IH S T AE,IY AE,1
M AE N,M EH N,1
 AH N OW T AH V AA K EY M IH N T UW HH IH Z V OY S,,1
 AA R Y UW L UH K IH NG F AO R EH M P L OY M AH N T,,1
 AH B IH G G OW T AY, AY,1
IY AE M B AH L D TH R UW DH AH F AA R M Y AA R D,IY,1
 AE, DH AE,1
 AE, F AE,1
T T W,T S W,1
AY T AA,AY K AA,1
 B R IH NG M, DH AH M,1
IY DH AH F AY ER K R AE K ER Z,IY M Z,1
 DH AH SH EH L T ER SH, SH,1
OW N W,OW W,1
W UH D P R AH V AY D AO L M OW S T AE,W AA Z AE,1
T F AO L,T L,1
L AW T P R AH T EH K SH,L IY D IH L IH SH,1
 DH AH B EH S, S,1
S T W EY,S EY,1
EY T UW L ER N IH Z T UW S AA L V,EY V,1
V EH K S T R AH P R AA B L AH M Z,V,1
R W,R AH W,2
 R AE L F K AH N T R OW L D DH AH S T AA P W AA CH F R AH M DH AH B L IY CH ER Z,,1
AY CH AA R JH,AY JH,1
JH M AH N IY F AO,JH AO,1
AO R S AH CH G AA R,AO R,1
R B IH JH,R JH,1
R B IH JH,R,1
AE D Y AO R D AA R K S UW T IH N G R IY S,AE S,2
IH V N AO R M Z G,IH NG DH AH G,1
 AY, W IY V S IY N AY,1
K HH AA T HH AH,K DH AH,1
AH N IY AY,AH AY,1
Z DH AE T S IH,Z F IH,1
P F AO R S AA L AH D M AW N T IH NG AH N D AH R EH G Y AH,P DH AH,1
AH L ER HH,AH HH,1
 D IH D Y UW B AY EH N IY K, K,1
T IY V W AO,T EY F AO,1
 DH AH G AH N M AH N K EH P T HH IH Z V IH K T AH M K, K,1
R N,R AH N,1
ER D AE,ER AE,1
 SH IY IH Z TH IH N ER DH, DH,1
DH AE N AY,DH AH G AY,1
 IH G W, W,2
W AA N AH,W AH,1
W AA N AH,W AY D AH,1
AH Z,AH T IH Z,1
AH Z,AH S,1
AH Z,AH N S,1
 IH, W AH N TH IH,1
 IH, AH N D IH,1
IH T,IH NG DH AE T,1
IH T,IH V EH N T,1
T IH Z,T HH AE Z,1
Z AA IH,Z B IH,1
N S P AY R IH NG,N,1
 AE K CH UW AH L IY, IH T S F R AY D IY,1
IY DH EY,IY S EY,1
EY S,EY L S,1
S EH D HH IY D IH D S,S EY V AA N DH AH S,1
IY P B AH,IY Z AH,1
AH T S OW SH,AH N Z SH,1
Z AH,Z DH AH,2
N D W,N W,1
 R AA B, AE B,1
S AE T B AY DH AH P AA N D AH,S AH,1
N D S K EH CH T,N T,1
AH S T R EY G IY S,AH,1
 B EH G DH AE, TH AE,1
AE T G,AE NG K G,1
AA R D,AA D,1
Z DH AE N,Z AH N,2
 HH ER R AY, AY,1
AY T HH AE N D EY K,AY TH IH NG K,1
K S W EH N EH V ER DH,K G EY M Z DH,1
OW W AA,OW G AA,1
M AH N,M AY N,1
M AH N,M IH N,2
N IY P R,N EY M Z K R,1
R EH S,R IH S,1
IY ZH AH N,IY N,1
N D S IH K Y UH R AH T IY,N,1
Z AH N D F,Z F,1
Z AA R DH AH M OW S T K,Z K,1
R AH K,R IH K,1
R AH K,R AE K,1
ER AH L P R AA D AH K T S AA R AH N IY V AH N L IY D,ER D,1
IH B Y AH T,IH K T,1
T AH D,T,1
L EH R,L AE R,1
R ER Z,R AH B Z,1
R ER Z,R Z,1
T DH AH,T AH,1
AH P UW R,AH D,1
G R IY S,G S,1
K M,K T M,3
AY HH EH N L,AY L,1
ER HH IY IH N F,ER F,1
R M D HH IH,R G IH,1
IH M IH,IH V IH,1
IH N AE N AH,IH NG IH T AH,1
AH B Z AO R B D W,AH W,1
 Y UW W ER IH, IH,1
ER IY W IY,ER IY,1
IY R AH N T Y UW,IY,1
 Y EH T DH EY TH R, AY N OW R,1
AY V D AA N IH T,AY T,1
IY R IY,IY W IY,1
IY D Z DH,IY K S DH,1
 L AO R IH, IH,1
IH S K AA S T UW M N IY D AH D B L,IH L,1
L AE K G L AH V,L EH V,1
V Z T UW B IY K AH M P L IY T L IY EH L AH G AH,V AH,1
W ER IY OW V ER,W ER,1
ER S IH L IY,ER IY,1
 G EH S, AE S,1
 G EH S, IH S,1
S DH,S K IH NG DH,1
CH AH N F R AH M DH AH,CH AH,1
AH AE N,AH N,2
N S ER,N,1
D Y AO R,D R,1
R K S UW T IH,R D IH,1
IH N G R,IH NG DH AH R,1
SH W AO,SH B AO,1
AO T ER,AO R D ER,1
IY R,IY G R,1
IY R,IY B R,1
L AY K DH AE T,L,1
L AY K DH AE T,L AH,1
L AY K DH AE T,L AH N D,1
ER HH OW P L AH S,ER,1
OW Z M Y UW Z IH SH AH N Z,OW Z,1
Z M AA R V AH L AH S L IY,Z D,1
 P L, AE T L,1
 P L, AY S T IH L,1
 P L, W EH L,1
IY Z T,IY S T T,1
S D ER T IY T,S DH AH T,1
T EY B AH L K,T AY M K,1
TH T UW DH AH K L IY N ER Z F AO R M IY,TH,1
 DH AH K AA R P AH T, IH T,1
T K L IY N ER Z,T W AA Z,1
Z SH AE M P UW D AW ER AO R IY EH N,Z F AH N,1
N T AH L R AH G,N,1
D Y AO R D AA,D AA G Z AA,1
D Y AO R D AA,D T UW N AA,1
K S UW T IH N G R,K R,1
R IY AE N OY L,R IH L,1
IY R AE G L AY K DH AE T,IY,1
 DH IH S G R UW P IH Z S EH K Y AH L ER IH S T AH N D DH EH R P R OW G R AE M T EH N D Z T UW B IY T, T,1
 G AA T, IH T,1
K AH V AH B,K G EH T IH NG B,1
AY AA N DH IH S D ER T CH IY P,AY,1
L IY AH P IY,L IY,1
IY L IH NG,IY,1
 AA R Y UW L UH K IH, IH,1
IH NG F AO R EH M P L OY M AH,IH T S DH AH,1
 AH B IH G G OW T AY D L IY AE, Y AE,1
AE M B AH L D TH R UW DH AH F AA R M Y AA R D,AE,1
 IY, W EH N IY,1
 IY, AH N D IY,1
 AE T T, IH N DH AH T,1
AH T W EH L F TH D EY W EH L HH AE V SH,AH SH,1
SH AH B L,SH IH P L,2
Z HH IY M,Z Y UW M,1
S P,S AH V P,1
M AH G,M G,1
IH DH IH N DH IH S,IH T S,1
S F R EY M W ER K W AH T F AA L OW D W AA Z S,S S,1
N D IY,N JH IY,1
AH N V,AH T V,1
T AH D AE K T S AH,T DH AH,1
AH V S K UW L D IH S T R IH K T S,AH,1
 D IH D Y UW B AY EH N, JH IY OW V AA N,1
T HH IH Z V,T AH S V,1
D AE T G,D AH G,1
G AH N P OY N,G EH N,1
N T F,N F,1
N T F,N D F,1
 SH IY IH, IH,1
IH Z TH IH N ER,IH T S B EH T ER,1
 IH G W AA N AH, AH,1
AH Z AH N D AE,AH V AE,1
EH P T AY L Z,EH D,1
 SH IY HH AE D Y AO R D AA R K S UW T IH N, W AH N,1
S AE T DH,S EH D DH,1
R HH ER S,R AA R S,1
L D B,L IH NG B,1
 DH AH T AA R G AH T CH AA R T K W, W,1
W IH K L IY AH N D,W UH D,1
D B R IY F L IY T EH L Z Y,D Y,1
UW W IH CH AE D AH T IH V Z D,UW D,1
N D,N T UW D,1
L HH,L DH AH HH,1
CH B AO L Z F AO R AW,CH HH AW,1
S M ER JH ER Z,S,1
HH AE D Y AO R D AA R K S UW T IH N G R IY S IY,HH IY,1
 K AH M HH, IH F HH,1
R AY T AH,R AH,1
AH W,AH N W,1
 K IH N D ER G AA R T AH N CH IH L D R AH N D EH K ER EY T DH EH R K L AE S R UW M Z F AO R AO L HH, HH,1
W IH L AH L AW,W AW,1
 W IH DH D R AO AO L F OW N IY AE K Y, Y,1
Y AH Z EY SH AH N Z AE,Y AE,1
AE T W AH N S,AE,1
L Z F,L F,1
 R AY T N AW M EY N AA T B IY DH AH B EH S T T AY M F AO R B IH Z N AH S M ER JH ER Z,,1
DH AH S L UW S,DH IH S,1
S IH NG R EY N,S,1
 AH L AW L, L,1
L IY W EY HH IY R B AH,L AH,1
AH T R AE SH AH,AH V DH AH,1
AH N AH,AH K AH,1
AH L AY Z AO L,AH L,1
L EH R ER,L ER,1
 G R EH G B AY Z F, L AH V F,1
SH M IH L K IY CH W IY K D EY M AO R N IH NG,SH,1
 K AE T, G AA T,1
 K AE T, IH T,1
T R AA,T AA,1
AA F IH K EH K AH N AA M IH K K,AA P W ER K,1
K AH T B,K B,1
B AE K S N AH G L EH K T DH AH P UW R,B IH F AO R,1
DH IY Z S,DH AH S,1
Z M EY HH AE V S,Z S,1
M M EH,M W EH,1
AH T AH,AH N D AH,1
K HH IH M,K AH P,1
 D UW, T UW,1
 K AO L AE, AE,1
 K AO L AE, W AH T S AE,1
L AH S,L S,2
W IH NG Y AO R AA R M AE Z,W IY G EH T IH Z,1
AY AE Z Y UW K AE N,AY AH S T,1
 AH B AO R IH NG N AA V AH L IH Z AH, DH AH,1
AH S UH P ER B S L IY P IH NG P IH L,AH,1
D Y AO R D AA R K S UW T IH N G R IY S IY W AA SH W AO T ER AO L Y IH R,D DH AH,1
SH AO R,SH UH R,1
SH AO R,SH OW,1
R T S,R IH NG S,1
NG W AA Z IH N T R AH,NG DH AH,1
AH D UW S T IH N P,AH P,1
K T,K T T,1
T IH V S,T UW S,1
D T UW M,D M,1
M AY AA D AH T S,M AW TH,1
IH D IY V AH,IH N AH,1
IH D IY V AH,IH N DH AH,1
AH L S,AH S,2
T AA N HH AY R AA R K IY Z,T P AW ER,1
R K S UW T,R D Z T,1
IY AE,IY AH M AE,1
IY AE,IY AW T AE,1
 T R IH M EH K S EH S K L EY F R AH M ER AW N D L IH P AH V M, M,1
 D IH S EH, EH,1
EH M B ER AH N D JH AE N Y UW EH R IY AA R N AY S,EH K S,1
S M AH N TH S,S P ER T S,1
S T UW S,S S,1
N D ER AH,N SH UH R AH,1
N D P,N P,1
IY V Z,IY G Z,1
IY AE N EH,IY EH,1
N T ER,N IY AH DH ER,1
T EY N IH NG S,T AY P AH V S,1
T,T S,1
T,T L AW D,1
T,T IH NG,1
AA R K S,AA G Z B EY S,1
AA R K S,AA N T S,1
S UW T IH,S IH,1
W IY AH,W EY AH,1
EH D W ER L D G AA T,EH F T,1
AO L S,AO F S,1
T F AO R P IY S AH N D R,T R,1
N R AH,N HH ER AA P AH,1
AH B IH,AH Z IH,1
SH,SH AH N,1
 T R AH D IH SH AH N R IY K W AY ER Z P ER EH N T AH L AH P R UW V AH L F AO R AH N D ER EY JH M EH R IH JH,,1
AA G G,AA G,5
G EH T S V,G IH Z V,4
IY IH N,IY AH N,4
N AO T AH M,N D AA N,1
N AO T AH M,N D AA N DH EH M,1
N AO T AH M,N D,1
 L AE F D AE N S, S,1
S AH N D S IH NG IH F F AO,S P AO,1
R CH AH N S,R T S,1
S M AY L Z AH P AA N Y UW,S,1
 M AA M S T, IH T,1
T R AO NG L IY D IH S,T S,1
K S AE P AH,K DH AH,1
AH T AY Z ER Z,AH,1
AE D Y AO R D AA R K S UW T,AE T,1
T IH N G R IY S IY W AA SH W,T DH AH W,1
 DH AH P L, L,1
L EY N,L AY N,1
AH F IH N S,AH V S,1
 DH EY K, AY K,1
K EY M AH P AA N,K AE N,1
N CH,N T CH,1
T AH L D IH R,T AA N DH EH R,1
R AE T W UH D L AE N D P,R P,1
S K L,S P L,1
EY R IY IH N F AO R S S,EY DH AH S,1
S IY M,S EY M,1
M W IH DH AH K OY L,M R OW L,1
Z P ER EH N T AH L AH P R,Z R,1
R UW,R IH M UW,1
 IH T S HH, W IY HH,1
K W IH TH AW T SH UH G ER,K,1
R AE N B,R EY T B,1
B EH R IY B AA G G,B AO L G,1
 L AE F D AE, AY HH AE,1
AE N S AH,AE V AH,1
 M AA, IH S L AA,1
AE P AH T,AE D V ER T,2
W AA,W AO R F L AA,1
N F ER M,N T AH M,1
M EY,M P L EY,1
SH AH N AH,SH AH,1
AH L EH N,AH N,1
N T R AH P IY,N,1
N D Z,N Z,1
Z K AE N B IY N,Z W IH M AH N,1
N OW T AH D,N D,1
D EH L S,D UW S,1
S W EH R,S OW,1
 T R, G R,1
R AH D IH SH AH N R IY K W AY ER Z P ER EH N T,R EY T,1
T AH L AH P R UW V AH L F AO R AH N D ER EY JH M EH R IH JH,T,1
S HH EH L TH IY ER T UW K UH K W IH TH AW T SH,S SH,1
UH G ER,UH R,1
 DH AH K R AE N B EH R IY B AA G G EH T S V EH R IY P R IH T IY IH N AO T AH M,,1
L AE F D AE N S AH,L AH V DH AH,1
AH N D,AH D,2
AH N D,AH V DH AH D,1
D S IH NG IH F F AO R CH AH N,D AE N,1
S M AY L Z AH,S AH,1
 M AA M S, AY S,2
 HH IY W AA Z G IH F T AH D W IH DH AE N AH M AH L M AE G N AH T IH Z AH M AH N D AH P, P,1
 V, IH M V,1
D AH V JH,D Z G UH D JH,1
JH EH N,JH AE N,1
F AH R Z B Y UW G,F ER S T G IH G,1
L S,L Z S,1
 HH AY, AY,1
EY AH,EY T AH D AH,1
D F R IY W,D W,1
EY M IY N DH,EY T AH D DH,1
 DH AH F AA G P R IH V EH N T IH D, D,1
D DH EH M F R,D R,1
R AH M ER AY,R AY,2
N T AY M,N,1
L P OY N T,L M AE T,1
S K AA,S AA,1
R F M AE CH T HH ER S K ER T,R,1
S K M IY T UW K AE R,S OW DH EH R,1
R IY AE N OY L IY R AE G L AY K DH,R Z DH,1
 D UW W IH TH AW T F AE N S IY T EY B AH, DH AH,1
AH L K L AO TH S,AH,1
 DH AH B EH S T W EY T UW L ER N IH Z T UW S, S,1
V EH K S T R AH P,V IH NG P,1
V EH K S T R AH P,V P,2
AA P W AA,AA K B AA,1
AA CH F R,AA T N UW D R,1
R AH M DH AH B L IY CH ER,R AY V ER,1
Z P AA R,Z F R,1
R T IH K Y AH,R AH,1
AH L ER L IY IH N F AO R M,AH M,1
M AH T,M T,1
T IH V F AO R P R,T UW R,1
R AH S,R IH S,1
B AY ER,B AA R,1
IY F AO,IY AO,1
CH G AA R B IH JH,CH,1
EY L,EY Y OW L,1
D N UW Z D,D D,1
 SH IY S P AW T AH D, AY W UH D,1
D AH M AW TH F UH L AH V W,D W,1
AO T,AO K AW T,1
AO T,AO R T,1
T ER IH,T IH,1
IY N UW TH,IY TH,1
NG F AO R IH T T,NG T,1
UW B IY AH,UW AH V OY D AH,1
 SH IY W AO R W AO R M F L IY S, S,1
W UH L,W OW L,1
R AE L F K,R UW T K,1
R AE L F K,R OW Z K,1
DH AH S,DH IH S,1
DH AH S,DH S,1
S T AA P W,S W,1
CH F,CH IH NG F,1
CH G AA R B IH,CH TH IH,1
IH JH,IH NG Z,1
IY AE N OY L IY R AE,IY AH B AE,1
 S UW N DH AH AO, IH G Z AE K T L IY AO,1
ER K K,ER K,1
K L EY M D AO L HH ER,K OW V ER,1
T DH AH HH EH N W,T W,1
Z N EH,Z Y EH,1
T AH D AH N D,T ER D,1
D AO L S IY M D W EH L,D EY,1
 AA R Y AO R G R EY D Z HH AY ER AO R L OW ER DH AE N N AE N S AH Z,,2
 S ER V DH AH K OW L S L AA AE F T, IH T,1
T ER AY AE D DH AH OY L,T,1
T ER AY AE D DH AH OY L,T L,1
AH OW EY,AH W EY,1
AH OW EY,AH L EY,1
S IH S W AA Z AH,S T AH,1
AH M ER AA ZH,AH V,1
AH M ER AA ZH,AH V P IY P AH L,1
AO L Y IH R,AO R,3
N W AH T W,N W,1
DH EH N D IH D DH AH P EY SH AH N T,DH AE T,1
T S S,T S,1
AY K IH K AH,AY D AH V DH AH,1
AH L B L AY N D,AH G UH D,1
 L EH T AO, IH N AO,1
AY S L OW L IY F,AY F,1
 HH AY W, W,1
W EY AH,W AH T AH,1
AH N D F R,AH G R,1
R IY W,R EY T W,1
EY M IY N DH AH S,EY T UW S,1
EY M TH IH NG,EY,1
 DH AH F AA G P R IH V EH N T IH D DH, DH,2
DH EH M F R AH,DH AH,2
AH M ER AY V IH NG AA N T AY M,AH,2
IY D IH SH N IY D AH,IY T AH,1
AH L P OY N T,AH S T,1
AA R F M AE CH T,AA T,1
T HH ER S K ER T,T L AH N D,1
T HH ER S K ER T,T UW,1
IY K AH N T EY N Z S IH M B AH L Z,IY,1
AA SH W AO T ER AO,AA CH AA N Y AO,1
AA SH W AO T ER AO,AA CH AO,1
T L,T S L,1
AY K R,AY T R,1
 IH T S AW N D AH D S IH L IY W, W,1
OW AA N,OW,1
AE N AA K T IH L Y AH N AE T AH,AE D AH,1
Z N AW L EH T AH S S,Z S,1
IY W EH R DH IH S P AW ER K AH M Z F R AH M,IY,1
 DH AH S AW N, JH EH N,1
AH V JH,AH F ER JH,1
D DH AH AE N T AH L OW P,D,2
 HH AY W EY AH N D F, IH F,1
F R IY W,F AY W,1
W EY M IY N DH AH S EY M TH IH NG,W ER,1
IH D DH,IH NG DH,1
F N Z S,F T AH S,1
 AH W IY L S K W IY K T AA N AH HH AH B W AA Z S, S,1
L AH N D S,L S,1
 OW DH, AE T DH,1
M AH V D EH TH,M,1
K CH ER Z,K T S HH OW M Z,1
AW Z IH NG DH AH,AW S AH,1
S AA R,S AO R,1
S AA R,S R,1
R AH V M,R M,1
 SH EY V IH NG K R IY M IH Z AH P AA P Y AH L ER AY T AH M AA N HH AE L AH W IY N,,1
N OY L IY R AE G L AY K DH AE T,N AO D IH T,1
EY Z W IY T AO K AE Z,EY Z,1
Z DH OW DH,Z DH,1
AH B L IH,AH IH,1
 P R AH P R AY AH T IY W AA Z S AH N AA N AH M AH S W IH DH R IH CH UW AH L AH B Z ER V AH N S DH, DH,1
 P IY T, IH T,1
ER IY AH Z,ER EY IH Z,1
Z AA R K,Z K,1
 P UH T DH, DH,1
 P UH T DH, IH N DH,1
 P UH T DH, W IH DH,1
 D R AA P F AY V F AO R M Z IH N DH, DH,3
AH B AA K S B IH F AO R Y UW G OW AW T,AH,3
W AO R D R OW B K AH N S IH S T S AH V OW N L IY S K ER T S AH N D B L AW S AH Z,W AA Z,1
S IY W AA SH W AO T ER AO,S IH NG AO,2
S OW K T,S EH T,1
 AA R Y UW L UH K IH NG F, F,1
R EH M P L OY M AH N T,R,2
IH G G,IH G,1
G OW T AY,G AY,1
AY D L IY AE M B AH L D TH R UW DH AH F AA R M Y AA R D,AY,1
T AA,T N AA,1
T AA,T W AA,1
AA N DH,AA T DH,1
EY W,EY IH T W,1
 Y UW W UH D D R AY V AH S IH N T UW SH EY M HH IY D IH K L EH R D,,1
 DH AH K L AW D Z B AH L JH D D AW N W, W,1
W ER D AH N D B ER S T S,W IY AA R S,1
IY IH N T UW AH,IY AH,1
AH G R EY T B,AH B,1
AH M IH S,AH S,1
S K W OW T,S T,1
S K W OW T,S T M AH N T,1
Z R IY T,Z N T AH T,1
T AH D W IH,T IH,1
T AH D W IH,T S IH,1
IH DH AE N AH P AA L AH JH IY,IH V,1
AY K AH L K AH L ER D DH AH B EH D R UW M W AO L W IH DH K R EY AA N Z,AY T,1
L P G R EH G T UW P,L P,1
P IH K,P K,1
K AH P EH,K ER EH,1
K AH,K T DH AH,1
K AH,K DH AH,1
 DH EY OW, AY OW,2
AW S IH N DH AH R IH M OW T K AH N T R IY S,AW S,1
S AY D,S,1
T ER AO L Y,T Y,2
 AH F L EY, HH IH Z N EY,1
W UH D Y UW S AH P EH R,W AA Z,1
 EH V ER IY M UW V M AH, AH,1
N T SH IY M EY D,N D,1
D S IY M D AH N N EH S AH S EH R AH,D DH AH,1
AH L IY N OY Z IY,AH,1
 HH IH Z HH IH S T ER IY IH Z HH IH Z AH L OW N Y EH T IY CH M AE N M AH S T R EH K AH G N AY Z HH, HH,1
 DH AH M IH, IH,2
IH S K W OW T,IH T,1
T W AA Z,T IH Z,2
Z R IY T R AE K T,Z N T,1
T AH D W IH DH AE N AH P AA L AH JH IY,T,1
 M AY, AY L AY,1
AH L K,AH K,1
ER D DH AH B EH D R UW M W AO L W IH DH K R EY AA N Z,ER,1
 HH EH L P, AH P,1
R EH G T,R EY D T,1
UW P IH K,UW T EY K,1
K AH V P,K P,1
NG K R IY M IH,NG IH,1
M AA N HH AE L AH W IY N,M,2
IH N DH,IH DH,1
DH AH R IH,DH P IH,1
IH M OW T K,IH K,1
K AH N T R IY S AY D,K CH ER Z,1
 IH N D IY D IH T IH Z P AA S AH, DH AH,1
AH B AH L,AH CH AY L,1
L T UW S EH P ER EY T IH L EH K T R AA N P,L D P,1
 L AY T, IH T,1
IH N D OW Z G L OW D JH UW AH L B R AY T,IH T,1
T TH R UW DH AH D AW N P AO R,T,1
S AE L V EY,S OW B EY,1
EY SH AH N R,EY S IH K L IY D R,1
R IY K,R IH NG K,1
K AH N S IH,K IH,1
IH D ER D,IH NG,1
IY K AH S,IY S,1
S T AH M,S M,1
M ER S P IH L,M EH L,1
K T DH,K IH NG DH,3
Z D IH G M,Z T EY K M,3
OW Z AH P B IH F AO R,OW HH AA R,1
R F R AO S,R V AH S,1
 IH D R AY D DH AH S, S,1
S AH B W EY B AH T AY HH EY V AH,S IY Z AH,1
AH N T IH N,AH N,1
AH F CH EY N JH,AH L,1
 G R AE N, IH N,1
N D M AH DH ER AW T G R UW HH,N HH,1
AH P ER CH AH S ER Z R IH JH EH K T IH D DH AH AO R D,AH N D,1
D ER IH N T UW L EH T ER Z R IH T AH N IH N V,D V,1
ER M Z,ER N Z,1
 DH AH L OW ER P AO R SH AH N P R AH V AY D Z AH R EY T IH NG AE, AE,1
 W AY AH K Y UW Z AH SH IH P, P,1
P M EY T AH V B IY,P IY,1
IY IH NG B IH HH AY N D DH IH S,IY S,1
AA B JH EH K,AA P T IH K,1
P Y UW T ER AA R B,P AH V B,1
 DH AH M AO R N IH NG D UW AA N DH, DH,1
B G L IH S AH N D IH,B AE T DH IH,1
S AH N,S,1
 CH IY P S T, IH T,2
T AA K IH NG Z,T D AH Z,1
Z R AH N DH AH F ER S T T AY M TH EY R W AO R N,Z,1
 D AA N T D UW CH AA R L IY, JH IY,1
Z D ER T IY D IH SH AH,Z AH,1
 K AE L S IY AH M M EY K S B OW N Z AH N D T IY TH S T R AO NG,,1
AA R K,AA K,2
 D AA N T AE S K M IY T UW K AE R IY AE N OY L IY R, DH AH R,1
D D IH P,D DH AH P,1
IY SH AH N,IY S,1
 G EH T IH NG DH AH B AA S R AE T AH L S N EY K T UW HH, HH,1
P Y UW,P S DH AH,1
 DH AH M AO R N IH, IH T IH,1
IH NG D UW AA N DH AH,IH Z AH,1
AA K IH NG Z R,AA R T AH D R,1
N DH AH F,N IH NG F,1
EY R W,EY W,1
 K AE, SH AE,1
AE L S IY AH M M EY K S B OW N Z AH,AE R AH,1
N D T IY TH S T R AO NG,N,1
R D AA R K S,R IY S,1
 B R AW, W AO L ER AW,1
N AY,N D AY,1
 R EH, IH N S P EH,1
ER W AA Z,ER Z,1
Z AO F AH,Z AH,1
AH N K Y UH,AH V JH UH,1
IY AH S AO F AH N T EH M P T AH D,IY D,1
D T UW,D UW,1
UW AE S K K W EH S CH AH N Z B AH T,UW T,1
T HH IY,T IY,1
ER EY JH,ER IH JH,2
T S HH,T W AA Z HH,1
L TH IY ER T UW K UH K W IH,L P IH,1
IH TH AW T SH UH G ER,IH NG,1
L AE F D AE,L EH S DH AE,1
AE N S AH N,AE N,1
IH NG IH F F AO R CH AH N S,IH K S,1
Z AH P AA,Z AA,1
T IH N G R IY S,T S,2
 DH AH SH, W IY SH,1
SH AH T ER K,SH AE L K,1
S AH,S DH AH,1
S AH,S T AH,1
S AH,S K AH,1
AH F AE,AH P AE,1
T OW P AH N,T IH M T AO R N,1
N IH NG P,N AH P,1
 T UW F ER DH ER HH IH Z P R EH S T IY ZH HH IY AH K EY ZH AH N AH L IY R IY D Z DH, DH,1
L AO R IH S K,L OY IY Z K,1
M N IY D AH D B L AE,M HH AE,1
AE K G L AH V,AE V,1
V Z T,V T,1
L AO R W,L AH W,1
L AO R W,L OW W,1
S DH AH K W EH S CH AH N F R AH M DH AH AE,S T AE,1
AE N S ER,AE B L IH SH T,1
AO R D AA R K S UW T IH N G R,AO R,1
R IY S IY W AA SH W,R W,1
 Y EH T, IH T,1
T W IY N,T N,1
ER F IY L AH N IY Z IY,ER,1
 HH IY D R OW V AH N, AA N,1
N D DH AH R OW D W AA B AH L D F AH M IH L Y ER S IY N,N N,1
N Z K R EH P T,N EY T,1
T P AE S,T IH V S,1
S T AA N,S AH N,1
N IY DH ER S AY D,N,1
Z F AO R F,Z F,1
UW K L IH R S L AH M Z AH N D HH EH L P K,UW K,1
Z F R AH M K IH D N AE P ER Z,Z G EH T DH EH R,1
 S T R AO HH AE T, W AH T,1
R AW T AH V F AE SH AH N DH IH S Y IH R,R AO NG,1
T UW K AH M,T M,1
M W EH N R AA JH ER,M AY D AO T ER,1
 SH IY HH AE D Y AO R D AA, W AA,1
AA R K S UW T IH,AA CH IH,2
SH N,SH T N,1
 HH, W EH N HH,1
 HH, IH F HH,1
 HH, IH T HH,1
 HH, W EH L HH,1
W AH N AA K L AH K P L EY,W EY,1
EY N,EY,1
 AE S K T W AY HH IY R IH P L AY D P R IH M L IY B IH K AO Z DH, DH,1
R AH JH,R JH,1
 K AA M B, AE L B,1
N AO L DH AH IH N G R IY D IY AH N T S,N OW S,1
S IH N AH L AA R JH B OW L,S K UW L,1
S IH N AH L AA R JH B OW L,S,1
DH AH P AA N D AH,DH AH,1
AH N D S,AH S,1
EH CH T DH AH S,EH JH UH L S,1
R EY G IY S,R EH NG K TH,1
R EY G IY S,R IH NG,1
 B EH G DH AE T G AA R D, D,1
D F AO R W AH N G AE L AH N,D AW N,1
AY DH IY Z SH UW Z DH AE N B IY OW V ER CH,AY CH,1
CH AA R JH D,CH OY S,1
 SH IY HH AE D Y AO, IH N T R AH S T IH NG AO,1
S IY W AA SH W AO T ER AO L Y IH,S IH,1
S IY W AA SH W AO T ER AO L Y IH,S P IH,1
IH R,IH NG,1
IH R,IH N,1
IH R,IH R OW Z Y UW R,1
AH T EY L HH IY TH AO,AH D AO,1
AO T W UH D B IH K AH M L EH S G,AO G,1
G EY,G,1
 W EH R OW N L IY W AH N K L AH B IH G Z IH S T AH D, D,1
D B IH,D IH,1
IH F AO,IH V AO,1
R HH IY S,R S,1
S EH Z,S IH Z,1
 N AW DH AH S K UW L W AA Z IH, IH,1
IH N D IY D B ER EH F T,IH T,1
 D IH S, EH K S,1
S T R OY,S P L OY,1
OY EH,OY T EH,1
AY L R IH L,AY L,1
L EY T IH D T UW M AY AA D AH T S,L,1
S AH Z AH B IH L AH T IY,S IY,1
IY T UW W ER K W IH TH AW T S,IY S,1
S UW P,S P,1
P ER V IH,P IH L D IH,1
IH ZH AH,IH N DH AH,1
AH N IH Z N,AH S N,1
OW T W ER DH IY,OW B AO R D,1
 W EH R W ER Y UW W AY, B AY,1
AY L W IY W ER AH,AY S IH K AH,1
AH W EY,AH L,1
IH D IY V AH L S,IH N S,1
W AA Z B EY,W IH DH F EY,1
S T AA N HH AY R AA R K,S B UH K,1
K IY Z,K,1
S UW,S T UW,1
UW T IH N,UW D AH N,1
T IY N,T AY N,1
UW IH,UW HH IH,1
IH T S R,IH Z R,1
AW D IH S,AW JH AH S,1
S AH P OY N,S T W AA N,1
T IH D,T AH D,1
T IH D,T,1
D DH AH HH,D T UW HH,1
OW L HH,OW HH,1
 DH EH R Z IH Z AH S AE K R AH F IH SH AH L L AY F B AY ER TH L IY S T AE N D ER D Z,,1
 DH AH K AE T, IH T,1
T S M IY AW AO,T AO,1
S M AY IH R Z,S,1
IH F W AA Z S UW DH D B AY DH AH L AH G ZH ER IY AH S M AH S AA ZH,IH T,1
IY IH N K AH M L,IY L,1
DH AH B,DH B,1
EY N M,EY M,1
M EY ER,M IY ER,1
Y AH NG S T ER Z L AH,Y OW Y AH,1
AH V K AA M AH,AH R Y AH,1
AH N K AE N D IY AE Z T R IY T S,AH NG,1
IY HH AE,IY DH AE,1
S UW T IH N G R IY S IY W,S OW D AH W,1
Z AE Z,Z HH IH Z,1
Z R,Z R EH D R,1
DH AH AY R,DH AE T W ER R,1
R AA N,R AH N,1
IH K F,IH NG F,1
T AH V AH,T AE T DH AH,1
 K AH V ER AH JH AH V P R AY, AY,1
AY M EH R IY L IH T ER AH CH ER W IH L F AA L OW,AY,1
 DH AE, AE,1
T AE D AH D T,T T,1
K M IY N Z R,K L AY T S R,1
R IY M Z AH V D AY M Z AH N D K,R EY T K,1
Z AE T T,Z T,1
L G,L D G,1
 D IH D, W UH D,1
N IY K AO R D ER OY OW,N OW,1
 DH AH G AH N M AH N K EH P T HH IH Z V IH K T AH M K AO R N ER D AE T G AH N P OY N T F AO R TH R IY AW ER Z,,1
 SH IY IH Z, P AA Z,1
IH N ER DH AE N AY AE M,IH V Z,1
Z AA R T R AA P IH K AH L R,Z R,1
R D AA R K S UW T IH N,R IY Z AH N,1
N G R IY S,N W AY S,1
W AH N,W AA N,1
N D ER D,N T AH D,1
D IH F IH T W AO,D M AO,1
IY AO R DH AH OW,IY OW,1
 HH IH Z D AA R K B R AW Z W IH CH HH AE D B IH N L OW ER D IH N AE NG G ER S, S,1
 T UW P, AY P,1
NG AW,NG D AW,1
AW T M OW,AW N L OW,1
OW D IH D,OW D,1
 AA R Y AO R G R, IH T W UH D R,1
EY D Z,EY Z,1
AY ER AO R L OW ER,AY ER,1
T W AA Z P,T P,1
AE F T,AE K T,1
Z M AO R AH N OY IH NG IY,Z IY,1
IY HH AE D Y,IY G EH T Y,1
IY HH AE D Y,IY G AA T Y,2
UW T IH N G R,UW R,2
T UW D,T AH D,1
EY T DH,EY DH,1
N M IY T SH,N SH,1
 OW L D P, P,1
ER AA R B Y UW T AH F AH L,ER,1
 DH AH M AO R N IH NG D UW AA N DH AH S, S,1
EH B,EH B HH AE Z B,1
 CH IY P, IH N SH EY P,1
T AE S K M IY T UW K,T W AA Z K,1
 M AY OW N IH, IH,1
N S HH AE Z F AA L OW D S,N S,1
S IH M P AH L ER L AY N Z,S,1
R HH ER G,R AH G,1
CH ER Z AH N D DH AH ER AY V AH L AH V HH ER M OW B AH L P AA R T N ER,CH ER,1
K AE N,K EH N,1
T AE N D,T EY T,1
L AA R AO,L AO,1
K M IY T UW K,K DH AH K,1
K M IY T UW K,K K,1
T IH Z DH AH AH B V ER,T AO F ER,1
ER S AH,ER Z AH,1
AH V T,AH T,1
IY SH AE,IY S AE,1
L OW N AH,L AH,1
AH S IH,AH D IH,1
IH M OW SH AH N,IH Z N,1
N AH L AE,N OW AE,1
ER AH S,ER S,1
 AE Z AH R UW L DH, DH,1
AH AO T IH S T IH K CH,AH CH,1
L D D,L D,1
D OW AH Z,D AE Z,1
Z N T EH N JH OY F,Z F,1
T B ER TH K,T K,1
 AH B, AY HH EY T B,1
L IH Z,L Z,1
Z AH S UH P ER B S L IY P IH NG P IH L,Z,1
SH IY HH AE D Y,SH UH R Y,1
SH IY HH AE D Y,SH EH R Y,1
IY W AA SH W,IY V Z W,1
 IH T W IH L HH AW EH V ER IH N HH IH B, B,1
B AH T DH AH S P R,B R,1
AW T IH NG AH V P,AW N P,1
OW K EY T EY K DH AH T R EY,OW,1
 AO R DH AH B EY AH V, W IY HH AE V,1
Z IH N HH IY T,Z,1
 HH UW AO TH ER AY Z, S IY Z,1
Z D DH AH AH,Z AH,1
N L IH M AH,N AH,1
AH T AH D IH K S P EH N S AH K AW N T,AH L,1
 T UW F ER DH, DH,1
DH ER HH IH Z P,DH AH P,1
 L AO R, AE Z F AA R,1
R IH S K,R AE Z K,1
M N IY D AH D B L,M L,1
L AE K,L AY K,1
K G L,K L,1
L AH V Z,L OW Z,1
AH AE N S ER,AH,1
IY AH V L,IY L,1
IY D F,IY F,1
Z Y UW D IH D W EH L IH N AH F,Z,1
L AH D AY M F R AH M AH B EH G ER,L,1
OY IH T W EH N AY AA D IH SH,OY DH AH SH,1
SH AH N,SH OW,1
 JH EH F TH AO, IH Z Y AO,1
AO T Y UW AA R,AO R,1
ER AH V AH S EH N T,ER IH T,1
T R AH F Y UW JH P ER CH AH S,T,1
L IY N D,L EY M D,1
 HH IY D, D,1
S ER K AH,S AO R T AH,1
AH L D,AH V AE D,1
ER TH AY,ER T AY,1
NG W IH DH IH T S AY S IY T EH N T AH K AH L Z,NG,1
 R AA B S AE T B AY DH AH P AA N D AH N, IH N,1
N D S K EH CH T DH,N DH,1
W AH N G AE L AH,W AH,1
AY T HH AE N D EY K S W EH N EH V ER DH AH B AE R AH M EH T,AY T,1
T R IH,T IH,1
IH K P R EH SH ER CH EY N JH AH Z,IH NG,1
 SH UH D DH AH AE K S, IH N S,1
L ER EY,L AH B R EY,1
NG G R OW TH AH V T EH K N AA L AH JH IY DH,NG DH,1
DH EH N W AO R N AH,DH AH,1
AH S,AH,1
AH S,AH F ER S,1
T V AY,T AY,1
AY AH L AH N S W,AY W,1
Z IH G Z AH L T AH N T L,Z P L,1
L IY IY,L IY,1
Z IY,Z D,1
DH EH R AA R M AO R AA B V IY AH S N IH M F OW M EY N IY AE K S AA N EH N IY P R AY V AH,DH AH,1
AH T AY S,AH S,1
 DH AH N IH, IH,1
IH R AH S T S IH N AH G AO G M EY N AA T B IY W IH DH IH N W AO K IH NG D IH S T AH N S,IH Z,1
 G R EH G B AY Z F R EH SH M IH L K IY CH W IY K D, D,1
EY M AO R N,EY W AH N,1
 K AE T AH S T R AA F IH, IH,1
IH K EH,IH L EH,1
K AH N AA M IH,K T R IH,1
K K AH T B AE K S N AH G L EH K T DH AH P UW R,K SH AW ER,1
 SH IY HH AE D Y AO R D AA R K, IH K,1
S UW T IH N G R IY S IY W AA SH W AO,S P L AO,1
AO T ER AO,AO R AO,1
 V EY P, HH AY P,1
EH TH AH D,EH N,1
 B AH T W, W,1
 P R AA JH EH K T D IH V EH L AH P M AH N, AY N,1
N T W AA Z P R AH S IY D IH NG T UW S L OW,N OW,1
 S ER V DH AH K OW L S L AA AE F T ER AY AE D DH AH OY L,,1
 DH AH OW EY S IH, AY K IH,1
IH S W AA,IH L D AH L AA,1
AA Z AH,AA T AH,1
 SH IY HH AE D Y AO R D AA R K S UW T IH N G R, DH AH V EH R,1
 L IH V IH NG IH, IH,1
N AH SH EH L T ER DH,N DH,1
DH AH R EY D IY OW AE K T IH V AH T IY AH,DH AH,1
AH V F,AH F,1
L AW T,L DH AE T,1
D AO N,D AH N,1
 DH AH K AA Z W EY EH N D AH D AH B R AH P T L IY AE T DH AH SH AO R, S OW,1
AH K L,AH L,1
IY N ER,IY D ER,1
 DH AH K AA R P AH T K L IY N ER Z SH AE M P UW D AW ER AO R IY EH N T AH L R AH G,,1
OY L IY R AE G L AY K DH AE T,OY IH NG,1
 R IH, IH,1
IH L IH JH AH N,IH CH IY N,1
K AH M Z,K AO Z,1
T AH G,T EH G,1
R EY T,R AH T,1
T AH D W IH DH L AY F,T IY,1
 DH AH F AA R M ER Z L AY F M AH S T B IY ER EY N JH D T UW M IY T DH AH D IH M AE N D Z AH V K, K,1
D IH N,D B AY N,1
N M AY,N AY,1
D ER AH N S,D Y UH R,1
D P,D DH AH P,1
Z IH N AH B IH G B AA N F AY ER,Z,1
 B AE, IH T HH AE,1
AE S K AH T,AE Z T,1
T B AO L K AE N B,T UW B,1
N EH N,N IH N,1
ER T EY N,ER N AE SH AH N,1
N IH NG S,N AH L S,1
 HH AH Z B AH N D R IY W, AY W,1
Z B AW,Z D AW,1
N D AH D B AY S,N T UW S,1
K R EY L F,K F,1
F EH N,F AE N,1
AH Z AH,AH M AH,1
D DH EH R,D IH R,1
 HH IY HH AE D F AA L AH N IH N T UW AH S AA F T JH AA, G AA,1
AA B AH N D,AA D,1
DH AH JH,DH AE T JH,1
 AA B JH EH K T S M EY D AH V P Y UW T ER AA R B Y UW T AH F AH L,,1
ER W EH B G L IH S,ER S,1
S AH N D,S P AY D,1
D IH N DH AH S AH N,D ER M AE N,1
AA K IH NG Z,AA Z,1
Z R AH N,Z ER AW N,1
 SH IY HH AE D Y AO R D AA R K S UW T IH N G R IY S IY W AA, AA,1
L HH IH,L DH IH,1
IH Z P,IH S P,1
EY Z N,EY S N,1
NG IH Z AE N AH N P,NG P,1
T W AH N F,T F,1
 B AH T DH AH SH IH, W ER G OW IH,1
IH P S,IH NG T UW S,1
S AA,S T AA,2
R V,R T V,1
OW N AW AH,OW AH,1
D W IY D,D D,1
T G EH,T K EH,1
EH T S OW M EH N IY S,EH R F AO R S,1
S T OW L,S AO L,1
L AH D AY M F R AH M AH B EH G,L G,1
 B IH F, F,1
T Y,T AH D Y,1
UW D IH,UW IH,1
S EH N T R AH F Y UW JH P,S P,1
N K L IY N,N W EY N,1
SH F AO R AH L,SH B OY L,1
K S UW,K UW,1
K S UW,K SH UW,1
UW T IH N G R IY,UW V IY,1
IY S IY W,IY K W,1
D AW T T,D HH IH M T,1
 HH IY N AA T OW N L IY N, IH N,1
N UW S OW L JH ER IH NG B AH T M,N M,1
 DH AH K L AH, IH T S AH,1
AH M Z IY K,AH K,1
K AH S T AH M ER S P IH L,K L,1
L D S,L AE S,1
P EH N S IH,P AE T R IH,1
IH V P,IH K P,1
 DH AH V Y UW P OY N T, IH T,1
T OW V ER L,T L,1
K T DH AH OW SH AH N,K S,1
Z AH P B,Z AW T B,1
R F R,R M IY R,1
R AO S,R AA S,1
IH D R AY D DH AH S AH,IH N F EH B Y AH,1
AH B W,AH W,1
W EY B AH T AY HH EY V AH N T IH N AH F CH EY N JH,W EH R IY,1
 G R AE N D M AH DH ER AW T G R UW HH ER AH P B R IH NG IH NG IH N, N,1
N P EH T IY K OW,N OW,1
AE S K M IY T UW K,AE Z K,1
IY AE N OY L IY R AE G L AY,IY D AH W EY B AY,1
AY K DH,AY DH,1
 W IY P R AH D UW S P IY N AH T OY L B AH T T UW AH M, M,1
ER IH K S T EH N,ER DH AE N,1
N T W,N W,1
 F AH, IH N DH AH,1
S F,S T F,1
F AH S OW L,F UH T B AO L,1
L D M AE N,L,1
DH AH M AH,DH AH,1
AH SH IY N EY,AH EY,1
SH AH L,SH L,1
L T,L IY T,1
F R,F AO R,1
R AH M K,R K,1
 W IH L, F AA L,1
L R,L OW R,1
 S T R AO HH AE T S AA R AW T AH V F AE SH AH N DH IH S Y IH R,,1
W EH N R,W IH DH R,1
UW TH F EH L,UW L,1
L AW,L AY V AW,1
 DH AE T, AY G AA T,1
 DH AE T, S T,1
T D,T AH D,1
M EY K S S,M AH S,1
N S OW N,N T AH N,1
N L IY AE F T ER M,N S M,1
AA SH W AO,AA CH M AO,1
AY Z DH,AY S DH,1
 IH T S AH S, S,1
N D R,N R,1
L F,L Z F,1
T AH N D W EH L M EY D,T,1
AE T S M IY AW AO L W EY Z HH ER T S M AY IH R Z,AE,1
 K L IH F W AA Z S, AY S AO S,1
S UW DH D B AY DH AH L AH G ZH ER IY AH,S AH,1
M AH S AA,M B AA,1
AA ZH,AA D IY,1
 IY CH, IH N EY N CH,1
M L IY IH N,M W EH N,1
N K AH M L,N Y UW L,1
N K AH M L,N D L,1
AO S K,AO N CH K,1
 JH EY N M EY ER N M, G UH D M,1
R M AH N,R N,1
N IY B AY W ER K IH,N IH,1
NG HH AA R D,NG,1
 Y AH NG S T, IH T,1
T ER Z L,T HH EH L,1
L AH V K AA M AH N K AE N D IY AE Z T R IY T S,L P S,1
HH ER,HH IY R,1
AO AH P EY L F EY S AE T AH,AO AH,1
IH N D,IH D,1
L AH DH ER G,L G,1
T AE T L,T AH N D L,1
AH V OW,AH M OW,1
S AH N D B L,S L,1
AW S AH Z,AW Z,1
Z,Z IY,1
 HH ER T EY L N, IH N,1
N OW L AO NG G ER L,N T EH L,1
L AE SH T,L,1
R Z S T IH L S,R S,1
AH L IH L,AH L,1
L N AH S,L,1
 B AH T IY V IH N M AH DH, DH,1
DH ER Z L AH V IH NG AE T AH,DH AH,1
AH T UW D W IH L N,AH N,1
N AA T AO L W EY Z,N OY Z,1
 AA R T AH F IH SH AH L IH N T EH L AH JH AH N S IH Z F AO R R IY L,,1
 DH AH S M AO L B, B,1
 OW N L IY DH AH M OW S T AH K AA M P L IH SH T AA R T IH, IH,1
IH S T S AH B T EY N,IH N,1
ER N AH,ER T AH,1
AH T IY,AH N L IY,1
AY M F AO R R IH K R IH M,AY M,1
M IH N EY SH AH N Z,M,1
 W EH L JH UW N Y ER D IH D N T HH IY IY T OW N L IY W AH N AH, AH,1
 W IH L R AA B AH N W EH R AH Y EH L OW L IH L IY,,1
 DH AH T UW TH F EH R IY F, F,1
K AH M,K AO L M,1
M W EH N R,M AY D R,1
R AA JH ER,R AY V ER,1
UW TH F,UW F,1
F EH L,F IH L,1
T D AY AH,T AH,1
AH G R AE M M EY K S S EH N,AH N,1
N S OW N L IY AE F T ER M AH CH S T AH D IY,N IH NG,1
 S AH B S T, IH T,1
T AH N S AH Z,T AO F ER Z,1
Z AO L K R IH S,Z S,1
T AH L,T OW L,1
L AY N,L AH N,1
 TH, AY TH,1
W AY Z,W AA Z,1
Z D AH P,Z,1
 HH AW K AH M Y, Y,1
AY D IH NG DH AH R AA D Z K IH D Z L AY K Y UW,AY T,1
Z S UW DH D B AY,Z V AY,1
AY DH AH L AH G ZH ER IY AH,AY T AH,1
AH S AA ZH,AH N Z,1
 Y AH NG S T ER Z L AH V K AA M AH N K AE N D IY, IH F SH IY,1
Z T R IY T S,Z CH IH P S,1
 SH IY HH AE D Y AO R D AA R K S UW, AY T UW,1
AH R IH V AY Z D P,AH P,1
Z AH K L,Z P L,1
EY M D,EY D,1
W AH N K UH D HH IY R AH,W AH,1
AH V EH R IY F EY N T,AH T,1
T L EY D IY L AY K S AY AH V R IH L IY F,T,1
L AH P,L B IY P,1
P R UW V AH L F,P ER F EH K T F,1
IY P R IH T IY IH N,IY AH N,1
 L AE F D AE N S AH N D S IH NG IH F F AO R CH AH N S M AY L Z AH P AA N Y UW, HH EY,1
IY T UW K,IY K,1
OY L,OY IH NG L,1
R AE G L AY,R AY,1
 V IH ZH W AH, AE K CH UW AH,1
L IY DH IY,L IY,1
IY Z AH P R,IY R,1
S AH M EY T AH D W AH T HH IY,S IY,1
NG W IH DH IH N HH,NG HH,1
ER DH OW Z Y IH R Z,ER,1
D W IH DH AE N AH P AA L AH JH IY,D,1
P G R EH G T,P T,1
T UW P IH K AH P EH K,T B R EY K,1
K AH V P AH T EY T OW Z,K,1
AH N IH N,AH N,1
N DH AH W ER,N ER,1
L D,L IY ER,1
UW Y,UW M Y,1
UW S DH AE T N UW T UW TH B R AH SH,UW Z IH K,1
 IH D R AY D DH AH S AH B W EY B AH T AY HH EY V AH N T IH N AH F CH EY N JH,,1
R UW HH,R OW HH,1
NG IH N,NG AH N,2
N P,N D P,3
D M IY T EH,D EH,1
 AH B UH L AH T SH IY AE N, IH N,1
ER D,ER EH N D,1
D,D ER,1
T L IY IH,T M EH R IH,1
 AE T T W AY L AY T AA N DH AH T W EH L F TH D EY W EH L HH AE V SH, SH,1
K S UW T IH N,K AH N,1
 P AA V ER T, IH T,1
T IY IH M P OW Z,T HH AE Z,1
AH Z AH K,AH S EY M K,1
CH AE S,CH EH S,1
T AH T IY,T UW B IY,1
IY AA N,IY AE N,1
N DH AH AE,N AE,1
N K AH,N DH AH,1
N K AH,N V AH,1
R IH B Y AH,R AE N Z AH,1
R N AA N,R IH N,1
N T R IH B Y AH T,N T,1
 DH AH V Y, Y,1
Y UW P OY N T OW V ER L UH K T DH AH OW SH AH N,Y AE,1
OW Z AH,OW S EH V AH,1
AH P B IH F,AH N T IY F,1
R AY D,R AE G D,1
 G R AE N D M AH DH ER AW T G R UW HH ER AH P B R IH NG IH NG IH N P EH T IY K, K,1
K OW T S,K EY S,1
 N AO R DH ER N ER Z IH, IH,1
IH N D AH L JH IH N AE,IH T S AE,1
 G AA T N OW B IH Z N AH S OW V ER HH IY R AA N AH S, S,1
T EH N IY W EY,T,1
R AH N IY V AH N L IY D,R D,1
L AW L,L AA T AH V L,1
EY HH IY R B AH T R,EY DH EH N R,1
EY HH IY R B AH T R,EY ER AW N D DH EH M R,1
S T R AA,S G AA,1
AA F IH K EH K AH N AA M IH K K AH,AA T AH,1
AH T B,AH B,1
B AE K S N AH G,B IY G,1
G L EH K T DH AH P UW R,G OW IH NG,1
 W AH N, IH N,1
N L UH K T D AW N AA N AH S IY,N R IY,1
IY AH,IY AE L AH,1
AH V L IY,AH T IY,1
IY V Z AH,IY DH AH,1
 DH AH M EH, EH,1
B AA D,B AH D,1
IY D G ER L L EY N IH R HH IH M,IY,1
 R AA B S AE T B AY DH AH P AA N D AH N D S K EH CH T DH AH S T R EY G IY S, IH Z,1
IH D R AE DH,IH N DH AH AH DH,1
N AA T,N AY N T,1
T B AY,T IY F AY,1
AY DH IY Z SH,AY V SH,1
Z DH AE N B IY,Z M IY,1
IY OW V ER CH AA R JH D,IY T Y UW,1
 HH ER R AY T HH AE N D EY K, IH K,1
S W EH N EH V ER DH AH B AE R AH M EH T R IH K P R EH SH ER CH,S CH,1
 AO, AY K AO,1
L N AH T,L DH AE T,1
K ER N,K AY N,1
N AH,N D AH,1
N AH,N IH T DH AH,1
N AH,N DH AH,1
AH L Z AA R R IH,AH V ER IH,1
IH CH IH N,IH JH AH N,1
N P R OW T IY N,N AH L,1
 IH T IH Z N AA T AH P L EH Z AH N T AO R IY Z IY P, P,1
N B AH T W,N W,1
D EH V,D IY AH V,1
V ER D,V OW Y AH R D,1
L AH V,L IY V,1
V IY Y UW M EY K M IY F IY L N EY K AH D,V AY,1
AH M S,AH S,1
AH M S,AH V S,1
R K AE N AO F AH,R AH,1
N B IY F L IH M Z IY,N,1
IY Y UW S F AH L IH N,IY N,1
S IY AE T AH L,S,1
D R,D S T R,1
AY V IH,AY K IH,1
AY V IH,AY T IH,1
NG L EH S AH N Z AA,NG D AA,1
 P AA M OY L P R AH T EH K T S DH, W IH DH DH,1
S ER F AH S AH Z AH V S T IY L SH IY T S B,S N OW B,1
B IH F AO,B AO,1
 HH IH Z IH L EH K SH AH N AA N DH AH AH DH ER HH AE N D W UH D AH N K W EH S CH AH N AH B L IY S, S,1
D AY,D T AY,1
AY M F R AH M,AY M,1
M AH B EH G ER,M,1
 DH EY EH N JH OY IH, IH,1
W EH,W AA Z V EH,1
EH N,EH R IY AH N,1
N AY AA D IH SH AH,N Y UW ZH UW AH,1
 JH EH F TH AO T Y UW AA R G, G,1
G Y UW D IH N F EY V ER AH V AH S EH N T R AH F Y UW JH P ER CH AH S,G AY Z,1
N K L IY,N G R IY,1
N Z SH,N SH,1
IH N G,IH NG G,1
 F AO R W AH N S R AE D IH K AH L IH Z AH M W AA Z AH R EH K AH M AH N D, D,1
EY SH AH N,EY V,1
IY W IH DH N OW V AY,IY Z L AY,1
 HH IH S, AY N OW S,1
IY AH N Z,IY Z,1
Z HH AE V,Z AH V,1
V HH AE D T UW R,V R,1
AH V JH EH N AH F AH R Z B Y UW G AH L S,AH D S,1
 DH AH F AA G P R IH V EH N T IH D DH EH M, AE M,1
M F R,M R,1
NG AA N T AY M,NG,1
 D AE F N Z S W IY D IH SH N IY D AH L P OY N T S, S,1
R F M AE CH T,R Z T,1
 IY V IH, IH,1
IH N AH S IH M P AH L V OW K AE,IH Z DH AE,1
AE B Y AH L EH R IY K AH N T,AE T,1
T EY N Z S,T S,1
S IH M B AH L Z,S OW,1
 SH IY HH AE D Y AO R D AA R K S UW T IH N G R IY S IY W AA SH W AO T ER AO L Y, DH AH Y,1
 SH IY HH AE D Y AO R D AA R K S UW T IH N G R IY S IY W AA SH W AO T ER AO L Y, Y,1
 AO SH, SH,1
P HH IY S EH D,P,1
 AH P R AH F EH SH AH N DH AE T B R AO T, IH T,1
T M IY AE Z G UH D AE N IH N K AH M AE Z M AY N W,T W,1
N IH NG AO,N AO,1
IY TH M EY T EY K AH Y IH R AO,IY EH S AO,1
 DH AH F IH SH, AE Z SH,1
SH B,SH IY B,1
UW L IY P F,UW F,1
Z P IH L G R AH M Z,Z N UW Z,1
IY Y UW N OW,IY,1
M P S DH AH,M Z AH,1
AH P,AH N D P,1
T DH AH CH,T IH N G IH V IH NG CH,1
D AA R D,D AW ER D,1
S K W OW,S S P OW,1
OW T W,OW K W,1
P G R,P T B R,1
R EH G T UW P IH,R IH,1
IH K AH P EH K AH V P,IH NG P,1
 DH EY OW N AH B IH G HH AW S IH N DH AH R IH M OW T K, K,1
R D,R IY D,1
 D AA N T AE S K M IY T UW K, K,1
 M IY T S DH, DH,1
DH AH R EY D IY EY SH AH N P R AA S EH S IH NG AH,DH AH,1
AH V M,AH M,1
 B AY, M AY,1
AY DH AE,AY D AE,1
AE T W AH N F,AE D F,1
DH AE T M AE,DH AE,1
AE G N EH T,AE T,1
T IH K F,T F,1
R S,R AH S,1
S IH Z AA,S T S AA,1
 AA R Y AO R G R EY D Z HH AY ER AO R L, IH L,1
L OW ER DH AE N N,L AH N,1
N AE N S AH Z,N OY,1
 P R AA JH EH K T D IH V EH L AH P M AH N T W AA Z P R AH S IY D IH NG T UW S L OW L IY,,1
V DH,V D W IH DH,1
DH AH K,DH K,1
EY S IH S,EY JH AH Z F AO R S,1
S W AA Z AH,S AH,1
ER AA ZH,ER,1
 DH AE T N OY Z P R AA B L AH M G R OW Z M AO R AH N OY IH NG IY, IY,1
 S AH L EH K T AH D B IH, IH,1
IH B L IY AA G R AH F IY Z AH N,IH N,1
N D T EY B AH L Z AH V,N V,1
AH V EY L,AH L,1
AH B AH L D,AH D D,1
M IH NG HH IY T,M AH N D G EH T T,1
OW AO F,OW AA N,1
Z HH IH,Z DH IH,1
IH Z IH L UW ZH AH N Z,IH S,1
L AE N AE,L IH T AE,1
L W EH,L EH,1
N Y UW AO L W,N IY W,1
Z Y UW S M AY N,Z,1
 AH B AO R IH NG N AA V AH L IH, DH IH,1
IH Z AH S UH P ER B S,IH S,1
L UW M,L IH M,1
EY T UW L ER N IH Z T,EY T,2
 SH IY W AO, M AO,1
M F L IY S,M S,1
IY W UH L,IY B L,1
L AH N OW,L OW IH NG OW,1
L AH N OW,L IY OW,1
M DH AH B L IY CH ER Z,M,1
M DH AH B L IY CH ER Z,M EY T R IH K S,1
R K S UW T IH N G,R M AH L G,1
UW K AE R IY AE N,UW N AA T OW N,1
EH S W AH T S,EH S,1
S OW EH V ER,S,1
 AE Z S AH, DH AH,1
AH CH IH T W AA Z B IH AA,AH D AA,1
N D P AA L AH T,N T,1
T IH K S AH N D HH AE D N OW N,T N,1
 AE G R AH K AH L CH ER AH L P R AA D AH K T S AA R AH N IY V AH N L IY D IH S T R IH B Y, Y,1
Y AH T AH D,Y AE,1
L AW L IY W,L DH AH W,1
Z AO L EH,Z DH EH,1
DH AH N,DH EH N,1
N IH R,N DH EH R,1
R AH S T S,R S,1
Z F,Z F R EH SH F,1
IH L K IY,IH N IY,1
 K AE T AH S T R AA F, F,1
F IH K EH K AH N AA M IH K K AH T B AE K S N AH G L EH K T DH AH P UW R,F AO R,1
 F AO R, AY P R,1
R AE N IH,R AH F ER IH,1
IH N S T AH N,IH Z N,1
DH AH OW,DH AE T OW,1
D AE N,D AH N,1
SH TH,SH T TH,1
 EY M T, AY T,1
T P AE K AH JH,T,1
R K AH N V IY,R G OW IH NG T UW B IY,1
IY N Y AH N T,IY L EY T,1
R AH K W IH K L,R L,1
 D R AA P F, F,1
R M Z,R W ER D Z,1
Z IH N DH AH B AA K S B IH F,Z F,1
R Y UW G OW AW T,R DH AH W ER L D,1
F AH N IH,F ER IH,1
IH K S K L UW D AH D,IH NG,1
 DH EH R W ER K M IH R ER Z DH AH M EH N T AE L AH T IY AH V DH AH S AY K OW P AE TH R, R,1
V OW K T T,V AA L V D T,1
L IY Z D,L D,1
D IH G M AY P AH T,D AA N T,1
T EY T OW Z AH,T HH AE V DH AH,1
P B IH F,P L EY F,1
 IH D R, AY R,1
T AE S K M IY T UW,T D UW,1
UW K AE R IY AE N OY L IY R AE G L AY K DH,UW DH,1
D K OW,D T OW,1
OW T S R,OW D Z R,1
 DH AH S IH, IH,1
ER D AH N D V,ER V,1
Z CH,Z HH AE V CH,1
AH P IH,AH K L IH,1
V JH EH N AH,V DH AH,1
F AH R Z B,F ER S T B,1
 HH AY W EY AH N D F R IY W EY M IY N DH AH S EY M TH IH NG,,2
G R IY S IY W AA SH W AO T ER AO L Y IH R,G Z,1
 DH AH IH, IH,1
T IH NG K T T UW D IH S AH P L AH,T R AH,1
AH N HH AE Z B IH N L AO S,AH S,1
 AH N AA N K AH, W AH,1
T R IH B Y AH T AO R IY P L AE N Y UW ZH AH W AH,T S DH AH,1
AH L IY W OW N T P,AH P,1
AO F F,AO F,1
F AO R DH AH W,F W,1
 DH AH B AH NG G AH L OW W AA Z P L EH Z AH N T L IY S, S,1
D N IH R DH AH SH AO R,D W EH R,1
SH AH B,SH IH B,1
UW HH IH M,UW,1
T DH AH G L AO,T S K AO,1
R IY Z,R IH Z,1
Z AH V B,Z N T B,1
 AH DH ER W AY Z Y UW M EY B IY S AE D AH L D W IH DH, DH,1
AH G UH D S AY Z M,AH M,1
 L AE F D AE N S AH N D S IH NG IH F F AO R CH AH N S M AY L Z AH, AH,1
M S,M Z S,1
S AE,S T AE,1
AE P AH,AE B L AH,1
AH T,AH T T,1
AY Z,AY M Z,1
Z ER Z,Z IH K S AY T IH NG,1
 AH N F AO R CH AH N AH T L IY DH EH R IH Z S T IH L L IH T AH L D IH M AE N D F AO R B R AA K AH L IY AH, AH,1
AH N D K,AH K,1
 DH AE T S W EH R D IH V AY S K W AE K ER IY K AE, Y AE,1
AE N L EH D,AE,1
ER IY AH Z AA R K AH N V IY,ER IY,1
IY N Y AH,IY AH,2
AH N T F,AH F,1
 P UH T DH AH B, B,1
Z IH N DH AH B,Z B,1
S B IH F AO R Y UW G OW AW T,S,1
 HH ER W AO R D R OW B K AH, DH AH,1
AH V OW N L,AH M AH L,1
L IY S K ER,L AW Z D IH V ER,1
ER T S,ER S,1
AH N D B L AW S AH Z,AH T IY,1
 EH L, IH L,1
L D ER L IY P,L JH AH S T R IH P,1
IY P AH L AA R AO,IY T DH AE T AO,1
N IH K S K L UW D AH D,N,1
Z HH AE,Z AE,1
V EH K S T R AH,V DH AH,1
 SH IY W AO R W, IH T W,1
W AO R M F L IY S,W AA Z B EY S,1
S IY W UH L,S IH K L,1
ER AO L Z,ER,1
 R AE L F K AH N T R OW L D DH AH S, AY S,1
P W,P T W,1
CH F R AH M DH AH B L IY CH ER Z,CH IH NG,1
M P ER HH AE P S S,M S,1
 DH IH S T R AE JH IH K L AE D HH AE D F AO R JH D HH IH, IH,1
IH Z OW N SH AE K AH L Z,IH Z,1
IY AH L OW K EY SH AH,IY AH,1
S K AH N,S L IY N,1
N V IY,N IY,1
S AW N D,S K EH R D,1
AH V JH EH N,AH K IH D Z AA N,1
AH F AH R Z,AH S IY Z,1
Z B Y UW G AH,Z AH N AH,1
L S K EH R D,L D,1
D DH AH,D IH F ER AH,1
N T AH L OW P,N S,1
N G R IY S IY,N AH L IY,1
K M IY SH,K W AH T SH,1
EH D AH N D,EH D,1
Z D AY,Z T AY,1
AY S,AY M Z,1
 HH AW G UH D IH, IH,1
IH Z Y AO R,IH N R,1
R EH N D ER AH N S,R AY T,1
 IH F P IY P AH L W, W,1
W ER M AO R JH EH N ER AH S DH EH R W UH D B IY N OW N IY D F AO R W EH L F EH R,W AA Z,1
B ER N D P EY P ER,B ER,1
AH N D L,AH L,1
Z IH N AH B IH G B,Z B,1
L K AE N B,L T UW B,1
P AO R T,P OY L DH AH M UW D,1
N T AE S,N S,1
S K M IY T UW K AE R IY AE N OY L IY R AE G L AY K DH AE T,S ER,1
OW B,OW P R AA B,1
B OW N Z AH,B L AH,1
AH N D SH,AH M W IH DH SH,1
W AE M,W IH M,1
 M IH L K P, N OW P,1
DH IH S,DH AH S,1
S D R,S T R,1
R AH G,R OW K,1
F D IH V AO R S T HH IH M,F,1
 DH AH EH M B L AH M D IH P IH K T S DH, DH,1
IH L AH T,IH T,1
T EH R IY P ER S AH N EH L AA,T W AA,1
AA R IH,AA Z IH,1
UW OW B EY G AH,UW K AH,1
V ER M AH N T AO R D ER,V ER,1
ER Z,ER,1
OW HH AE V HH ER ER,OW AO R ER,2
L T AE Z IH F IH T,L T,1
T W ER B,T B,1
 DH AH R AH S L IH NG P R AA B L AH M W AA Z B AY N OW M IY N Z S AA L V D,,1
 M AY D AE D D IH D IH T AH N D HH IY L AY V D T UW AH G R EY T EY JH,,1
 S EY L Z M AH N SH IH, IH,1
IH P IH Z,IH T W AA Z,1
DH AH EH M B L AH,DH AH,1
P IH K T S DH AH AH K R,P R,1
R AA P,R OW P,1
P AH L,P OW L,1
AH G L OW,AH T AY M,1
R IH K S P EH K T AH D T UW OW,R OW,1
EY G AH V ER M AH N T AO,EY AO,1
 OW N L, W EH L,1
L IY L,L M AY L,1
IH F K,IH Z K,1
 HH IH, IH,1
IH Z SH,IH F Y AO R SH,1
B R,B AO R,1
R OW K AH N,R D,1
 Y ER AH, DH AH,1
AH TH EY N F OW M AE Z AE N IH N S,AH EH S,1
OW K AH M IH NG IH N F AO R AH,OW AH,1
 AH B AH, AY L AH,1
V HH IH M S L IH D DH,V DH,1
DH AH IH V EY Z IH V SH,DH AE T SH,1
SH AE D OW,SH OW,1
OW AH V AH S T AO R M K L AW D,OW,1
D IH N S AH P L AH M AH N T S,D,1
S F AO,S AO,1
S IH S T AH N S,S K UW L,1
M AE Z,M IH Z,1
Y UW AO,Y AW V AO,1
 P L AE N D P EH R AH N T HH UH D AO R G AH N AH Z EY SH AH N Z P R AH M OW T B ER TH K AH, DH AH,1
AH N T R OW L,AH,1
IH N R,IH NG R,1
AH N R IH Z AY D Z IH N,AH N,1
N DH AH M,N M,1
 DH EY HH AE D S, IH T S S,1
P T DH,P DH,1
R TH AY Z,R DH OW,1
R F AO,R HH AO,1
S IH Z,S AH Z,1
T DH AE N IH,T IH,1
 D IH S T R OY EH V ER IY F AY L R IH L EY T IH D T UW M, M,1
AY AA D AH T,AY AE N T,1
K W IH TH AW,K AW,1
T S UW P ER V IH ZH AH N IH,T IH,1
ER DH,ER IH N DH,1
 W EH R W, AY W,1
ER Y UW W,ER IY W,1
N HH,N DH AH HH,1
IY S W AH NG IH N TH,IY Z TH,1
UW HH IH Z OW N W AY D G EY T W EY,UW,1
 N OW W AH N M AH T IH R IY AH L IH Z, AE Z,1
Z B EH S,Z S,1
S T F AO R,S ER CH AA R,1
R AO L S IH CH UW EY SH AH N Z,R JH,1
 R AE L F K AH N T R OW L D DH AH S T, IH T,1
T AA P W,T W,1
AA CH F R AH,AA Z DH AH,1
IY IH N F,IY F,1
CH G AA,CH AH K AA,1
AW T AA N DH IH S P ER M IH T,AW T,1
T D IY L,T,1
L B OY P UH T DH AH,L W AH,1
AH W ER M AA N,AH N,1
 EY T F, IH F,1
F IY L D G,F G,1
D IH N P AH Z IH SH AH N,D,1
 HH IY R AH B D HH IH Z AY Z S L IY P AH L IY W IH DH W AH N HH Y UW JH P AO,,1
 AH S EH K AH N D T W IH CH T HH IH Z SH ER T S L IY V AH N D HH IY F, AY F,1
AH B R IY F B,AH B,1
L AA N DH AH S T IY,L SH IY,1
IY P S,IY S,1
OW P,OW K T,1
 AH L UW M AH, W AH,1
S IH L V,S EH V,1
V ER W,V R AH L W,1
W EH R K,W ER K,1
K AE N AO,K IH NG AO,1
AO F AH N B IY F,AO F,1
 Y AH NG CH IH L D R, K R,1
R AH N SH UH D AH V OY D IH K S P OW ZH ER T UW,R UW,1
UW K AH N T EY JH AH S D IH,UW Z IH,1
IH Z IY Z AH Z,IH Z,1
W EH DH ER,W AO T ER,1
EY N HH UW K AE N,EY N,1
L AH V DH,L DH,1
P T UW T,P T,1
N AW ER F EH R,N Y AO R,1
 IH T S HH EH L TH IY ER T UW K UH K W IH TH AW T SH UH G ER, DH AH,1
G EH T S V EH R,G AA R,1
R IY P,R P,1
N AO T AH,N AA N AH,1
M,M AH S,1
K S AE P AH T,K IH T,1
T AY Z ER Z,T,1
IY D K,IY K,1
AA N IH K,AA R T AH D K,1
K IH L,K AH L,1
T R AA N IH,T IH,1
IH K G AE L V AE N IH K AO,IH NG AO,1
L B L,L P L,1
L AE NG K,L EY ER Z,1
 HH IY L Z P L EY S EH M F AH S AH S AA N DH AH L AO NG L EH G AH D S, S,1
 DH OW Z M Y UW Z IH SH AH, S AH,1
AH N Z HH AA R,AH P AO R,1
R M AH N AY Z M AA R V AH L,R T P L,1
L AH S L IY,L EY ER Z,1
L IY Z T,L AE T,1
T EY K DH IH S,T L IY S,1
S D ER T IY T EY B AH L K L AO TH T,S T,1
T UW DH,T DH,1
AH K L IY N ER Z F AO R M IY,AH,1
 DH AH K AA, HH AA,1
R P AH T,R T,1
T K L IY N ER Z SH AE M P UW D AW ER AO R,T B R,1
R IY EH N T AH L R AH G,R EY K IH NG,1
