D Y AO R D,D HH ER D,22
D Y AO R D,D DH AH D,7
D Y AO R D,D AH D,12
D Y AO R D,D D,2
D Y AO R D,D T UW AH D,3
D Y AO R D,D N OW D,2
D Y AO R D,D T AY ER D D,1
D Y AO R D,D T UW D,3
S IY,S HH IY,10
AA SH W,AA CH T W,2
AA SH W,AA Z W,12
AA SH W,AA CH W,14
AA SH W,AA TH W,2
AA SH W,AA S T W,7
DH IH S,DH AH S,3
S D AY,S K AY,1
AY V S,AY Z S,1
T S ER,T ER,2
T S ER,T R EH ZH ER,1
ER IY AH Z AA R K AH,ER S AH,1
N V IY N Y AH N,N EH N,1
 P UH T, W AH T,1
 P UH T, B AH T,5
 D R, B R,1
R AA P F,R AO T F,1
S UW T,S UH T,3
S UW T,S T,3
S UW T,S IH T,1
S UW T,S EH P ER EY T,1
S UW T,S EH T,3
T IH N,T AH N,104
T IH N,T EH N,1
N G,N D G,103
N G,N EH G,1
S IY W,S W,19
S IY W,S IH NG W,10
S IY W,S AH N T W,1
S IY W,S B AH CH W,1
S IY W,S DH AH W,1
S IY W,S OW W,1
S K IY Y AH NG M AE N,S AA N,1
M AA K D,M AH CH D,1
 AA HH AA, AA,1
D AH V,D IH V,1
S IY AE,S AE,1
S T EH K N IH K,S DH AH M AE K,1
K AH,K Y AH,1
L IH F IH SH,L EY SH,1
N S IY IH,N Z IH,1
AH V P,AH P,3
P Y UW T ER AA R,P IH R,1
R B,R AH B,1
B G L,B L,1
M TH EY R,M DH EH R,6
CH AA R L IY Z D ER,CH EH S T ER,1
ER T IY D,ER D,1
 K AE, AE,1
 K AE, HH AE,1
AE L S IY AH M M,AE Z M,1
IY V AA,IY AA,1
M AH N,M AA N,1
M AH N,M IH N,1
S ER AE M,S EH M,1
M IH K,M IY S ER K,1
K M AA D AH,K AH,1
AH L IH NG K L,AH L,1
L EY R,L R,1
L Z,L,14
T IH S,T AH S,2
T S AH,T AH,5
L L EY K,L W AY T,1
Y IH R,Y UW,4
Y IH R,Y AO R,2
L IY R,L R,34
L IY R,L Y AO R,1
L IY R,L AY R,4
L IY R,L AH R,3
L IY R,L DH AH R,3
L IY R,L D R,2
L IY R,L IH N R,1
AE G L,AE D L,1
AE G L,AE T L,2
L AY K DH AE T,L AH T,1
L AY K DH AE T,L IY AH N,1
L AY K DH AE T,L Y AH,1
S AH NG,S AO NG,1
K AH N,K IH N,1
 DH AH K, HH IY K,1
 DH AH K, K,4
K AE T,K AH T,1
K AE T,K T,1
AW AO,AW T AO,1
AY IH R Z,AY T,1
 K L IH F W, HH IY W,2
 K L IH F W, AY W,1
M AH S,M EH S,5
M AH S,M IH S,1
S AA ZH,S AH JH,5
S AA ZH,S AY D,1
S K,S T K,7
IY AE Z,IY Z,3
R AE G L,R EY JH L,1
R AE G L,R AH K AH L,6
R AE G L,R L,4
R AE G L,R IH L,1
R AE G L,R EY L,1
R AE G L,R AY T L,1
R AE G L,R AA K L,1
R AE G L,R EH D L,1
IY HH AE Z,IY IH Z,1
F D AH N,F B IH N,1
 B IY IH, DH AH IH,1
D AA N T AY D EH N T AH F AY Y ER S,D IY IH R S,1
F,F S,1
K OW AH,K AH,1
S AY D,S IH D,1
D AH D W IH,D ER IH,1
IH DH M,IH TH M,1
ER Z B IY IH NG AE T HH OW M,ER,1
AH B AH NG G AH L,AH F EH L,1
Z P L,Z K L,1
L EH Z AH N T L,L OW S L,1
D N,D AA N,1
N IH R DH,N DH,1
IH G G OW T,IH T,1
AY D L,AY OW N L,1
IY AE M B,IY EY B,1
L D TH R UW,L T UW,1
S AH Z S,S S,2
S AH Z S,S IH NG S,1
R EH NG K TH,R AE TH,1
M ER AE K Y AH L,M IH G L,1
L AH S L IY,L OW,1
W EH L,W IH L,6
V SH AH B L IY,V S EY,1
T IH N G,T AH G,2
T IH N G,T G,2
T IH N G,T AH D G,1
T IH N G,T AE NG G,1
T IH N G,T AH V G,1
IY IH Z,IY AE Z,1
D EH N,D AH N,1
D EH N,D AE N,1
D AH S,D S,1
F L,F UH L,1
W UH L AH,W IH M AH,1
L D DH,L DH,1
R AH P,R P,3
R AH P,R IH P,1
P R AH S,P ER S,4
AY ER,AY,2
AY CH AA R,AY K AE R,1
R JH,R IH JH,1
IY AE N OY L IY R,IY AH AO R,4
IY AE N OY L IY R,IY IH T AH R,1
IY AE N OY L IY R,IY IH T EH R,1
L AY K DH,L DH,10
L AY K DH,L IY DH,2
S AH,S DH AH,2
S AH,S T AH,1
S AH,S AY AH,1
L IH T,L EY T,1
W UH D JH EH,W IH CH EH,1
T AH L HH ER,T ER,1
 B R, R,1
OY L,OY AH L,2
M D IH P IH,M T UW F IH,1
M D IH P IH,M AE T IH,1
K T S,K S,2
L AA R,L AO R,2
 IH F K, K,1
 IH F K, AH K,1
 IH F K, DH AH K,1
 IH F K, AY K,1
T AH M,T UW M,7
V HH ER ER,V ER,4
JH F,JH D F,5
NG AE T,NG IH T,2
 HH IH, IH,2
 HH IH, F IH,1
IH Z SH,IH T SH,1
AA R K,AA K,1
K S UW T,K T,1
K S UW T,K ER T,1
T IH N G R IY S IY W AA SH W AO T,T ER AH T,1
T ER AO,T AH V AO,1
T ER AO,T AH R AO,8
T ER AO,T AO,2
L Y IH R,L HH ER,13
L Y IH R,L IY R,1
L Y IH R,L,2
IY AE N OY L,IY IH NG AO L,1
IY AE N OY L,IY AH L,1
IY AE N OY L,IY IH T ER L,1
IY AE N OY L,IY AH AA L,1
IY AE N OY L,IY AO L,1
IY AE N OY L,IY IH NG OW L,1
IY AE N OY L,IY IH T AO L,4
IY AE N OY L,IY AH AH L,1
IY R AE G,IY G,2
G L,G AH L,2
G L,G EY L,1
W IH DH IH N,W EH N,1
M W ER K HH IY AH L AW D,M D,1
R AE Z M,R M,1
F L EH K S AH,F Y UW T AH,1
AH B IH L,AH L,1
L AH T IY AE,L AE,1
N AE Z S,N AH N D S,1
S UW N AE Z W,S OW W,1
 IH F N EH S AH S EH R IY T UW R IY P, AY P,1
S B OW TH HH AE V Z AA N G R IH L S,S AH S,1
S IH R K,S ER K,1
AH T S,AH S,1
T EH K S T,T AE F T,1
T R AH T,T ER T,1
IY S T,IY T,1
L AH,L D DH AH,1
L AH,L IH T IH R AH,1
AH D AY,AH T AY,1
 B IH F, F,2
R TH ER Z D EY Z IH,R DH IH S IH,1
M R IY V Y UW EH V ER IY F,M B IH F,1
R M Y AH L AH,R,1
AY AA D,AY AH D,4
AY AA D,AY AO D,4
 JH EH, EH,1
F TH AO T,F ER T,1
F TH AO T,F T,1
R G Y UW D IH,R IH,1
N T R AH,N AH,1
AH F Y UW JH P,AH T P,1
 JH AA N, OW N,1
N K L,N L,1
N K L,N P L,1
IY N Z SH,IY SH,1
L F IH SH F AO R AH L,L T ER L,1
 SH IY HH, HH,1
 SH IY HH, Y UW HH,1
T IH N G R,T R,1
T IH N G R,T EH R,1
T IH N G R,T UW R,1
R IY S IY W AA SH W AO,R EH CH F AO,1
AO T ER AO,AO R AO,1
N OY L IY R,N AO R,4
N OY L IY R,N OW T R,2
N OY L IY R,N EH R,2
N OY L IY R,N AO R D ER B R,1
N OY L IY R,N AE R,1
N OY L IY R,N IH R,1
N OY L IY R,N AH AA R,1
N OY L IY R,N TH R,1
N OY L IY R,N AO R D ER DH AH R,1
 Y UW T, HH IY T,1
DH EH R W,DH AH W,1
DH EH R W,DH OW W,1
AH AY D IY AH AH V AH S,AH AW T S,1
EH N T,EH T,1
T R AH L T AE NG,T IH NG,1
NG K W IH,NG R IH,1
IH DH L,IH L,1
AY N Z,AY Z,1
Z T UW IY,Z IY,1
CH HH AW S,CH AH S,1
IH Z N AA T IH N IH T,IH S T,1
T S EH L F AH,T AH,1
N AA V AH L T,N T,1
T IY,T,1
F AY L,F L,1
F AY L,F AW L,1
L R IH,L AW ER IH,1
IH L EY T IH,IH N IH,1
IH D T,IH T,1
T UW M,T M,1
T UW M,T IH NG M,1
T UW M,T AH M,1
D AH T,D IH T,4
T S,T,4
T S,T UW S,1
T S,T AH N D S,1
T S,T S S,1
AE L AH S AH Z,AE Z,1
Z N,Z D AA N,1
Z N,Z IH N,1
N OW T,N T,1
N OW T,N AA T,4
ER DH IY,ER IY,1
 B AA B P, P,5
 B AA B P, AH P,2
ER D OW,ER OW,6
NG R,NG F R,1
R UW M,R AH M,1
M M Y UH R,M HH IH R,1
R AH L Z,R OW Z,1
R AH L Z,R AA N,1
R AH L Z,R,1
 M IH D IY V AH L S, AY S,1
W AO T ER,W ER,2
ER AO,ER D AO,2
F L UW,F UW,1
UW S OW L,UW L,1
L AY T L,L IH SH L,1
 AA B JH EH K T S M, AY M,1
P Y UW T,P IY T,3
P Y UW T,P EH T,1
AA R B,AA B,1
B Y UW T AH F AH,B AH,1
P AY D ER W EH B G,P IH T G,1
 CH IY P S, DH AH S,1
Z R AH N,Z AA N,1
R W AO R N,R AA N,1
L IY Z,L Z,3
 K AE L, EH L,1
IY AH M M,IY M,1
TH S,TH AH N D S,1
 SH IY, HH IY,4
N G R,N K R,11
N G R,N D R,2
N G R,N R,1
N G R,N D K R,1
N G R,N EH R,1
ER AO L Y IH R,ER EY JH,1
ER AO L Y IH R,ER,1
 D AA N T AE, AE,7
ER R,ER EH R,1
R IH M,R IY M,1
R IH M,R AH M,1
R IH M,R AE M,1
M EY N,M AE N,1
M EY N,M AY T N,2
N D AA,N AA,1
AA G,AA R G,1
G M,G Y AH M,1
M EH N,M AH N,1
AH D,AH N D,1
B UH K S AA R F AO R SH N UH,B UH,1
 AH M, DH EY M,1
 AH M, M,1
 AH M, AY M,2
S K Y AH L ER AE B D OW,S T G OW,1
OW M AH,OW AH,1
AH N,AH P T IY N,1
AH N,AH K EY N,1
AH N,AH N D N,1
AH N,AH T N,1
N IH Z G UH D,N EY JH D,1
EY EH N,EY IH N,3
N D AH D AH,N T UW DH AH,2
AH B R,AH R,2
AH B R,AH P R,1
P T L,P L,1
L IY AE T DH,L AY AH N D DH,1
K AA R P,K AH M P,1
P AH,P EH T AH,1
P AH,P Y AH,1
T K L IY N ER,T ER,1
Z SH AE,Z CH AE,1
P UW D AW ER AO R IY,P IY,1
P UW D AW ER AO R IY,P AA L IY,1
IY EH N,IY AH N,2
N T AH,N AH,5
AH L R,AH T R,1
AH L R,AH R,2
 AH N D P, P,1
F HH AW,F,1
K T S DH,K DH,3
L AH V M,L EH F T M,1
N EH R Z,N Z,1
OW HH AE V,OW EH V,1
OW HH AE V,OW IY V,1
V HH ER,V ER,1
JH F AO R AH M,JH D HH ER M,1
N OY L,N ER L,2
N OY L,N AH L,2
N OY L,N AO L,5
N OY L,N T AA L,1
N OY L,N AE L,4
N OY L,N D OW N L,1
N OY L,N AO R L,1
N OY L,N OW L,1
N OY L,N D ER L,1
N OY L,N D AO L,3
 W AH N HH, HH IY HH,1
L IH V,L IY V,1
L IH V,L AH V,1
S EH D AE,S AE T AE,1
EY Z IH,EY IH,2
N D SH EH,N S EH,1
 V EY, F EY,1
AW L IY,AW M IY,2
G B AY Z,G IH Z,2
T DH AH P,T P,1
K,K S,1
Z F AO R R,Z R,1
 DH AH, AH,5
 DH AH, B AH,1
 B AE L, DH AH L,1
L EY Z,L AE D Z,1
ER T AE L,ER D EY L,1
L AH N T B,L B,1
AY EH N,AY AE N,1
N IY K,N AH K,1
K AO,K W AO,2
R D ER,R T ER,2
ER OY OW,ER OW,1
W AO R AH B,W ER B,1
W AO R AH B,W AA Z B,1
ER D AE,ER AE,2
T F AO R,T EH R,1
R TH R,R OW Y AH R,1
R IY AW ER Z,R Z,1
Z TH IH N,Z F AY N,1
 IH G, G,2
 IH G, AY G,1
 IH G, DH AH G,1
N AH Z AH,N T AA N AH,1
AH N D AE,AH M OW AE,1
AH N D AE,AH L AE,1
AE L AH,AE T AH,1
AE L AH,AE G AH,1
AH G EY T ER Z,AH M Z,1
IY HH AE D Y AO R D,IY D,1
S UW T IH,S ER CH IH,1
S UW T IH,S OW IH,1
IH N G R IY S IY W,IH NG W,2
W AA SH W,W IH DH W,9
W AA SH W,W AO R Z W,1
N OY L IY,N AA R M IY,1
N OY L IY,N EH R IY,1
N AH W UH M,N AA N M,1
M AH N K,M AY K,1
K EY M,K AE M,1
L AO NG K,L K,1
IY IH NG AH,IY D AH,1
AH AE Z AH,AH AH,1
 IH F DH, DH,1
M IH Z,M ER Z,1
M IH Z,M AE Z,3
R EH N T M,R AH M,1
S T B IY P,S P,1
ER AH N D JH,ER JH,2
IY AA R,IY AO R,4
R W UH D B,R B,1
 B AA R B B, AH B,3
Z IH N,Z AH N,8
Z IH N,Z AA N,1
N AH,N D AH,5
N AH,N DH AH,2
S AH S,S IH Z,1
S AH S,S AY S,1
UW IH N,UW AE N,1
IY ER Z,IY R Z,1
EY D Z HH AY,EY T T AY,1
EY D Z HH AY,EY T F AY,1
N N AE N S,N DH AH S,1
N N AE N S,N DH AH EY S,1
S AH Z,S IY,2
S AH Z,S IH Z,5
S AH Z,S AY Z,1
L S,L D S,1
L AA AE,L AO AE,2
L AA AE,L OW AE,1
AY AE,AY HH AE,4
D DH AH OY L,D Y UW,1
 DH AH OW EY, HH IY AO L W EY,1
EY S IH S W,EY Z W,1
Z AH M ER AA ZH,Z AE Z,1
R IY S,R AE S,2
R IY S,R EY S,8
R IY S,R AH S,1
ER R IH,ER IH,1
T AH N,T,1
EY EH N JH,EY HH AE D JH,1
JH AA N K L IY N,JH AH S IH N,1
N Z SH EH L F,N TH AH F,1
Z K L,Z F L,1
M AH N TH S,M OY S,1
S T UW S P EH N,S AH N,1
N D IH,N IH,2
N D IH,N T IH,1
IH N M,IH NG M,1
AY AE M,AY EY M,1
AY AE M,AY AA R M,1
AY AE M,AY N,1
AY AE M,AY,1
R EH,R P EH,1
EH N D ER AH,EH R AH,1
N S,N T S,2
N S,N D S,1
 IH F P, P,2
R B B,R B,3
ER N D P,ER AH P,1
ER N D P,ER IH NG T UW P,1
ER N D P,ER P,2
ER AH N D L,ER L,2
 D IH V ER, DH AH F ER,1
ER S,ER S T S,1
ER S,ER Z S,1
S AH T,S IH T,1
S D IH V,S DH AH V,1
V ER S AH,V EH R AH,1
 D IH D Y UW, DH AH T UW,1
 D IH D Y UW, T UW,1
AY EH N IY K,AY K,2
R D ER OY OW V ER AO L Z,R N IY Z,1
V W AO,V AO,1
D AE T G,D AH G,1
 IH G W, EH K W,1
 IH G W, IY K W,1
W AA N AH,W AH,2
AH Z AH,AH T AH,1
AH Z AH,AH T AO R IY AH,1
N D AE,N AE,1
R T R,R K R,1
R T R,R P R,1
P IH K AH L R,P T R,1
L F AO R K,L AW ER K,1
T S M,T M,1
T S M,T K EY M,1
N N,N D N,1
R EY AA N,R AE N,1
R EY AA N,R AW N,2
AY T AH,AY D AH,1
AH M AA,AH L AA,1
S IH N,S AH N,3
S IH N,S AW N,1
N DH,N D DH,1
N DH,N T UW DH,1
UW T IH N,UW N AH N,2
IY AE N,IY AH N,10
IY AE N,IY IH N,11
IY AE N,IY AA N,1
T D IH S IH,T UW V IH,1
 HH IY T, AY T,1
D EH K,D EY,1
 M EY K L IH D F AO R SH UH G ER B, W AY T B,1
B OW L DH AH S EY M,B IY M,1
Z JH AA,Z CH AA,1
L IH D Z,L Z,1
Z OW M,Z AO R M,1
M IH T IH,M AY N IH,1
IH S K,IH Z,1
IH S K,IH Z K,1
L D S AH M IH,L T AA N IH,1
ER L UH K T DH,ER DH,1
 P L IY Z D IH, AH B IH,1
M AY P AH,M IH T AH,1
AH T EY T OW Z,AH N Z,1
EY B,EY AH B,1
B AH T,B AW T,1
B AH T,B EH T,1
T AY HH,T HH,1
HH EY V,HH AE V,2
V AH N T IH,V IH NG IH,1
V AH N T IH,V IH,1
R AY P,R IH P,1
P T F,P AH N D F,1
ER D SH UW Z,ER CH OW Z,1
AH EH M,AH AE M,1
AH EH M,AH AH M,1
M B L AH,M P AH,1
M B L AH,M EH T AH,1
AH M D,AH L D,1
UW OW B,UW B,2
B EY G,B IY G,2
Z L AH V M,Z M,1
M IH L Y AH,M AA N T V AH,1
AH N EH R,AH L IY R,1
V HH ER ER EY N,V IH N,1
N JH F,N F,1
R AH M,R M,2
AA D AH,AA N T AH,1
HH EH M,HH AE M,1
M S,M L AH T S,1
K N IY,K M IY,1
Z Y UW K,Z HH IY K,3
AY N,AY,3
S P AH,S HH AH,1
M AH,M B AH,1
Z B IH,Z V IH,1
Z IY F IY T,Z AH T,1
T SH,T DH AH SH,1
T SH,T AH L AH SH,1
UW M M,UW M,3
AH L Z,AH Z,1
M IH D,M IY D,1
IY V AH L S AH S AY AH,IY AA K R AH,1
AY R AA,AY ER AA,2
AY R AA,AY AA,1
R K IY Z,R CH AH Z,4
S IY W AA SH W,S Y UW AE T W,1
S IY W AA SH W,S T W,1
S IY W AA SH W,S W,1
S IY W AA SH W,S IH NG AE T W,1
AW Z IH T S,AW S S,1
F AW L,F AA L,1
L AO R,L AH R,1
N L,N D L,2
 P OW, OW,1
OW CH DH,OW DH,1
T W EH L V M,T UW M,1
 HH UW AO, AO,1
 HH UW AO, F AO R AO,1
S AH K AW N,S AA N,1
N T,N,2
N T,N D T,1
R IY D,R EH D,2
D Z DH,D DH,2
 L AO R IH S K, K,1
 L AO R IH S K, AE Z K,1
M N IY D AH,M DH AH,1
AH D B,AH B,2
L AO R W,L ER W,1
L AO R W,L OW W,1
L AO R W,L AH W,1
AY T,AY D AA N T,1
T AH M Z,T,1
D Y AO R D AA,D T UW K AA,1
R K S,R S,2
R IY S IY W,R Z W,1
R IY S IY W,R EY W,10
Z G L IY K,Z K,1
L AH B AH N D K W AY ER,L EH V ER,1
ER L IY D ER,ER ER,1
D AE Z,D HH IH Z,1
Z AO R G AH,Z HH ER AH,1
N AH S T,N Z,1
 D IH D Y UW B, B,1
 D IH D Y UW B, S OW B,1
K AO R,K AA R,3
K AO R,K OW R,1
R D ER OY OW V ER AO L,R T IY R IY AH L,2
K AE ZH M IH R S,K EY N S,1
S W EH T,S T,1
ER,ER Z,1
AH G AH N M,AH K AA M,1
K EH P,K AE P,1
T HH IH,T IH,3
IH Z V,IH V,1
V IH K T,V AH T,1
T AH M K,T IY K,1
T G AH,T W AH,1
 IH G W AA N, HH OW N,1
N AH Z,N Z,1
Z AH N D,Z D,1
D AE L,D EY L,1
L AH G,L G,1
P OW L,P AO L,1
V IH R,V DH AH R,1
AE V B,AE D B,1
Y OW Y AH R,Y AO R,2
UW HH,UW D HH,2
Z F R AH M K IH D,Z HH AE D,1
D N AE P ER Z,D,1
W IH L,W EH L,6
 DH AH T, T,2
UW TH F EH,UW V EH,4
UW TH F,UW F,7
L AW T,L OW,2
L AW T,L AH P,1
W AO R AA,W ER AA,1
UW Z IH,UW S IH,1
EY AH M,EY M,1
EY Z Y,EY K Y,1
S IH Z R,S R,2
Z F R AH M K,Z K,1
R AH Y,R Y,3
R AW T AH,R AE JH AH,1
AH V F AE SH,AH T EY SH,1
N DH IH S Y IH R,N AE Z HH IY,1
IY S,IY K AE S,1
IY S,IY N S,1
IY S,IY Z,1
IY S,IY Z S,1
R AE G,R IH G,1
R AE G,R G,1
 SH R, D R,1
L ER K S,L OW S,1
T AW ER,T HH ER,1
L IH P,L EH P,2
N D HH,N HH,2
N D HH,N IH NG HH,1
 AH L, AO L,1
 AH L, AE L,1
 AH L, L,1
L UW M AH N,L DH OW W EH N,1
N AH M S IH L V,N EH V,1
W EH R K,W IY K,1
W EH R K,W ER K,1
W EH R K,W ER K K,1
EH DH,EH L DH,1
DH ER P,DH AH P,1
F G AH,F DH AH,1
L AA SH,L AE SH,1
L AA SH,L AH SH,3
SH AH Z,SH IH Z,1
 P AE M G, AH G,3
Z D R,Z K R,1
R AY V,R EY V,1
R AY V,R IH V,1
AY Z D F,AY S F,1
D AH L G L,D AA L,1
L IY M L,L L,1
 K IH N, N,1
N D ER G AA,N AA,1
R T AH,R D AH,2
R L,R F L,1
R L,R AH L,1
IH DH D R AO AO,IH CH AH V AO,1
L F OW N,L P AA N,1
N IY AE K Y AH,N T IH F AH,1
AH Z EY,AH K EY,1
N Z AE,N AE,2
R IY AH,R AH,1
AH N D T R IH SH P L,AH L,1
EY D T,EY T,1
T AE G W,T AH D W,1
DH B IY,DH IY,1
DH B IY,DH M IY,1
CH B AO L Z,CH AE Z,1
AW M,AW AY M,4
AW M,AW Z M,1
OW S S,OW Z D S,1
ER EY T,ER AH,1
P G R,P B R,2
R EH G T,R EY K T,1
R EH G T,R IY D T,1
P EH K,P AE K,2
P EH K,P B AE K,1
V P AH,V DH AH,1
T EY T,T AH T,1
UW D AA N,UW N,1
N T IY T IH,N OW IH,1
F HH AH,F W AH,1
N IY,N,1
P OW AH,P AH L AH,1
D AH N,D IH N,2
N D S,N S,3
CH T DH,CH DH,3
EY G IY S,EY N JH,2
EY G IY S,EY K S,1
 B EH G DH, DH,3
 B EH G DH, T EY K DH,1
 B EH G DH, DH EY DH,1
DH IY Z SH,DH AH SH,1
DH IY Z SH,DH AH IH SH,1
AE N B,AE T B,1
 HH ER R, F AO R R,1
 HH ER R, R,3
D EY K S W,D EH G Z W,2
W EH N EH,W AH T EH,1
B AE R AH M,B ER AA M,1
M EH T,M IH T,1
T R IH K P,T ER P,1
 B IY T M, M,1
 P IY T, T,3
 P IY T, IH T,2
IY AH,IY S AH,1
AH Z AA R K,AH K,1
L AA K,L AE K,2
M D AA,M T UW AA,1
 L, AH L,1
N K,N D K,3
AW AH R,AW HH ER R,1
AO AO L,AO AH L,1
N IY AE K Y AH Z EY,N EY,1
 K AO, AO,1
R IY AH N,R AE N,2
N D T,N T,4
T R IH,T IH,1
IH SH P,IH S AH P,1
P L EY,P EY,1
EY D,EY T AH D,1
 AW ER K, AH K,1
K IY S,K EY S,1
S EY L Z M IH N AA,S AA,1
S B R,S P R,3
Z AH S T,Z AE Z T,1
AH K R,AH P R,1
R EH D,R AH D,1
D AH T EY,D EY,1
V AA R T S,V AW ER S,1
N JH,N D JH,1
 AH CH, CH,1
L IY EH S,L AH S,1
T ER Z,T S,1
T ER Z,T AO R Z,1
T ER Z,T AH R Z,1
EH N,EH R,1
M ER CH,M AH R CH,1
Z IH NG,Z AH NG,1
NG EH N,NG IH N,1
N Z AY M P,N S IH N P,1
EY Z IH G Z AE M,EY S W EY M,1
N Z SH,N SH,2
S IH Z IH,S IH,1
F S,F,1
L AW L IY W,L OW W,1
Z AO,Z D AO,3
T S F,T F,1
AH S T S L,AH L,1
K G UH D,K,1
AO TH ER AY Z D DH AH AH N,AO R IY EH N,1
N L IH M AH T,N T,1
N L IH M AH T,N Y UW EY T,1
R IH S K,R IY K,1
R IH S K,R Z K,1
M N IY D AH D B,M B,2
AY Y EH L,AY HH AH L,1
AY Y EH L,AY L,2
N HH AW EH,N AA T EH,1
D OW M,D AA M,1
N IH Z G,N AH S G,1
AE K,AE D,1
N D AH,N DH AH,1
AH D AH,AH AH,1
IY AE T DH,IY AH V DH,1
Z M,Z D M,5
ER Z SH,ER SH,2
UW D AW ER AO,UW AA R AO,1
UW D AW ER AO,UW AO,2
S UW T IH N G,S IY G,1
S UW T IH N G,S OW G,1
IY T UW K,IY DH AH K,1
IY T UW K,IY K,2
IY G AE S JH,IY JH,1
EH T,EH S CH ER,1
V R IY,V ER IY,1
AW G UH D IH Z Y AO R EH,AW L EH ZH ER EH,1
N D P,N P,2
N D P,N T P,1
Y AE L SH,Y UW SH,1
W AA P S M,W EY K M,1
G AH L,G AA L,3
L UH K,L AA K,1
L IH S,L AH S,1
L IH S,L AE S,1
S T,S,1
S T,S K,1
 D UW B AY AO L, T OY L,1
L P ER,L ER,1
ER P AH S M AH,ER Z B AH,1
AE B D OW M AH,AE P T AH,1
AH N IH Z G UH D,AH T UW D,1
D F AO R Y AO R B,D B,1
M IY,M,2
M IY,M EY B IY,1
R P AH T,R T,1
T K L,T L,1
L IY N,L EY N,2
L IY N,L AH N,1
N ER Z SH,N SH,1
D AW ER AO,D AA R AO,1
AY,AY F,3
K AO R IY AH N,K AA N,1
R IH SH P,R AE S T P,1
ER JH ER,ER D ER,2
ER JH ER,ER S ER,1
DH EH N,DH AE T,1
DH EH N,DH AE N,1
R IH N,R AE N,1
Z DH AH,Z AH,1
IY AW AO,IY L AO,2
IY AW AO,IY T AO,1
ER T S M,ER D M,1
AY IH,AY Y IH,1
AH G ZH ER IY AH S,AH Z P AE S,1
S M AH,S AH,1
AH S AA ZH,AH JH,1
L AO S,L AE S,6
EY ER N M,EY AO R M,1
EY ER N M,EY M,1
K AA M,K AH M,1
AH N K AE N,AH N,1
D IY AE,D AE,1
IY T S,IY Z,3
 B AH T, AE T,1
L Z AO,L AO,1
T T UW T,T AH N D T,1
 AA R Y AO R G, AH G,2
 AA R Y AO R G, AY D UW G,1
EY D Z HH,EY T HH,4
EY D Z HH,EY S HH,1
K OW L,K AA L,2
L S L AA AE,L ER AE,2
Z AH M,Z M,1
Z AH M,Z,1
N OY L IY R AE G L,N DH AH AH L,1
N OY L IY R AE G L,N AH W IH ER D L,1
N OY L IY R AE G L,N AH W AY ER L,1
N OY L IY R AE G L,N AH DH ER L,1
D TH IH N AE,D S AE D AE,1
DH EH R K,DH AH K,1
L AY,L IY,1
L AY,L AE F,1
F OW N,F AH N,1
F OW N,F AW N,1
Z AE T W,Z AH N D W,1
R IH SH,R AE SH,2
IY CH B,IY T B,1
L Z F,L F,1
T IH,T IY IH,1
 S AH L, AW ER L,1
 S AH L, IH L,1
L F ER OY,L OY,1
ER AA R,ER AO R,1
Z D ER T IY D,Z D,1
K AE L,K L,2
L S IY AH M M,L AY M,1
M EY K S,M AH T S,1
N S EH S,N W AH N S,1
S AH M,S M,1
D S EH,D EH,1
EH M IY,EH N IY,1
S EH D Y,S OW Y,1
UW W AO R,UW AA R,1
T K,T AH N D K,1
SH OW D,SH UH D,1
AY B AY,AY M AY,1
N Y UW AO,N HH IY AO,1
R EH M B AH,R AE V AH,1
P IY S SH,P EH T SH,1
N OW DH,N AW DH,1
N JH AH S T,N T,1
 D IH D Y, G EH T Y,1
 D IH D Y, DH AE T Y,1
R D ER OY OW V ER,R T IY ER,1
G AH N M AH N,G EH N,1
IY IH Z TH IH N ER DH,IY Y UW S IY T AH R DH,1
G W AA N AH Z AH,G EH R AH,1
N D AE L AH G EY T,N T,1
 W IH, IH,1
IH D OW N AY S S,IH T S,1
ER AE B D OW M,ER AH L AY M,1
N IH,N T IH,1
N IH,N ER IH,1
Y AO R B,Y UW B,1
W EY EH,W IY EH,1
R IY EH N T AH,R AH,1
L IY R AE G L AY K,L ER JH IH K,1
L IY R AE G L AY K,L EY K,1
K DH AE T,K,1
K DH AE T,K T,1
K DH AE T,K AH T,1
K DH AE T,K IH T,1
F AA F AH N,F Y UW N,1
N AH M AH,N ER AH,1
AH K R UW L,AH L,1
V AE Z,V HH IH Z,1
 K AA M B AY N, IH N,1
OW L,OW T,1
S AE T,S EH T,3
AA N D AH,AA T AH,1
 B EH G DH AE T G, AH G,1
D EY,D T EY,1
JH AH Z,JH,1
 F L AY, AY,1
AY Z S,AY S,1
W AO R M,W AE M,1
M D ER,M ER,1
N W,N D W,2
AA P T,AA K T,1
T TH IH K B,T DH AH B,1
P AH L S,P AE S,1
DH EH R P,DH AH P,1
 W IH L R, R,1
B AH N W EH R AH Y EH L OW L IH L IY,B ER T,1
F EH L,F IH L,4
B OW L,B AO L,2
IY T,IY,2
OW L IH,OW W IH,1
L IY,L IH NG,1
L IY,L TH IY,1
TH F EH,TH V EH,1
OW K B,OW T B,1
D AO R F,D HH ER F,1
N IY IH,N IH,1
N P,N D P,4
AO L L,AO L,1
L EY K,L AY S,1
AH F EH R L,AH TH ER OW L,1
AA D,AA R D,1
D ER N,D AH N,1
T HH AA,T AA,1
S AH M F,S OW F,1
F UW L W AA Z,F AH Z,1
 V Y UW, T UW,1
S IH N F,S AH M F,1
F AY V K,F AO R K,1
 K AA M B AY, T UW F AY,1
N AO,N D AO,5
R EY G IY S,R AY K S,3
T G AA,T K AA,2
D F AO R W,D T UW W,1
N B IY OW,N DH AH OW,2
N B IY OW,N D DH AH OW,1
T HH AE N,T AH N,1
D EY K S W EH N EH,D AE Z EH,1
B AE R AH M EH T R IH K P,B AW N D ER P,1
L Y,L DH AH Y,1
 D IY N Z K, AY K,1
F AY L R,F AW N D R,1
F AY L R,F AO R,1
ER DH AH L,ER L,1
M Y UH R,M AO R,2
 M IH D IY, DH AE T IY,1
 M IH D IY, IY,1
 M IH D IY, B AH T IY,1
N HH AY R AA,N AA,1
IY AE,IY AH AE,3
AE N OY L,AE L,3
R AE G L AY,R JH AY,2
R AE G L AY,R AY,1
R AE G L AY,R AH S AY,1
AY K DH,AY DH,4
 K UH D DH, DH,1
M AE Z,M IH Z,1
HH AY AE Z,HH IH Z,1
 W AY B, B,1
 AH B AO, F AO,1
R IH NG N,R AH N,1
R IH NG N,R N N,1
L IH Z,L AE Z,1
NG P IH,NG T IH,1
NG P IH,NG IH,1
SH AH N,SH M EH N,1
N IH NG P,N P,1
V T UW IH N AE,V AE,1
K T HH ER R IH N AH,K CH AH,1
AH N S IY EY,AH W EY,1
EH M B L,EH L,1
L AH M,L M,1
M D IH P,M T UW P,1
DH AH AH,DH AH,1
P AH L,P L,1
L AH S,L EH S,1
S AH N,S IH N,1
S AH N,S IH NG,1
N EH L,N IH L,1
L AA R IH,L IH,1
UW OW B EY,UW IH N V EY,1
EY G,EY D G,1
EY G,EY AH G,1
T AO R D ER,T L EH T ER,1
K AE R,K AA R,2
K AE R,K EH R,3
AH L K,AH K,1
K AH M Z,K OW L Z,1
IH Z SH OW L D ER F,IH T S AA F,1
F EH L T,F T,1
OW IH F AO,OW AO,1
IY IH N B,IY AH B,1
B EH D,B AE D,1
S M IY,S R IY,1
HH EY AH,HH IY AH,1
S CH ER,S T ER,1
ER AA R DH AH AH,ER AH,1
AH DH ER CH,AH T CH,1
IY D,IY T,2
IH P IH K,IH T EH K,1
AE R AH L K,AE N K,1
M Z T,M T,1
 HH IH Z SH, DH AH SH,1
 B EY K S, S,1
IY AA R N,IY AH N,1
TH S T,TH T,1
 B AA R, P R,1
R B B ER,R IH F ER,1
EY P ER AH N D L,EY F AO R AE T L,1
N EH N,N IH N,1
N T ER T EY N,N D IY AH N,1
N IH NG S,N S,1
L IY R AE G L,L ER AH B AH L,1
 F AE T, IH T,1
IH M Z IY,IH N T IY,1
R UW F G AH L,R IH S IH L,1
L AA SH AH,L AH,1
L IH N,L AH N,1
N S IY AE,N D K AE,1
AE T AH L,AE N,1
AE T AH L,AE L,1
 P AE, K AE,1
 P AE, AE,2
 P AE, HH AE,1
AE M G,AE N G,2
V Z D,V D,2
S AH N Z AA,S AA,1
W AO T ER AO,W AO,1
AO L Y IH R,AO R,1
R,R D,1
R AE,R IH D AE,1
AE G L AY K,AE K,2
T,T IH D,1
IH S,IH S S,1
IH S,IH Z,1
S AH P,S ER P,1
R EY Z,R AY Z,1
 N EH, EH,1
UW AO TH ER,UW AE F T ER,1
ER AY Z D DH AH,ER AH,1
AH AH N,AH T EH N,1
T AH D,T IH D,3
T AH D,T UW D,1
 T UW F, F,3
IY D Z DH,IY CH T DH,4
K AA S,K AO S,1
K AA S,K AH S,1
M N IY,M IY,1
IY D AH,IY AH,1
IY EH L,IY AE L,1
L AH G AH,L AH,1
AY Y EH L AO R,AY D IH R,1
AY Y EH L AO R,AY AA R,1
ER IY OW,ER OW,1
S IH L,S EH L,1
S IH L,S T UW L,1
L IY AY T AH,L D AH,1
M Z,M,1
 G EH, Y EH,3
S DH AH K,S T UW K,1
AA SH W AO T,AA CH AA R T,2
AA SH W AO T,AA L T,1
AH B,AH V B,1
B AW T IH T S AE,B AO L D AE,1
AE P L AH,AE Z AH,1
AH K AH B,AH M AE B,1
B IH L,B AH L,1
L AH T IY,L IY,1
 DH IH S IH, HH IY IH,1
AO TH ER AY,AO T DH AH R AY,1
Z D DH,Z DH,2
F ER DH,F AA DH,3
 L AO R, AE R,1
 L AO R, M EH R,1
R IH S K AA,R IY AA,1
T UW M N,T OW N,1
W ER IY,W EH R IY,1
IY OW V,IY AH V,1
V ER S,V AH S,1
K W EH S,K AO R S,1
S CH AH N F,S F,1
K DH EY,K T EY,1
EY G EY V W,EY K AH W,1
L D S,L S,2
L D S,L T S,2
L IY Z D IH,L AE S T IH,1
L IY Z D IH,L EY S IH,1
IH G M,IH K M,1
IH G M,IH N M,1
M AY P AH T EY T,M AA T,1
M AY P AH T EY T,M AE T,1
R AY D DH,R AE DH,1
DH AH S,DH ER S,1
B W EY B,B M IH T B,1
T G R,T K R,1
R UW HH ER AH P,R AA P,1
P B R IH,P IH,1
NG IH NG IH N P EH T IY K OW T S,NG Z,1
D AA R,D AO R,1
R IY AE N,R IH N,1
R IY AE N,R N,1
R IY AE N,R AH N,1
DH AH TH IY M,DH AE T M,1
M M,M AE N M,1
V,V Z,1
 HH IY S P OW K S, AE Z B UH L S,1
S UW DH IH NG L IY,S AH N,1
IH ER Z,IH R Z,1
Z W EH R,Z F AO R,1
N AO R M AH L,N AA T L,1
L IY S,L IH S,1
L IY S,L EY S,2
S T EH P IH N,S AH N,1
DH AH K AE,DH AE,1
M IY AW AO,M AO L AO,1
S M AY IH,S P IH,1
S UW DH D B,S OW B,2
S UW DH D B,S AO T B,1
B AY DH AH L,B EY L,1
L AH G ZH ER IY,L IY R IY,1
AH S M,AH N Z M,1
M P AA R,M AO R,1
R T,R,1
R T,R AH V T,1
Z DH,Z D DH,2
Z DH,Z AH V DH,1
B AY R,B R,1
R EY SH AH,R AE CH AH,1
T AH L AH JH T,T W IH CH T,1
AY L R,AY ER R,2
M M Y UH R AH L Z,M HH ER AE Z,1
M M Y UH R AH L Z,M HH ER,1
M IH D IY V AH,M EY B AH,1
R OW AE,R AE,1
B AO R IY AH L F,B ER F,1
SH T,SH T T,1
HH AY W EY AH,HH AW AH,1
AH N D F,AH F,1
M IY N DH,M EH T DH,1
 D AE F N Z S, DH EH R DH EY S,1
 D AE F N Z S, DH AH S,1
K AA R,K EH R,1
K AA R,K AO R,1
R F M,R M,3
R F M,R TH M,1
N Z S,N D S,3
N Z S,N IY S,1
N Z S,N AH T L IY S,1
N Z S,N S,1
W AO T,W EY T,7
W AO T,W AH T,1
W AO T,W AY T,1
D AA N,D AW N,1
D AA N,D AE N,1
N T AE,N AE,3
AE S K M,AE Z M,4
M IY T UW K,M EY D AH K,1
M IY T UW K,M AE N AH K,1
R AE G L AY K DH AE T,R EY N,1
R AE G L AY K DH AE T,R EY D IY AH N T,1
R AE G L AY K DH AE T,R IH N B OW TH,1
N AO T,N AA R T,1
N IY AE,N D AE,1
IY AH N,IY AO N,1
IY AH N,IY IH N,1
T UW D,T UH D,1
N T S CH,N D CH,1
Z AA R N,Z W ER N,1
R HH IY K,R AY K,1
K UH D T,K AA N T,1
T EY K,T AE K,1
B AH NG G,B AA N G,1
L OW W,L AH W,1
L OW W,L AW W,1
V SH AH B L,V S AE D L,1
V SH AH B L,V S IH M P L,1
IY AE N OY,IY AH OY,1
IY AE N OY,IY OY,1
D IH Z,D EH Z,1
T S S,T S,2
F AO R,F R,4
K AE N,K AH N,3
 Y AH NG CH, CH,1
P R UW F G AH,P ER K AH,1
L AA SH AH Z AA,L EY T S AA,1
UW F AO R N,UW IH N N,1
N IH T,N EH T,1
SH EH D D,SH IY D,1
AY AH V,AY V,1
V SH,V D SH,1
T S R,T R,1
N AE K T,N AH T,1
V AH T IY,V L IY,1
N Z AA N TH,N S AH M TH,1
TH ER Z D EY,TH AH R S T EY,1
EY Z,EY N,1
Z AH N,Z IH N,2
 Y UW S, HH IY S,1
N IH T D,N AY D,1
 S ER V DH AH, SH UH R K AH,1
AH K OW L S L,AH L,1
L AA AE F T,L EY T,2
AH OY L,AH OW L,3
L,L D,3
AH OW EY,AH V EY,1
EY S IH S,EY S,1
 D AH, DH AH,1
AH Z S,AH S,2
T AE,T S AE,1
T AE,T UW AE,4
M AE N,M EH N,2
V AA K,V AO L K,1
IH D AA,IH T AA,1
 DH AH B AH NG G AH, IH F AY AH,1
CH N AY,CH L AY,1
SH AH B L,SH EY P L,1
SH AH B L,SH IH P L,1
AE S K M IY,AE Z W IY,1
IY T UW,IY D UW,1
SH OW N W,SH IY W,1
M F L,M L,3
M F L,M P L,2
W UH L,W OW L,1
W UH L,W EH L,2
W UH L,W IH L,1
W UH L,W AA L,1
R AE L F K,R IH K,1
T R,T AH R,1
R OW L D DH,R DH,1
OW SH UH,OW K Y UH,1
R IH Z,R Z,1
R IH Z,R AY Z,1
V B AY,V F AY,1
V B AY,V AY,1
AY Z L,AY L,1
HH AA T,HH IH ER T,1
T HH AH N IY,T IY,1
IY AY Z DH AE T S IH Z,IY Z,1
Z AH L D,Z,1
T IY V W AO,T EY F AO,1
AH G EY T,AH T,1
T ER Z AA,T S AA,1
Z AA IH,Z AE N IH,1
IY DH EY S,IY HH IY S,1
 AE, DH AE,1
 AE, HH AE,1
Z AH,Z DH AH,2
B S AE T,B ER T,1
P AA N D AH,P OW T AH,1
N D S K EH CH T,N T EY T,1
DH AE T G,DH AH G,1
Z DH AE N B,Z T UW B,1
 HH ER, ER,1
ER R AY,ER AY,1
AY T HH AE N,AY V D IH N,1
N D EY,N EY,1
EY K S W,EY JH AH Z W,1
EH N EH,EH R EH,1
ZH AH N,ZH AA N,1
 B R IH JH, JH,1
AH Z T,AH S T T,1
ER K R AO S,ER S,1
NG Z,NG,1
R IY S IY W AA SH W,R EY W,1
HH EH N,HH AE N,1
L EH JH ER,L EY T ER,1
UW W ER IH N,UW AH N,1
N AH HH,N D AY HH,1
HH ER IY,HH EH R IY,1
IY W IY R,IY AO R,1
R AH N T Y,R Y,1
V D AA,V AA,1
ER AY Z,ER IY Z,2
Z P R EH,Z B EH,1
T IY ZH HH IY AH K,T EH TH IH K,1
K EY ZH AH N,K S N,1
N AH L,N AE L,2
IY R IY,IY W IY,1
IY D Z,IY Y UW Z,1
JH ER,JH EH N ER,1
ER N AH,ER AH,1
 L AO, F AO,1
R IH,R HH IH,1
B L AE K G L,B IH L,1
L AH V,L IY V,1
F ER M EH,F AO R EH,1
N T AH D B,N IY B,1
AH P T L,AH F L,1
DH IH S D,DH AH D,2
B AY AA,B EY AA,1
 DH AH S, S,1
K AA L,K EH L,1
AH P T,AH T,1
T EH JH IH,T AH N IH,1
 HH IY M, M,1
Z HH IY M,Z M,1
K S L,K L,1
M AH G,M G,1
B B AE G,B D,1
 W IH DH, DH,1
DH IH N DH IH S F R,DH AH B R,1
EY M W,EY N W,1
K W AH,K B AH,1
D W AA Z S,D DH AH S,1
N D IY,N IY,1
T R IH K T S,T AH N S,1
R D ER OY OW V,R IH V,1
V ER AO L,V AH L,1
G AH N M AH N K EH P T,G OW T,1
V IH K,V IY K,1
T AH M K AO,T AO,1
T AH M K AO,T EY T ER AO,1
R N,R IY N,1
N ER D AE T G AH,N IY AH,1
AH N P OY N,AH G EH N,1
T F AO R TH,T UW TH,1
Z TH IH N ER DH,Z DH AE T AH V DH,1
DH AE N,DH AH N,1
W AA N AH Z AH,W AH,1
N D AE L AH G EY T ER Z AA,N AA,1
AA R,AA K OW AO R,1
P IH K AH L R EH P T,P ER T,1
T AY L Z,T IY Z,1
M Z S,M S,1
L Z Y,L Y,1
 K IH, IH,1
N D ER G,N DH AH G,1
L F OW,L P OW,2
K AO R IY AH,K AH,1
R IH SH P L,R AY T L,1
L EY D T,L IY T,1
IY CH B AO L Z,IY D Z,1
M ER JH ER,M AA R CH ER,1
OW L ER AE,OW AO R AE,1
AH D AO R D R,AH T ER G R,1
AW T,AW N D,1
 K AO R, F R,1
N D T R IH SH P L EY D T AE G W IH DH B,N CH EH S K AH HH AH JH EH N B,1
B IY CH,B AH CH,1
IY W AA SH W,IY W,1
AO T ER AO L Y IH R,AO R F EH R,1
R AE G L AY K,R K,1
AW ER IH NG P AW D ER,AW T ER,1
AW AO L S,AW S,1
AH N T EY,AH M P L EY,1
N F AA,N D P AA,1
AA S F EY T S,AA L IY,1
K AA N,K AH N,1
N T R EH R IY T,N K ER D T,1
R AH N IY V AH N,R OW N,1
IY D IH S,IY S,1
R IH B Y AH T AH D,R AY V,1
AW L,AW D L,1
L AY Z,L IY Z,1
Z AO L EH R ER Z,Z IH Z,1
AH N IH,AH M IH,1
R AH S T S,R S,1
R AH S T S,R AA R S,1
N AH G AO G M,N D M,1
IH DH,IH DH DH,1
DH IH N W AO,DH EH M L AO,1
AO K IH NG,AO NG,1
NG D IH S,NG EH P AH S,1
T AH N S,T EY T,1
 G R EH G B AY Z F, AH F,1
L K IY CH W IY K D EY,L AH T EY,1
EY M AO R N IH,EY T IH,1
K S N AH G L,K L,1
L EH K T,L EY T,1
T DH AH P UW R,T ER,1
M AH V DH IY Z S,M S,1
AH M M,AH B M,1
AH M M,AH M,1
AH M M,AH N D M,1
M EH R AH T AH,M ER IY N AH,1
 D UW, T UW,1
ER IH NG AO,ER AO,1
T S T,T T,1
L AE N,L D IH N,1
L AE N,L IH N,2
N AE M B Y AH L AH N,N V EH N,1
Z P R AH,Z AH,1
AH M OW T,AH B AW T,1
B S L,B L,1
L IY P IH,L IH K IH,1
K S AE,K F AE,1
M P L,M AH L,1
L IH NG W,L IY W,1
P L,P AH L,2
L IH NG,L,1
L AY T,L EY T,1
T AO R SH,T ER SH,1
R IH L,R L,1
L EY T IH D,L EH D,1
AY AA D AH T S,AY L Z,1
AY R AA R K IY Z,AY ER,1
M EH,M P EH,1
S K L,S P L,2
V M OW,V HH OW,1
L IH D,L EH D,1
AY S M,AY N M,1
IY V Z,IY D Z,1
Z IH N AH,Z T UW AH,1
 B AE, DH AE,1
AE S K AH T,AE T,1
AH L L,AH L,1
L EH D W,L AE T W,1
M IY T AA,M EY D AA,1
ER EY JH M,ER AH M,2
F D AE,F T AE,2
N S AH,N AH,1
S IH,S EY IH,2
N Y UW,N HH IH M,1
 M AA M S, S,3
P AH T,P EH T,2
T AY Z ER Z,T AH S AH R,1
T AY Z ER Z,T AH S AH R Z,1
IY T UW K AE R IY,IY D IY,1
 DH AH P L EY N, IH N,1
IH N S K UW L,IH SH AH L,1
D IH S,D IY S,1
N CH IY T AH,N DH AH,1
AH L,AH OW L,1
AH L,AH IH L,1
AH L,AH S L,1
L D,L D D,1
R AE T,R IH T,1
R IY IH N,R AE N,1
R S S,R S,1
S IY M,S AE M,1
K OY L,K OW L,1
P ER EH N T,P R IY T,1
T AH L AH P R,T AO R,1
R UW V AH,R IY AH,1
AH L F,AH F,2
F D,F T D,3
S IH NG,S AE NG,1
IH F F,IH T F,1
N AH L EH N,N AO R IH N,1
T R AH P IY,T ER V IY,1
IY,IY N,1
AY AH B AH L EH N AH M IY K AH N T IH N Y UW D,AY D,1
 K AA M P ER AH B AH L T, HH IY R T,1
R EH N D Z K AE,R AE,1
N B IY N,N S EH N,1
N OW T AH D,N D IH D,1
D EH L S W,D DH OW Z W,1
W EH R,W ER,1
W EH R,W AO R,1
N R IY K,N AH L K,1
AY ER Z,AY R Z,1
 IH T S HH, HH,1
B AA G G,B AO L G,1
IY IH N,IY AE N,1
IY IH N,IY AH N,4
N AO T AH,N AA D AH B AH,1
AH M,AH L,1
AH M,AH M M,1
AE F D,AE S T D,1
AY Z ER Z,AY T,1
OW T AH,OW N AH,1
L UH R F,L ER T F,1
IH R Y EH T R,IH R,1
R EY S IY,R,1
 HH AY, AY,1
W EY AH N,W AA Z IH N,1
N D F R IY W,N DH AH W,1
M IY N,M EH N,1
M IY N,M AE N,1
N DH AH S,N S,2
N DH AH S,N D S,1
D AE F N Z S,D EH TH AH S,1
IY D IH,IY T IH,1
IH Z P,IH T S P,1
W AA Z D,W IH DH D,1
IH G HH,IH D HH,1
 D UW W, W,1
AH L K L,AH L,1
L AO TH S,L,1
L AH N,L AE N,1
L AH N,L IH N,2
N OW V ER AO L Z,N D AH R AE Z,1
T R OW L D DH AH S,T EH S,1
T AA P W,T ER W,1
AH B L IY,AH F IY,1
S B R OW SH UH R,S S ER P R,1
Z P AA R T IH,Z IH,1
IH K Y AH L ER L IY IH N F,IH NG F,1
M AH T IH V F,M D F,1
EY L B,EY AO R B,1
P AW T,P AO R T,1
T IH R,T AY R,1
T IH R,T OW R,1
AA T IH,AA N IH,1
R W,R AH W,1
D DH AH S T AA,D AE Z P AA,1
P W AA CH F,P AH F,1
T AY M,T AH NG,1
 AA R Y, Y,3
T D IH V,T AH V,1
V EH L,V IH L,1
L AH P,L OW P,1
OW L IY,OW,1
K OW L S L,K AE L,1
K OW L S L,K AH L,1
AY AE D,AY AH N D,1
AH OW EY S IH S W,AH W AO T ER W,1
 IH N, AH N,1
W EY Z,W AA Z,1
N D IH D DH,N T UW DH,1
 IH T, B AH T,1
T W UH D B IY AH,T DH AH,1
L OW P,L AO G,2
EY M,EY AY M,1
S K AA,S AA,1
S K AA,S G AA,1
G OW S,G AE S,1
S T L,S L,1
AY K R AY,AY T L AY,1
F AH L M AH,F W AH,1
 AE N, AH N,1
N AA,N D AY AA,1
AA K T,AA T,1
T IH L Y AH,T AH,1
N AE T AH M Z N,N UW N,1
N AW L EH T AH,N S AH,1
AH S S IY W EH R DH IH S,AH S,1
P AW ER K AH,P AH,1
AH M Z F R AH M,AH L IY S,1
B Y UW G,B IY G,1
R D DH,R DH,1
 HH AY W EY AH N D F R IY W EY M IY N DH AH S EY M TH IH, L OW ER IH,1
NG AA N,NG IH N,1
S W IY D IH,S IH,1
SH N IY D AH,SH L IH T AH,1
R F M AE CH T HH ER S K ER T,R TH AH JH,1
 AH W, W,1
IY L S,IY S,1
K T AA N,K D AW N,1
AH HH AH B,AH ER B,1
T AY M AH,T EY B AH,1
AH V D,AH L D,1
EH TH,EH D,1
ER Z HH,ER HH,1
R AH V M,R M,1
N D F,N F,1
AH M IH,AH B IH,2
K W OW T,K AH T,2
K AH L,K AO L,1
K AH L,K AA L,1
K AH L,K L,1
L ER D,L D,1
AE L,AE M L,1
AH W IY N,AH N,1
DH EY OW N,DH EH N,2
AH B L,AH L,1
IH T S,IH P S,1
P R AH P R,P AA R,1
R AY AH T,R T,1
R AH S,R S,1
S EH M,S IH M,1
L D IH,L IH,1
N B OW L AH,N T UW AH,1
AH V B,AH B,1
ER IY AH Z AA R K,ER K,1
R AH K,R K,1
G ER AA ZH,G R EY D,1
P F AY V F,P DH AE T F,1
OW AW T,OW AH P,1
R D R OW B,R JH AA B,1
V OW N,V W AH N,1
N L IY S,N S,1
N F,N D F,1
P AE T,P EH T,1
T S IY,T,1
T AH N D IH,T IH,1
G G OW,G B OW,1
 Y UW W, DH EY W,1
W UH D D,W ER D,1
AH S IH N,AH N AA N,1
Z B AH L,Z F AO L,1
L JH D D,L D,1
 F OW, OW,1
T W AA Z,T AH Z,2
ER D DH,ER Z DH,1
ER D DH,ER DH,1
W IH DH K,W IY K,1
R EY AA N Z,R AO S,1
EY OW N AH,EY AO T AH,1
EY OW N AH,EY AA R AH,1
IY AE N OY L IY R AE G L,IY AH AH D EY L,1
 DH AH M, M,1
K W OW,K L OW,1
OW T W,OW D W,1
HH EH L P G,HH IY G,1
P AE R,P EH R,1
ER IH F,ER AH F,1
OW D JH UW,OW T UW,1
UW AH L B R,UW R,1
S AE L V,S OW V,1
V EY SH AH N R,V OW T EH R,1
IY K AH N S IH D ER D,IY Z,1
T OW V,T AH V,1
V ER L,V R IH L,1
L UH K T DH AH,L IH JH AH,1
AH OW SH AH N,AH S,1
Z AH P B,Z AE T B,1
 IH D R AY D DH, DH,1
AA R K S,AA B S,1
S UW T IH N,S AH N AH N,1
S UW T IH N,S AE D AE N,1
 D AA, AA,1
N T AE S K M,N M,1
Z R,Z AA R,1
Z R,Z AH R,1
R IH JH EH,R D EH,1
T IH D DH,T DH,1
ER IH N,ER AH N,1
N IH N,N AH N,2
N V,N D V,1
R AH V AY D Z AH R EY,R OW P IH SH IY EY,1
JH B,JH T UW B,1
EY T AH,EY D AH,1
V B IY IH NG B,V M EH N B,1
D DH IH,D HH IH,1
AA B JH EH K,AA P T IH K,1
T ER AA R B,T AH V B,1
NG D UW AA N,NG L AE N,1
S P AY,S L AY,1
D ER W,D AH W,1
W EH B G L IH,W EY AH V P R IH,1
W EH B G L IH,W IH,1
IH S AH N,IH Z EH N,1
IH N DH,IH NG DH,1
IH NG Z R AH N,IH N,1
W AO R N,W AA Z,1
IY Z D ER T,IY S T,1
T IY D IH SH AH,T R EH CH AH,1
L S IY AH M M EY,L EY,1
EY K S B,EY B,1
B OW N,B ER N,1
N Z AH,N AH,1
IY TH S T R,IY CH D R,1
AO NG,AO N,1
AO NG,AO,1
D AA R K,D AH K,2
IY R AE G L,IY AH L,2
IY R AE G L,IY L,1
L AY F T,L AA T T,1
EH N AH N,EH N,1
N T Y,N Y,1
D AH K T,D N AA T,1
AW AH B,AW B,1
AH L D IH P,AH T T UW P,1
IY SH IY EY,IY S AY EY,1
D D IH P,D DH AH P,1
IY SH AH N,IY S,1
B AA S R,B AO L R,1
L S N EY,L F M EY,1
K T UW HH,K HH,1
ER IY Z,ER D Z,1
ER AA R B,ER B,1
NG D UW,NG T UW,1
AY D ER W,AY R AH V W,1
AY D ER W,AY R W,1
W EH B G,W AO R G,1
P S T AA,P P AA,1
AA K,AA R K,1
IH NG Z R AH,IH N S AH,1
M TH EY,M DH EY,1
EY R,EY AA R,1
K AE L S,K AA N S,1
K AE L S,K EY S,1
S IY AH,S AH,1
M EY K S B,M AH T B,1
D T IY TH S,D DH AH S,1
ER W AA Z,ER IH Z,1
T AH D T,T T,1
 F, AH F,1
Z AA R P,Z AH V P,1
AY Z OW N,AY D AA N,1
AA G G,AA G,2
G EH T S V,G IH Z V,1
L AE F,L EH F,2
AE N S AH N,AE Z AE N,1
IH N G,IH NG G,2
G R IY,G L IY,1
IY S IY W,IY Z W,1
D AH,D DH AH,1
D IH N,D AE N,1
D IH N,D AH N,2
D IH N,D EH N,1
UW AO TH ER AY Z,UW AA R DH IY Z,1
P R EH S,P AE S,1
T IY ZH HH,T HH,1
EH S DH,EH T DH,1
AY K DH AE T,AY T,2
 HH IY D, AY D,2
V AH N,V IH N,1
N D DH,N DH,2
L D F AH M IH,L Z IH,1
IH L Y ER S IY N Z,IH Z,1
N IY DH,N DH,1
DH ER S,DH AH S,1
L D D,L T D,1
S AA R,S R,1
S AA R,S AO R,1
R AW T AH V F AE SH,R EY D IY EY SH,1
ER Z T,ER T,1
T D AY AH G,T AE G,1
R AE M M,R AH M,1
M EY K S S EH N,M AH N,1
N S OW,N T OW,1
L EY N,L AE N,1
Z DH AE T S N,Z N,1
R AH JH,R JH,1
 K AA M B, B,1
B AY N AO,B AH T AO,1
 R AA B S AE, AE,1
AA N D AH N,AA N,1
G AE L AH N,G AW N,1
N AH V G AE S,N,1
Z DH AE N,Z AH N,1
OW V ER CH,OW L D CH,1
JH D,JH,1
 D AA N T, T,4
W UH D B,W AA Z B,1
W EH R OW,W ER OW,1
SH HH EH N,SH AH N,1
N S F,N D F,1
 N AW DH AH S, M AA S,1
K UW L W,K OW W,1
Z IH N D,Z AH D,1
IY D B,IY P B,1
B ER EH,B R EH,1
EH F T,EH TH,1
W EH R W,W ER W,1
ER Y UW W,ER IY D W,1
D AA R K S,D UW S,2
D AA R K S,D AO G S,2
AH T IY N,AH P EY N,1
N IY EH N,N T IH NG AA N,1
N V AH,N DH AH,1
OW P T,OW T,1
UW IH T S R,UW DH AH R,1
R Z IH,R IH,1
F B,F IH N B,1
B AY ER,B EH T ER,1
B AY ER,B IY R,1
ER TH L IY S,ER W IH CH S,1
N D ER D,N D,1
AE T S,AE S,1
S M IY AW AO L W,S T AH W,1
IH F,IH P F,1
F W AA Z S,F AO R S,1
UW DH D B,UW TH B,1
B AY DH AH,B AE T AH,1
L AH G ZH ER IY AH S M AH S,L K R AY Z S,1
N T AY M,N D F AE M,1
M L,M AH L,1
N AH V,N OW V,1
V AH HH,V ER HH,1
M EY ER,M ER,1
ER N M AO R M AH N,ER OW N,1
NG S T ER Z L,NG L,1
N D IY AE Z T R,N EH R,1
K M,K T M,3
N UW DH,N OW DH,1
DH AH AY R,DH AE T R,1
R AA N,R AH N,1
IH K F,IH NG F,1
F R UW T,F ER T,1
T AH V,T IH V,1
V AH D IY P L,V L,1
AE D AH,AE T AH,1
AH D T,AH T,1
N Z R,N R,1
R IY M Z,R EY N Z,1
D AY M,D AA M,1
M Z AH,M AH,1
N D K W AO R T,N EY T,1
T ER Z AE T T,T S AH N D T,1
L G EY,L D D EY,1
ER OY OW V ER,ER AO R W ER,1
ER AO L Z,ER S,1
K AE ZH M,K EY S M,1
M IH R S W EH T,M EY T,1
T ER,T,1
T HH IH Z V IH K,T AH S P EH K,1
R N ER D AE T G,R AH G,1
Z TH IH N ER,Z B EH T ER,1
AA N AH,AA T AH,1
AH Z AH N D AE L,AH M AA L,1
AH G EY T ER Z AA R,AH AO R,1
W AO R DH,W ER DH,1
IY AO,IY F AO,1
AO T S T,AO R T,1
T OW AH,T AH,1
S IH Z,S AH Z,1
L OW ER D,L AO R D,1
N AE,N D AE,1
Y UW AA R,Y AO R,1
T M OW,T L OW,1
D IH D,D AH D,1
HH AY ER AO R L,HH IY L,1
OW ER DH,OW DH,1
DH AE N N AE,DH AH L AE,1
AH OW EY S,AH AY S,1
S IH S,S AH S,1
EY T DH,EY DH,1
M IY T SH,M AE N SH,1
P AO R,P UW R,1
R K,R,1
R K,R AH K,2
R K,R K K,1
 OW L D P, P,1
V P Y UW,V T UW,1
ER AA R B Y,ER AH V Y,1
 K AE L S IY AH, AH,1
R IY S IY,R IY,2
 D AA N T AE S, S,1
S K M IY T UW K AE R,S AH R,1
R IY AE,R AE,1
S HH AE Z,S IH Z,1
AH ER AY,AH R AY,1
T S ER IY AH Z,T R IH R Z,1
Z AA R K,Z AH K,2
AY V F AO R,AY ER AA R,1
 HH ER W AO R D, AE D,1
D R OW B K AH N,D V EH N,1
N S IH,N T IH,1
 EH L D ER L IY, HH IY,1
D Y AO,D T UW T AO,1
AO R D AA R K,AO K,1
IY AE N OY L IY,IY AH AH R IY,1
N AH S,N IH S,1
ER AH S T,ER D Z T,1
P AH D JH,P R AA JH,1
JH AE K,JH EH K,1
K AE,K T AE,1
AE S AH N,AE Z IH N,1
T IH L Y,T UW Y,1
N D M,N M,1
L DH AH AO T,L T UW AA R T,1
N AE M B Y AH,N AH,1
AH L AH N,AH D V AE N,1
R AA R M AE Z,R IH Z,1
AY AE Z Y,AY Y,1
AY OY L,AY AO L,1
 P L AE N, AH N,1
ER TH K,ER D K,1
 AH, DH AH,2
B AO R IH NG N,B OY N,1
L IH Z AH,L AH,1
S UH P ER,S T EH V ER,1
ER B S,ER S,1
IH L,IH N,1
L HH AW EH,L AY EH,1
ER IH N HH IH,ER AE M B IH,1
IH B AH,IH SH AH,1
AH T DH AH S P R AW T IH NG AH,AH N AH,1
T V,T S V,1
 AO R, AA R,1
N HH,N D HH,1
R IH S,R IY AH S,1
M N IY D AH D,M M EY D,1
AY Y EH L AO R W,AY W,1
IY OW V ER S,IY W AA Z S,1
DH EH R R,DH AH R,1
IY D F,IY F,1
EH G ER,EH T ER,1
EY Z IH G Z AE,EY AY AE,1
 JH EH F TH, SH IY TH,1
 JH EH F TH, HH IY TH,1
T Y UW AA R,T SH IY AO R,1
R G Y UW D,R D,1
N F EY V ER,N AH T ER,1
 JH AA, AA,1
N D SH,N SH,1
R AH L,R L,2
 AH P AO R T AH B AH L IH, IH,1
L D HH ER TH AY Z IH K S P L,L AO R DH AE T G L,1
L AO R IH,L OW IH,1
AY S IY T EH,AY Z AY D EH,1
T AH K,T IH K,1
 K AA, M AA,1
AA M B AY N,AA N,1
N AO L DH AH,N T AH,1
AH IH N,AH N,1
R IY D IY AH,R AH,1
N T S IH N,N Z AH N,1
 R AA B S, S,1
AH S T,AH T,2
R EY G IY,R IY,1
 IH D, AH N D,1
 IH D, AY D,1
R AE DH ER N,R AH N,1
N AA T B,N AH P B,1
DH AE N B IY OW,DH AH OW,1
R AY T,R IH T,1
T HH AE N D EY,T EY,1
EY K S W EH N,EY N,1
N EH V ER,N ER,1
IY IY Z,IY AE Z,1
Z IY,Z,1
 DH EH R AA R M, M,1
S N IH M F,S F,1
F OW M,F AO R M,1
AY S,AY Z S,1
AY S,AY T S,1
AY S,AY Z,1
AW L IY W,AW M AY W,1
 G R, R,1
R EH G B AY Z F,R IH F,1
K IY CH W,K IH NG W,1
K S N,K N,1
K S N,K T N,1
 V EY P ER P, DH AH P,1
R EH SH ER,R AA P ER,1
 B AH T W, F AO R W,1
ER AO R L,ER L,1
ER DH AE N N AE,ER D D AE,1
 P R AA JH EH K T, B AH T,1
V DH,V D DH,1
V DH,V Z DH,1
OW L S,OW S,1
S L,S T L,1
ER AY AE D,ER AH N D,1
AH OW EY S IH S,AH AE S,1
M ER AA ZH,M AO R AH L,1
IH N G R,IH NG R,1
V F AO L AW T,V M AE R AH T,1
T D AH,T DH AH,1
EY Z R,EY S R,1
AH B AW T D,AH D,1
S K Y AH L ER AE,S T G IH V AE,1
R M,R AH M M,2
AH T K L,AH L,1
N ER Z SH AE,N T CH AE,1
N D ER AH,N T R AH,1
AA SH W AO T ER AO L,AA TH AH L,1
HH AH Z,HH AE Z,1
B AH N,B IH N,1
N D R,N G R,1
N D R,N R,1
IY W,IY N W,1
IY W,IY V W,1
IY W,IY AH W,1
T OW L,T AH L,1
T OW L,T EY L,1
T OW L,T IH L,1
V P Y UW T ER AA R B,V B,1
B Y UW T,B AH T,1
AH F AH,AH V L IH T AH,1
IH S AH,IH DH DH AH K AH,1
IY P S,IY F S,1
IY Z D,IY D,1
S IY AH M M,S M,1
N AY AH,N DH AH,1
NG IH,NG HH IH,2
Z AE N AH N P,Z P,1
 B AH T DH AH SH, SH,1
IY S EY L,IY K AO L,1
 HH IY S, S,2
L AH D AY M,L M,1
M F R AH M AH B EH G ER,M EY T,1
R TH,R AH TH,1
ER Z D,ER D D,1
R IY V,R IH V,1
V Y UW EH,V IY L EH,1
 JH EH F, AE F,1
T Y,T ER Y,1
UW D IH,UW IH,1
V AH S EH,V EH,1
T R AH F Y,T Y,1
Y UW JH P ER CH AH,Y AH,1
AH S,AH R IY R Z,1
AH S,AH S S,1
K L IY N,K AE N,1
L F IH SH F AO R AH L IH V IH,L T ER IH,1
SH W,SH T W,2
D AW T,D AE T,1
T T UW D,T DH AH D,1
T T UW D,T IH V D,1
ER IH NG B AH,ER AH,1
AH T M,AH N D M,1
Z D IH G M,Z T EY K M,1
AY D DH,AY V DH,1
AY D DH,AY T DH,1
ER AW T G R,ER R,1
R UW HH ER AH P B R,R AO R,1
R IH NG IH,R IH,1
P IY N,P IH N,1
N AH T,N T,1
T OY L B,T OW B,1
 F AH, DH AH,1
F AH S OW L,F AA R AO L,1
L D M,L M,1
IY V AO,IY AO,1
L IY R AE G,L AH G,1
G L AY K DH,G R IY DH,1
AH M Z,AH N S,1
AY Z DH EY,AY S EY,1
S M IY AW AO,S B AH AO,1
AO L W EY Z HH ER T,AO T,1
T S M AY IH R,T AH F IY R,1
 K L IH F W AA Z S, S OW AY S,1
 K L IH F W AA Z S, S,1
 IY CH AH, DH AH AH,1
OW AH N,OW IH N,1
AY D AH D,AY D,1
V AH,V DH AH,1
ER N,ER AH N,1
N M,N D M,1
Z W ER AH,Z HH UW AA R AH,1
Z DH AE,Z AE,1
 P IY T S ER, HH IH ER,1
ER IY AH Z,ER Z,1
 P UH T DH, W IH DH DH,1
P F AY,P T B AY,1
AY V F,AY F,1
 HH ER W, DH AH W,1
B K AH N S IH S T S AH,B Z AH,1
 D AA N, W AH N,1
 HH ER T, P AH T,1
T EY L,T AE L,1
L N OW L,L AH L,1
L AO NG G ER L,L OW L,1
 DH EH R Z S, HH IY S,1
 L EH T, B AH T,1
T AH S D,T AE Z D,1
M F,M B IH F,1
L JH UW N Y ER D,L CH IH R D,1
HH IY IY,HH IY,1
IY T OW,IY D OW,1
T UW,T R UW,1
TH F EH R IY F,TH DH EY F,1
 SH IY HH AE D, S EH D,1
UW T,UW T T,1
AO L K,AO R K,1
L AY N,L AH N,1
S AA L,S AO L,1
L AH D S T EY T,L T,1
T M AH,T AH,1
 TH ER OW L IY W, DH EH R AA R W,1
Z D AH P,Z,1
R AA D,R AY D,1
D Z L AY K Y UW,D IY OW,1
 IY, HH IY,1
IY CH AH N T,IY HH AE D T,1
M L IY IH N,M AH N,1
M L AO S,M W IH S,1
K OW AH N,K AA N,1
S AY D AH,S AH N AH,1
AH D W IH DH DH,AH V DH,1
M AO R,M AA R,1
 Y AH NG S T ER Z L, N OW L,1
D IY AE Z T R IY T,D AH D EY T,1
 W AH N K, AY K,1
S AY AH V,S IH L V,1
V R IH L,V ER L,1
NG IH F F,NG AH F,2
D AA N T AE,D AE D AE,1
 OW V AH, AH,1
M Z IY K,M P S K,1
NG IH N,NG AH N,1
 AH B, B,3
B UH L AH,B AH,1
B ER IH,B AW R IH,1
T AY,T UW AY,1
SH AH B,SH AE B,1
B L IY,B IY,1
CH AE S,CH EH S,1
AH T IY AA,AH V DH AH AA,1
 CH UW Z K, SH IY K,1
ER S P IH,ER Z F IH,1
IH V P,IH N P,1
L IY Z D,L EY S D,1
 IH D R, AY R,2
R AY D,R EH D,1
N AH F CH,N DH AE T CH,1
R UW HH,R OW HH,1
 G AA T, DH AE T,1
AE G R AH K,AE D K,1
 G R EH G B AY, AE D V AY,1
AY Z F,AY S F,1
M IH L K IY CH W,M AW TH W,1
K K AH T B AE,K F AE,2
AH N L,AH T L,1
AH N L,AH L,1
IY D G,IY G,1
T DH AH S,T S,1
B EH G DH,B IY DH,1
L N AH T,L DH AE T,1
V IY Y,V Y,1
F L IH M Z IY,F AE N S IY,1
F G AH L,F B L,1
 P AA M, M,1
M OY L P,M AY P,1
S DH AH,S AH,1
ER F AH,ER V AH,1
S AW N D AH D AE,S AE T AE,1
 HH IH Z, AE Z,1
Z IH L EH K SH AH,Z AH W AH,1
AH N AA N,AH R UW N,1
R TH ER Z D,R DH AH D,1
M R IY V,M V,1
 DH EY EH, AY EH,1
OY IH T W EH N,OY AH F IY N,1
N AY AA D IH,N IH,1
IH SH AH,IH S IY AH,1
UW D IH N F EY V ER,UW ER,1
L IY N Z SH,L AE M SH,1
L F IH SH F,L Z F,1
V IH NG,V,1
 F AO R W, B AH T W,1
OW V AY,OW L AY,1
AH Z,AH N S,1
AH L OW,AH R OW,1
OW P,OW,1
G P R,G F AO R R,1
R IH V EH,R IY M EH,1
N T IH D DH EH M,N HH AE M,1
D AE F,D EH F,1
D AE F,D IH F,1
F N,F AH N,1
F N,F AY N,1
 AO SH, SH,1
N DH AE T B R,N AH V F R,1
R AO T,R AA N T,1
T M IY AE Z G,T IH G,1
G UH D AE N,G N,1
K AH M,K AA M,1
M AE Z M,M AH T M,1
DH EH M N,DH AH N,1
EY D AE Z,EY HH IH Z,1
P AH P,P Y UW P,1
AH T S D IH L,AH L,1
L AY T DH,L DH,1
D AA R D,D AW ER D,1
DH K R,DH G R,1
N Z,N D Z,1
R EH G T UW P,R EY K P,1
P EH K AH V P,P P,1
P AH T EY T,P AE K IH T,1
T OW Z,T S,1
L IY R AE G L AY,L ER D AY,1
 M IY T S DH, DH,1
P R AA S EH,P AH Z EH,1
AH V M,AH M,1
M IY T HH,M AE N HH,1
L OW ER DH,L AO R D DH,1
DH AH OW EY S IH,DH IH,1
DH AE T N OY Z P,DH IH S P,1
D B IH,D P IH,1
IH B L,IH T L,1
IY AA G R AH F IY,IY TH IY,1
IY Z AH,IY AH,1
Z IH L,Z AH L,1
K AO L,K OW L,1
NG Y AO R,NG DH EH R,1
S M AY N,S,1
NG P IH L,NG F EH L,1
CH D AW N,CH AA N,1
AH B L IY CH ER,AH W AO T ER,1
R AE G L AY K DH,R EY S DH,1
 N OW R, R,1
T S OW EH,T EH,1
CH IH T W,CH DH EH R W,1
N IY V AH,N EY B AH,1
L IY D,L D,1
DH AH N,DH EH N,1
N IH R,N DH EH R,1
N IH R,N ER,1
AY Z F R,AY P R,1
EH SH M,EH S M,1
L K IY CH W IY K D EY M AO R N,L AY N,1
AE T AH,AE V AH,1
AA F IH,AA P IH,1
K S,K T S,1
S N,S AH N,1
N AH G L,N D B L,1
L EH K,L AE K,1
K T DH,K DH,1
N AE M,N F EY M,1
M OW,M,1
 EY M T, T,1
S ER IY,S EH R IY,1
AH Z AA R,AH AO R,1
AH Z AA R,AH R,1
P F,P T F,1
 HH ER W AO, F AO,1
R D R,R M AH R,1
R OW B K AH N S IH S T S AH,R UW ZH IY AH,1
AH V OW N L IY S,AH P AE S,1
S K ER,S CH ER,1
ER T S AH,ER Z AH,1
AH N D B,AH V B,1
ER K M,ER M,1
R UW T L,R OW L,1
L AH S AH,L Z AH,1
ER D P,ER P,1
AH V Y UW P,AH P,1
N D V,N V,1
 D AE F, F,1
F N Z S,F Y UW AH S,1
S W IY D IH SH N,S T N,1
M AE CH,M AH CH,1
CH T HH,CH HH,1
S K UW L DH,S T DH,1
 DH AH IH, IH,1
 AH N, N,1
IY W OW,IY OW,1
N T P EY AO,N L IY AO,1
 DH AH B AH NG G AH L OW W, N AW W,1
P IH N,P AE N,1
N AH CH N AY T L,N IH SH M IH L,1
L IY IH N K R,L R,1
IY S AH Z,IY Z,1
SH AH B L IY,SH EH D,1
Z N AY N F,Z F,1
M Y UW T AH N,M AY N,1
P AE K AA,P EH T AA,1
R AA K,R UH K,1
L IY AH,L AH,1
N D K,N K,1
AA L AH F,AA F F,1
F L AW ER,F AO R,1
T S W,T W,1
W EH R D IH V AY,W ER DH IY F AY,1
W AE K ER IY K AE N,W AA T R EY N,1
T S ER IY AH,T AH,1
R K AH,R AE S AH,1
N V IY N,N IH N,1
N Y AH N,N S IY N,1
B UH CH ER,B IH T ER,1
 HH ER W AO R D R, AA R,1
R OW B K,R K,1
R IY S IY W AA SH,R UW AH SH,1
UW D IH P,UW B IY P,1
V IH T,V AH T,1
AH R EY N,AH N,1
N JH AH,N D AH,1
HH AH G D DH,HH Y UW JH DH,1
M AO S,M AE S,1
V EH,V AE N EH,1
V EH,V DH AH EH,1
W AO R W,W ER W,1
 R AE L F K, AH K,1
AH B L IY CH,AH W AA CH,1
R OW SH,R EH SH,2
SH UH R IH,SH ER IH,2
CH G AA,CH AH K AA,1
R B IH JH,R P AH T,1
AH L OW K,AH AH K,1
EY SH AH,EY ZH AH,1
T EH M,T IH M,1
S AW N,S AE N,1
IY N DH,IY T DH,1
 DH AH F, F,1
F AA G P,F AO R P,1
T EY K M IY SH,T EH R IH NG SH,1
EH D AH N D,EH D,1
JH DH EH M,JH HH IH M,1
 HH AW G, AY G,1
G UH D IH Z Y,G AA T Y,1
N B IY AE N EH N T ER T,N OW T,1
EY N IH,EY T IH,1
K S HH AE V N,K IH N,1
B OW N Z,B AH L Z,1
P S,P S S,1
 M IH L K P, DH AH P,1
 W AY L HH, B AH T HH,1
Z IH N K,Z AH K,1
IY HH IH Z,IY AE Z,1
F D IH V AO,F B AO,1
R S T HH IH M,R D AH M,1
AH M D IH P,AH P,1
P IH K,P AH K,1
IH F K,IH T K,1
S AA L V D,S OW,1
 OW N L, AO L,1
L IY L,L DH AH L,1
 Y ER AH TH, AE TH,1
TH EY N,TH AH N,1
N F OW M AE Z AE,N AE,1
AE N IH N S,AE S,1
IH D DH,IH P DH,1
 K AO L AE, AE,1
L EY T,L AE T,1
N T DH,N DH,1
OY EH,OY D EH,1
IH N TH,IH M TH,1
 R AE L, AO L,1
L F K,L K,1
DH IH S B R,DH AH P R,1
 W AY, AY,1
JH M,JH Y UW M,1
UW W IH L B,UW B,1
 EY T F, AH F,1
F IY L D G,F Y UW G,1
D IH N P,D P,1
 HH IY, DH IY,1
IY R AH B D HH IH Z AY Z,IY Z,1
D T W,D W,1
IH CH T HH,IH DH HH,1
D HH IY F,D F,1
T AH,T DH AH,1
 AH L UW M AH N AH M S, AY AY S,1
IH L V,IH V,1
V ER W,V AH L W,1
R K AE N,R AH N,1
IH V Z D R AY V,IH V,1
AA N TH ER Z D,AA L AH R D,1
S T T,S T,1
T AW N,T AA N,1
T S HH,T HH,1
EH L TH IY ER T,EH T,1
T UW K UH K,T AH R AA K,1
K W IH TH AW T,K L AH T,1
G EH T,G IH T,1
N AO T AH M,N D AE M,1
DH AE T,DH AH,1
 HH IY D K, AY K,1
S AA N IH K,S AH M K,1
K IH L,K AH L,1
T R AA N IH K G,T ER G,1
K AO L B L,K P L,1
IY L Z P,IY P,1
S EH,S T AE N EH,1
L AH W EH T,L,1
K Y AH L,K IH L,1
L ER AE B D OW M AH,L IY R AH P SH AH,1
 P L IY Z T, T,1
S D,S T AH D,1
D ER T IY,D IY,1
AE M P,AE P,1
P UW D AW ER,P ER,1
ER AO R IY EH N T AH L,ER AE L,1
