T IH N,T AH N,116
T IH N,T EH N,1
N G,N D G,119
DH IH S,DH AH S,2
S D AY,S T AY,1
AY V S,AY L S,1
R D AA R K,R AH T AE K,1
R D AA R K,R T AH K,1
UW T IH,UW IH,1
K D IH,K HH IH,1
IH S T EY,IH Z F EY,1
S T,S,2
 AA HH, HH AE HH,1
HH AA HH,HH AH HH,1
D AH V,D IH V,1
R S,R S S,1
N DH AH S,N S,2
N D IH,N IH NG IH,4
R W AO,R B AO,1
Y UW N Y AH N,Y IH R,1
 HH IY, IY,1
 HH IY, W IY,1
V AA N,V IH N,1
B AH F,B OW TH,1
 DH AH, AH,3
W ER M,W AO R M,1
M AA N DH AH HH UH,M ER K UH,1
M JH EH N,M CH AE N,1
N ER AH,N AH,1
N ER AH,N T AH,1
S AH B T,S T,1
T EY,T UW P EY,1
N P,N T P,1
N P,N D P,4
UW L IY,UW W IY,1
UW L IY,UW B IY,1
T AH D W,T IH NG W,1
N V ER S AH Z,N F AO R,1
UW DH D,UW D,3
T S,T,4
D Y AO R D,D AH D,3
D Y AO R D,D T UW D,1
D Y AO R D,D D,2
ER Z B,ER B,1
AH B IH,AH P IH,1
D L,D AH L,1
L IY AE M B,L Z EY B,1
L D TH R UW,L T UW,1
W EH L,W IH L,3
 DH AH B, B,2
R W,R AH W,4
L D DH,L DH,4
R AH P,R P,2
 W AY CH AA R JH M AH N IY F AO R S AH CH G AA R B IH JH,,1
S AH,S DH AH,2
L IH T,L AH N T,1
W UH D JH,W IH DH JH,1
 B R, R,1
OY L,OY AH L,1
L AH G L,L AE Z W EH L,1
L OW,L,1
 IH F K, K,1
 IH F K, DH AH K,2
V HH ER ER,V ER,3
V HH ER ER,V AO R ER,1
JH F,JH D F,1
NG AE T,NG IH T,6
 HH IH Z SH, DH AH SH,3
K M,K HH IH M,1
M IY T,M T,1
IY AE N,IY IH T AA N,2
IY AE N,IY AH N,4
IY AE N,IY IH N,3
IY AE N,IY AA N,4
IY AE N,IY AY D AA N,1
IY AE N,IY AH D OW N,1
N OY L IY R,N AH R,1
N OY L IY R,N IH N IH R,1
N OY L IY R,N DH AH R,1
K HH IY AH,K Y UW AH,1
AW D F,AW F,1
R AE Z M,R M,1
IY T UW R,IY R,1
N G R,N R,1
N G R,N K R,3
R IH L,R IY L,1
S IH R K,S ER K,1
T S AH,T AH,1
T EH K S T R AH,T AH V DH AH,1
 B IH F, F,2
M R IY V Y,M Y,1
UW EH V,UW HH AE V,1
V ER IY F,V AH F,1
JH EH F TH,JH AH S T TH,2
 JH AA N K, CH AO K,1
 JH AA N K, CH AE D K,1
L IY N Z SH,L AH T SH,1
L IY N Z SH,L EY M D SH,1
 SH IY HH AE, Y AE,1
AE D Y AO R D,AE DH AH D,1
AE D Y AO R D,AE Z AH D,5
T IH,T W IH,1
T IH,T HH IH,1
T IH,T S IH,1
IH N G R,IH L R,1
R IY S,R AH S,2
R IY S,R EY S,2
IY W,IY V W,1
IY W,IY Y UW W,1
AA SH W,AA CH W,2
UW K AE R,UW S IH R,1
IY AE N OY L IY R,IY AH AO R IH R,1
R AE G L,R AA K L,3
R AE G L,R EH D L,1
R AE G L,R EH K L,1
R AE G L,R AY D Z L,1
 Y UW T, T,1
IY P IH NG,IY F IY,1
K W IH DH L,K R IY AH L,1
AY N Z,AY Z,1
Z T UW IY,Z IY,1
L T IY,L,1
AY AA D,AY AO R D,1
AY AA D,AY AH D,1
D AH T S,D ER,1
 AE L, EH L,1
 AE L, EY L,2
L AH S,L S,1
S AH Z,S IH Z,1
S AH Z,S IY,2
N OW T,N AA T,1
ER DH IY,ER K IH NG,1
NG R UW M M Y,NG W IH DH Y,1
Y UH R AH L Z,Y UW,1
 M IH D IY, IY,1
AY R AA,AY ER AA,3
IY Z,IY,3
 SH IY HH, Y UW HH,3
 Y UW Y, Y,1
Z R AH,Z W AH,1
M TH EY R,M DH EH R,1
R N,R D,1
R N,R AH N,1
T ER R,T AH L R,1
N L AH,N M AH,1
AH N CH,AH CH,1
CH R,CH F AO R,1
R UW M S,R S,1
S AH P,S ER P,1
P ER Z,P R AY Z,1
P ER Z,P T,1
Z M,Z D M,4
UW D AW ER AO,UW Z AA R AO,1
UW D AW ER AO,UW AA R AO,1
UW D AW ER AO,UW T UW AO,1
UW D AW ER AO,UW AO R AO,1
UW D AW ER AO,UW DH AE T AO,1
D AA R K,D AH K,1
T IH N G,T G,19
T IH N G,T AH G,1
T IH N G,T AH V G,1
T IH N G,T AH V G R IY S G,1
L AH G,L G,1
L AH V M,L EH F T M,1
N EH R,N Y IH R,1
JH F AO R AH M,JH HH ER M,1
L IH,L IY IH,2
K L IY,K W IY,2
N D SH,N SH,2
N AW DH,N OW DH,1
IY N IH,IY T IH,1
 V EY, F EY,1
F T,F DH AH T,1
R AH N IY,R IY,1
S N,S AH N D N,1
T DH AH P UW R,T,1
T DH AH P UW R,T B IH F AO R,1
S T K,S K,1
 DH AH S, S,3
P F R,P R,1
AE N T,AE K T,1
K AH L,K L,1
 B AE L, F IH L,1
L AA T AH,L AY F AH,1
UW B AY,UW F AY,1
AY EH N,AY N,1
AY EH N,AY AH N,1
N IY K,N D AH K,1
N IY K,N D K,1
K AO,K W AO,1
R D ER,R T ER,1
ER OY,ER R OY,1
 IH G, AY G,1
AH Z,AH IH Z,1
Z AH N D AE,Z AE,3
SH IY HH AE D,SH EH D,1
SH IY HH AE D,SH EH R D,1
IY T UW K,IY K,1
K AE R,K EH R,2
K AE R,K Y UH R,2
R IY AE N OY L IY R,R IH NG AO R DH AH R,1
IY IH NG AH,IY D AH,1
D AH D AH,D IH NG AH,1
 IH F DH, DH,1
M IH Z,M ER Z,1
TH S T,TH T,1
 B AA R B B, W AY B,1
N D P,N P,3
S AH S,S ER Z,1
S AH S,S AY S,1
UW IH N,UW AH N,1
N IH,N D IH,1
ER R IH,ER IH,1
T AH N,T,1
T AH N,T IH N,1
T AH N,T AO N,1
 IH F P, P,2
R B B,R B,6
ER N D P,ER AH P,4
AH V P,AH P,1
T AH N D HH,T S DH AE T HH,1
HH IH M,HH IY R,2
N N,N D N,1
 HH, DH AH HH,1
P EH K,P AE K,5
S T D,S D,1
D EH K,D EY,1
D F AO R SH,D W IH DH SH,1
Z JH AA,Z CH AA,1
IH D Z,IH Z,1
D IH S K,D T UW,1
K T DH,K IH NG DH,3
K T DH,K S DH,2
K T DH,K DH,2
Z AH P B,Z AW T B,1
Z AH P B,Z DH AE T B,1
NG IH N P,NG P,2
P T,P AE T,1
L AH,L AH AH,1
L AH,L DH AH,1
L AH,L B AH,1
HH ER ER,HH ER,1
ER EY N,ER IH N,1
N JH F,N F,1
AA D AH,AA N T AH,1
P AH HH,P AA N HH,1
HH EH M,HH IH M,1
Z B IH,Z V IH,1
Z B IH,Z F IH,1
Z IY F,Z AH T F,1
L AH S AH Z,L Z IY Z,2
Z IH T S,Z DH AH S,1
S IH N,S AH N,1
S IH N,S EH N,1
N L,N D L,2
CH DH,CH T DH,1
M AH N,M DH EH N,1
M AH N,M ER,1
M AH N,M IH N,1
N D K,N K,1
 L, G L,3
 L, AH L,1
 L, S L,1
 L, F L,1
R IH S,R IY AH S,3
R IH S,R AH S,1
K G L,K L,2
B AH N D K,B K,1
D AE Z,D IH Z,1
N AH S T,N AY Z D,1
W AO R AH,W ER AH,1
V IH R,V Y AO R R,1
S W IH DH P,S F AO R P,1
AE V B,AE Z B,1
Z F R AH M K,Z K,1
W EH N R,W IH DH R,3
AH F IY,AH S IY,1
L IH P,L EH P,1
N DH AH,N AH,1
W EH DH ER,W AO T ER,1
F OW N IY,F AO R T IY,1
N D T,N T,6
N Z,N,4
AE F AH,AE P AH,1
AE F AH,AE P AH T AH,1
S AE T,S EH T,6
AA N D AH N D,AA D,2
Z DH AE N B,Z T UW B,2
W EH N EH,W AH T EH,1
V AH,V W AH,1
V AH,V DH AH,2
AH HH,AH N HH,1
 P UH T, B AH T,2
M D AA,M DH AH AA,1
R AO AO,R AO,1
AO L F,AO F,1
 AH CH, CH,2
L Z,L,10
UW F IY D M,UW DH AH M,1
P IH Z,P AE Z,1
T S F,T F,1
AH S T S,AH S,1
ER Z SH,ER SH,4
G,G Z,1
AE D Y,AE Z Y,6
N IH Z,N HH AE Z,1
 HH AW G UH D IH, AE Z IH T IH,1
Z IH N AH,Z AH,2
AO L P,AO R P,1
Z F AO R M IY,Z,2
 D UW N, N,1
EH D AH N D,EH D,2
R IH N,R AE N,1
N D AE,N T AE,1
S M AY,S F AY,1
AY IH R,AY N D Y UH R,1
IH DH DH,IH DH,2
IY AE Z,IY Z,2
IY AE Z,IY IH Z,1
ER Z,ER,1
EY P Y,EY T Y,1
SH OW D,SH UH D,1
D P L,D L,1
L EH ZH ER,L AY K,1
 AH, DH AH,2
AH B AO R IH NG N,AH N,1
L IH Z,L Z,1
Z AH S,Z AA R S,1
S UH P,S UW P,1
ER B S,ER S,1
NG P IH L,NG,1
T D R,T T R,1
AH NG K HH,AH M P HH,1
DH IH S S,DH S,1
R EY N JH ER,R IH NG,1
 HH IH, DH IH,2
IH Z W,IH S W,1
V W AO,V AO,1
S IY W,S AH N D W,1
S IY W,S IH NG W,1
S IY W,S DH AH W,3
W UH M,W AO R M,1
 DH AH K, K,3
IY AE T DH AH SH,IY F AO R SH,1
SH AO R,SH UH R,1
SH AO R,SH AW ER,1
F AA F,F OW F,1
N AH M,N IY M,1
M AH K,M IH K,1
CH T DH,CH DH,4
EY G IY,EY K IY,3
IY S,IY TH,1
IY S,IY Z,3
IY S,IY Z S,3
B EH G,B IH G,2
G DH AE T G,G ER G,1
DH AE N,DH EH N,1
AH B OW,AH G OW,1
V L EH,V M EH,1
EH N T,EH T,1
AA P T,AA K T,1
T TH IH K B,T DH AH B,1
S W ER T,S F AO R T,1
M F AE,M B R AE,1
N,N CH,1
N,N T,1
W IH L,W EH L,1
OW L IH L,OW B EH L,1
UW TH F,UW F,1
F EH L,F IH L,1
 D UW, JH UW,1
 D UW, T UW,1
AY N B,AY B,1
B OW L,B AO L,1
T S AH M F UW,T HH UW,1
UW L W,UW W,1
 V Y, D UW Y,1
S IH N F AY V K,S AH M P AA K,1
AA N D AH N,AA N,2
D S K,D K,1
K EH CH,K AE CH,1
 B EH, EH,1
G DH AE T G AA R,G Z EH K AO R,1
D F,D ER F,1
DH IY Z SH,DH AH SH,2
Z DH AE,Z K AE,1
 HH ER R, R,2
 HH ER R, DH AH R,1
D EY,D M EY,1
R IY AE N OY,R OY,2
 D IY, JH IY,1
 B AA B P, P,2
K UH D DH,K AA Z DH,1
IH R D,IH G Y ER D,1
 AH B, B,2
EH M B L,EH L,1
M D,M AH N T D,1
AH M Z,AH B Z,1
OW IH F AO,OW AO,1
IY IH N B,IY AH B,1
D T UW F,D DH AH F,1
IH F W,IH P W,1
ER CH IY F S,ER T UW S,1
V M IH,V B IH,1
OW HH AE V HH ER,OW P EH P ER,1
R AH M IY,R B IY,1
ER AO L Y IH R,ER AA N,2
ER AO L Y IH R,ER,1
M IY V IH N M,M M,1
M AY TH IY,M IY,1
IY M,IY,1
R EY,R IY EY,1
EY Z IY F UW L HH AE,EY T IH V K AE,1
L AW D,L AY Z,1
 B EY K S, F IH G S,1
IY AA R N,IY M AY N,1
IY AA R N,IY N,1
S T UW S,S AH S,1
D IH N M AY AE M,D AH D M,1
IY,IY AH,1
R EH N D,R D,1
D ER AH N S,D AO R,1
IY N OW N IY D F AO R W,IY DH AH W,1
ER AH N D L,ER IH T L,1
IY AE N EH N T ER T,IY AH T,1
T EY N IH NG S,T IY M S,1
 F AE, DH AE,1
AA R K S UW T IH N G,AA G Z G,1
IY W AA SH W,IY L AO S T W,1
IY W AA SH W,IY V D W,1
N OY L,N D OW N L,2
N OY L,N AO L,5
N OY L,N T R IH L,1
N OY L,N OW L,2
N OY L,N L,1
N OY L,N ER L,1
R AE G L AY K DH AE T,R EH D,1
UW DH IH,UW HH IH,1
IH S AH,IH Z AH,1
D AH D AH T,D ER T UW T,1
R EY L,R AY L,1
 N EH, EH,1
 HH UW AO TH ER AY Z D DH, DH,1
DH AH AH,DH AH,1
AH N L,AH L,1
L IH M AH T,L AE S T,1
T AH D IH,T IH,1
S AH K AW N T,S IH V,1
 T UW F, F,2
 L AO, N AO,1
 L AO, M AO,1
IY EH L AH,IY AA N AH,1
AH G AH N T,AH S T,1
AY Y EH L AO R W,AY W,1
S IH L,S IY L,1
IY AY T AH M Z,IY AE K,1
 G EH S DH AH K W EH, Y EH,1
EH S CH AH N F R AH M DH AH AE N S,EH S,1
S ER,S,1
L IY R,L DH AH R,5
L IY R,L D R,2
L IY R,L IH R,1
AE G L,AE K L,3
IH T S AE,IH Z AE,1
AE P L AH K AH,AE F AH,1
T IY T,T EH T,1
Z D DH,Z DH,2
M N,M Z N,1
V Z T,V T,1
Y EH L,Y EY L,1
Y EH L,Y AE L,1
L AO R,L AA R,2
W ER IY,W EH R IY,1
IY OW V,IY AH V,1
V ER S,V AH S,1
D AA R K S,D AO G S,4
S UW T,S W IY T,1
S UW T,S IY T,1
P OW AH,P AE L AH,1
AH T S,AH S,1
S M AO R OW V ER D,S D,1
K DH EY G EY V W,K L AY K AH W,1
EY K UH D N,EY N,1
UW W IY K AE N D,UW D,1
L D S,L Z S,1
D IH G M AY P,D UW N AA T HH AE V P,1
Z AH P,Z DH AE T P,1
P B IH F AO R F,P IY P AH L F,1
F R AO S,F EY S,1
ER AH P B R IH NG IH NG IH N P,ER P,1
R IY AE,R AE,1
R IY AE,R AH T AE,1
AH TH IY M,AH S EY M,1
V,V D,1
W AA Z S,W IH DH S,1
UW DH D B AY,UW Z V AY,2
UW DH D B AY,UW AH S AY,1
AY DH,AY D DH,1
AH N T,AH T,1
AH N T,AH K T,1
P AA R,P AO R,1
EY N M,EY M,2
IY T S,IY Z,1
AH S,AH K S,1
AH S,AH N S,1
S AH Z AH,S AH,1
IH T Y EH T,IH T,1
 IH N SH, SH,1
T AH N D T,T AE T,1
T UW B,T DH AH B,1
R OW AE N,R AH N,1
N AA,N D AA,1
B AO,B ER AO,1
R IY AH L F,R F,1
N T AH,N AH M AH,2
N T AH,N AH,2
L OW P,L,2
L OW P,L AY Z,1
EY M IY N DH,EY DH,2
 DH AH F AA G P, P,1
D DH EH M,D HH IH M,1
D AE F,D EH F,1
F N,F AH N,1
N Z S,N AH T L IY S,1
N Z S,N IY S,6
D DH AH P,D D IH P,1
EH Z AH N T B,EH S IH V B,1
AY,AY V,1
AY,AY N,1
 M AO R HH IY K, Y UW K,1
K UH D T EY K,K AE N CH EH K,1
P L EH Z AH,P ER F AH,1
T AY,T L AY,1
AY D L IY AE,AY K AE,1
AE M B AH,AE N V AH,1
L D TH,L TH,1
CH N AY,CH S L AY,1
V SH AH B L IY,V M UW V,1
D IH Z,D EH Z,1
T S S,T S,1
N AE,N D AE,2
IH V Z D,IH F T S D,1
EY Z,EY,1
EY Z,EY ER Z,1
R IY S IY,R EY V IY,1
R IY S IY,R IH Z L IY,1
 Y UW S, S,1
 AA R Y, Y,1
EY D Z HH,EY S HH,1
V DH,V D W IH DH,2
DH AH K,DH K,2
AE D DH AH OY L,AE T AO L,1
 D AH, DH AH,1
AH Z S,AH S,2
M AE N,M EH N,1
N OW T AH,N D AH,1
V AA K,V AO L K,1
 IY T IH NG S, Y UW S,1
 AE T T, AH T,2
 B R IH NG M, M,1
AH F AY ER K R AE,AH DH AE,1
AE K ER Z,AE T,1
OW N W UH D P,OW P,1
L AY V,L IH V,1
V D AH,V Z AH,1
DH D F,DH Z F,1
DH AH M AY N IH NG K AH,DH AH,1
M P AH,M AH,2
 SH IY W AO R W AO R M F L IY S IY W UH L AH, DH AH,1
AH N OW V ER AO L Z,AH,1
 R AE L F K AH N T R OW L, W EH L,1
L D DH AH S T AA P W AA CH F R AH M DH,L DH,1
AH B L IY CH ER Z,AH,2
AY K HH,AY T HH,1
D AH R,D IH R,1
T IY V W AO,T EY F AO,1
DH AE T HH IY F,DH EH N F,1
F ER G AA T,F AO R DH AE T,1
Z AH,Z DH AH,1
N AH,N DH AH,3
N AH,N D AH,1
N D W,N W,1
T L EH DH,T M AH DH,1
 R AA B S, IH T S AO F S,1
 R AA B S, S,1
P AA N,P AO N,1
N D AH,N AH,1
N D AH,N T AH,1
AH N D S,AH S,1
R EY G IY,R AY K K IY,1
 B EH G DH, DH,1
DH AE,DH EY TH AE,1
AE T G,AE NG K G,1
AA R D,AA D,1
 HH ER, ER,1
ER R AY,ER AY,1
AY T HH,AY V HH,1
AE N D EY K S W,AE V EH G Z W,1
NG Z,NG,1
HH EH N,HH AE N,2
N AE N,N AH N,1
Y UW W ER IH,Y OW Y AH R IH,1
 HH UW, T UW,1
HH AE D,HH ER D,1
F ER M,F AO R AH M,1
M EH N,M IH N,1
AH D B EH V,AH T AE V,1
JH IH Z,JH AH Z,1
SH AH B L,SH IH P L,1
 D AA N T AE S, DH AH B EH S,1
S K M IY T,S T W EY T,1
 HH IY M, Y UW M,1
HH IY M,HH UW M,1
S P,S AH V P,1
M AH G,M G,1
D W AA Z S,D R IY S,1
N D IY,N IY,1
 D IH D, D,1
D Y UW,D UW,1
AH N M,AH V ER M,1
N K,N T K,1
T F AO R TH,T TH,1
 IH, DH AH IH,1
 IH, F IH,1
CH EH S T,CH IH R Z,1
L HH,L DH AH HH,1
IY Z K,IY K,1
R L,R AE L,1
ER JH ER,ER D ER,1
AH S L UW S IH,AH TH IH,1
R EY N,R AY T,1
Z AO L EH R ER,Z AW ER,1
M IH L,M IY L,1
L K IY,L Z IY,1
M P L IH NG,M,1
M AY AA D AH T S,M AW TH,1
B P EY P,B HH AY P,1
ER D OW,ER IH T OW,1
M Y UH R,M AO R,1
N HH AY R AA R K IY Z,N P AW ER,1
 D AA N T AE S K M IY T UW K AE R IY AE N OY L IY R AE G L AY K DH AE T,,1
IY AH V,IY HH AE V,1
 HH IH Z S, DH AH S,1
ER EY JH,ER IH JH,3
 DH AH P, P,1
AH P AA N,AH F OW N,1
AH P AA N,AH M AW N,1
IY T AH,IY D AH,1
L D IH R,L DH EH R,1
S K L,S P L,1
R IY IH N,R EH N,1
N F,N T F,1
R S S,R S,1
S IY M,S EY M,1
K OY L,K OW AA L,1
AH V K L,AH P L,1
S IH,S EY IH,1
W AA SH W AO,W ER K F AO,1
AO T ER AO,AO R AO,1
L Y IH R,L,1
K M IY T UW K AE R,K F AO R,1
K M IY T UW K AE R,K F AO R P IH R,1
G L AY K DH AE T,G R EH G Y AH L ER,1
Z K AA,Z P R AA,1
AA N F ER M,AA K L AH M,1
SH AH N AH,SH AH,1
AH L EH N,AH N,1
N T R AH P IY,N,1
AY AH B AH L EH N AH M IY K AH N T IH N Y UW D,AY D,1
D AA N AE,D AE,1
S W ER ER,S ER,1
K AE N B,K UH D B,2
R AH N,R L AO N,1
D ER EY JH M EH R,D R,1
R IH JH,R IY,1
IH T S HH EH L,IH L,1
L TH IY ER,L T ER,1
ER T,ER D DH AH T,1
T UW K UH K W IH,T R IH,1
IH TH AW T,IH B Y UW T,1
T SH UH G ER,T,1
AO T AH M,AO R D ER,1
AE F D,AE P D,2
NG IH F F,NG AE T F,1
NG IH F F,NG AH F,1
NG IH F F,NG AH N D F,1
NG IH F F,NG DH AH F,1
N Y UW,N,2
 M AA, DH AH B AA,1
S AE P AH T,S EH D IH T,1
T AY Z ER,T ER,1
N DH,N Z DH,1
K S UW,K T UW,1
K S UW,K F UW,2
UW T IH N G,UW G,1
T L IY,T,1
T F AE N S IY T,T DH AH T,1
AH L K L,AH L,1
L AO TH S,L,1
W UH L AH N,W IH DH AE N,1
F K AH,F DH AH,1
AH N T R,AH TH R,1
OW L D DH AH S,OW T UW S,1
W AA CH F R AH,W AH,1
AH M DH,AH T DH,1
S B R,S P R,1
OW SH UH,OW K Y UH,1
R IH Z,R Z,1
Z P AA R T IH K Y AH L ER L IY IH N F AO R M AH,Z DH AH,1
AH T IH V F AO R P,AH P,1
EY L,EY Y OW L,1
W AO R W,W IH L AH W,1
W AO R W,W IH L W,1
M F L,M P L,1
N W,N D W,1
DH EH,DH AH EH,1
D IH D DH,D AH V DH,1
K IH,K L IH,1
R D DH,R DH,1
IY D IH SH N,IY T AH S T N,3
UW T IH N,UW D AH N,3
N OY L IY R AE,N DH AH B AE,1
N G OW S T,N B IH K AO Z IH T,1
T L,T S L,1
K R AY F AH L M AH N EY M D AH,K W AA CH IH NG AH,1
 AE N, TH EY R N,1
AA K T,AA T T,1
T IH L Y AH,T OW T AH,1
AH N AE T,AH L IY AW T,1
AH M Z N,AH V N,1
T AH S,T L EH T S,1
 DH AH S AW N D AH V JH, JH,1
F AH R Z B Y UW G,F ER S P IY G,1
D DH AH AE,D T UW AE,1
F M AE,F DH AE,1
AE CH T,AE T S T,1
AE CH T,AE S T,1
T HH ER S,T R UW S,1
K T AA,K S G AA,1
HH AH B W,HH AE V W,1
Z S T IH L,Z F EY L,1
D DH AH B,D B,2
AA R K,AA K,1
S UW T IH N,S HH UH N D AH N,1
 P R AH, DH AH,1
AY AH,AY AO R AH,1
OW L D,OW D,1
 P UH T DH, DH,1
 P UH T DH, W IH DH,1
P F AY V F,P DH AE T F,1
P F AY V F,P L AE T F,1
Y IH R,Y UW,2
Y IH R,Y AO R,1
V SH AH B,V S IH B,1
 Y UW W, HH IY W,1
N T UW SH,N S AH V SH,1
JH D D,JH D,1
K F AH,K T AH,1
K S UW T IH N G,K G,1
 AH F, F,1
P EH R,P AE Z,1
EY D S,EY S,1
M D AH,M AH,1
 HH IH Z HH, HH,1
 HH EH L P, Y AH P,1
T UW P IH K,T EY K,1
HH AW S IH,HH AE F IH,1
AY T AH D,AY D,1
D W,D IH NG W,1
Z G L,Z K L,1
OW D JH UW,OW S T UW,1
AH L B R,AH P R,1
AH OW SH AH,AH AH,1
AH N,AH V,1
AH N,AH V B AA N,1
Z D IH G M,Z T EY K M,3
NG IH N,NG AH N,3
R AE G,R EH G,1
S ER Z,S AH Z,1
ER IH N,ER AH N,1
N T,N D T,1
Z R,Z F AO R,1
R AH N DH,R DH,1
L AY F T,L AW D T,1
T EH N AH N T Y,T UW Y,1
UW D IH D AH,UW S DH AH,1
AH K T AH,AH AH,1
D D IH P,D DH AH P,1
P L,P AH L,1
IY SH AH N,IY S,1
ER IY Z,ER D Z,1
ER AA R B,ER B,1
M TH EY,M DH EY,2
EY R,EY AA R,2
AW M,AW Z M,1
AH T ER,AH D ER,1
 Y AW V G, G,1
IY D Z DH,IY CH DH,1
S K,S T K,1
M N IY,M M IY,1
D AH,D IY AH,1
AH D B,AH B,1
L AH V,L IH V,1
L AO R W,L AH W,1
 SH IY, HH IY,4
V AH N,V IH N,1
N D DH,N DH,2
L D F AH M IH,L TH IH,1
IH L Y ER S IY N Z,IH NG Z,1
N IY DH,N DH,1
DH ER S,DH AH S,1
 DH AH T, T,1
M W,M AH P W,1
IY B IH K,IY K,1
K AO Z,K AA Z,1
R AH JH,R JH,1
W EH R OW,W ER OW,1
IY D B ER,IY P ER,1
ER EH F T,ER EY,1
AO R D AA R,AO R,1
R K S,R S,1
T IY N,T AY N,1
UW IH,UW HH IH,1
IH T S R,IH Z R,1
R Z IH Z,R Z,1
S M AH,S F AH,1
AA ZH,AA D,1
AA ZH,AA T,1
CH AH N T,CH T,1
M L IY IH,M AE N IH,1
M EY ER,M IY ER,1
M AH N K,M IH K K,1
Z T R IY T S,Z F UW D Z,1
K M IY T,K W AH T,1
T UW K,T AH K,1
K AE R IY AE N,K ER IH N,1
Z AE Z,Z HH IH Z,1
DH AH AY,DH AE T AY,1
R IY M Z,R EY N Z,1
Z AE T,Z AH V T,1
T T,T OW T,1
T OW L,T AH L,1
T OW L,T IH L,2
L G EY,L D EY,1
Z AA R T,Z AH V T,1
W AO R DH,W AA Z DH,1
D IH N,D AH N,1
DH D,DH,1
Y UW AA R,Y OW Y AH R,1
D IH D,D AH D,1
T UW D,T AH D,1
T UW D,T D,1
EY T DH,EY DH,1
IY T SH,IY SH,1
P AO R,P UW R,1
R K,R,1
R K,R AH K,1
IY AE N OY L,IY AO L,1
S HH AE Z,S IH Z,1
Z AH N,Z IH N,1
AH ER AY,AH R AY,1
AY V AH,AY F AH,1
AH V HH ER M,AH T F AO R DH AH M,1
OW B AH L P,OW S T P,1
T N ER,T,1
K AE N,K EH N,1
N S,N D S,1
K L AH,K M AH,1
N CH,N IY,1
 D R AA P, P,1
 HH ER W, DH AH W,2
 HH ER W, F AO R W,1
 HH ER W, W,1
N OY L IY,N AO T IY,1
AH AH B,AH AW T B,1
B V ER,B ER,1
ER S,ER S T S,1
ER S,ER Z S,1
N D M,N M,1
R AH M,R M,2
M AE,M Z AE,1
L AH V Z,L OW Z,1
EH R,EH R AA R,1
IY D F,IY F,1
JH EH F,JH IY F,1
N K L,N P L,1
L IY N,L EY N,1
N D SH EH,N Z F EH,1
EH L,EH R AH L,1
D AA R K S UW T IH N G,D AO G,1
G R IY S IY W,G W,1
ER AO L Y,ER AA N Y,2
 AH P, P,1
ER IH Z,ER Z,1
Z IH N K,Z K,1
 HH IY D R, R,1
R UW AH D IY,R IY,1
IY P B R EH TH,IY L,1
 IH T S, DH AH S,1
K AH,K Y AH,1
L D HH ER,L ER,1
ER TH AY,ER F AY,1
AY Z IH,AY L IH,1
AY S IY T EH,AY D EH,1
T AH K,T IH K,1
T B AY DH AH,T AH,1
D S K EH,D Z G EH,1
EH CH T,EH T,1
T DH AH S,T S D IH S,1
R EY G IY S,R OY D,1
G DH AE,G B AE,1
AE T G AA,AE K Y AA,1
D F AO R W,D W,1
 IH D R AE DH ER N, N,1
N AA T B,N OW B,1
B AY DH IY,B AA D IY,1
IY Z SH,IY SH,1
SH UW Z DH AE N B,SH UH D B,1
 DH EH R AA, AA,1
 B AH T W, F AO R W,1
 DH AH OW EY S, Y AO R AY S,1
S IH S,S AH S,1
Z AH M,Z N T M,1
M ER AA,M AY L AA,1
D AA R K S UW,D AO G F UW,1
T D AH,T DH AH,1
EY Z R,EY S R,1
D Z AH V K,D K,1
 D IH S EH M B ER AH N D JH AE N Y UW EH R IY AA R N AY S M AH, DH AH,1
AH N TH S T UW S P EH N D IH N M AY AE M IY,AH,1
R EH N D ER,R G ER,1
ER AH N S,ER L,1
ER AH N D L IY V Z IH,ER IH,1
AH B IH G B AA N F,AH F,1
 AA B JH EH K T S M EY D AH V P Y UW T ER AA R B Y UW T AH F AH L,,1
B G L,B L,1
B AH T,B R IH T,1
T DH AH SH,T IH SH SH,1
JH EH F TH AO,JH AE K D AO,1
AO T Y,AO Y,1
F AH S,F EY S,2
N D R,N R,1
 K L, P AH L,1
IH F W AA Z S,IH T IH K AH L IY S,1
AY DH AH,AY D AH,2
AH L,AH L L,1
 IH F D, DH AH D,1
AH DH,AH V DH,1
DH ER G,DH AH G,1
 DH AH F, F,2
JH UW N Y ER D,JH EY R D,1
HH IY IY,HH IY,1
IY T OW,IY D OW,1
AO L K,AO R K,1
Z D AH P,Z DH AE T,1
R AA D,R AY D,1
D Z AH,D AH,1
AA G G,AA G,1
G EH T S V,G IH Z V,1
M Z IY K,M P S AH V K,1
D W AH,D B AH,1
SH W AO T ER,SH F AY ER,1
L AH G ZH ER,L EH K CH ER,1
ER IY,ER,1
L AW L,L AA T AH V L,1
R B AH T R,R R,1
IH L K IY,IH N IY,1
AH P UW R,AH K AO R,1
K T D,K D,1
IY D G,IY G,1
CH T DH AH S,CH S,1
N B IY OW,N DH AH OW,1
JH D,JH,1
N OY L IY R AE G L,N L,1
IH Z IH,IH S IH,1
M AH,M DH AH,1
 DH EY EH, EH,1
T W EH N,T F AO R N,1
N AY AA D IH SH AH N,N AW,1
 JH AA N K L IY N Z SH, SH,1
 AO SH, OW SH,1
 DH EH M, AE M,1
IY Y UW N OW,IY,1
D AA R D,D AW ER D,1
 M IY T S DH AH R, R,1
 B AY DH, AO R DH,1
Z IH,Z DH AH IH,1
 P R AA JH EH K T D IH V EH L AH P M AH N T W AA Z P R AH S IY D IH NG T UW S L OW L IY,,1
S M AY N,S W AH N,1
Z AH S UH P ER B S,Z F AO R S,1
W UH L,W IH L,1
L AH N OW,L IH NG OW,1
 HH IY AO, DH EY AO,1
M D T,M T,1
AY AH M,AY M,1
EH S AH,EH TH AH,1
AH JH,AH D,1
R ER Z,R,1
SH TH,SH T TH,1
EY M T,EY B AH L T,1
T IH N G R,T R,1
 DH EH R W ER K M IH R ER Z DH AH M EH N T AE L AH T IY AH V DH AH S AY K OW P AE TH R, F R,1
K T T,K T,2
M P AO,M AO,1
L D S AH,L Z F R AH,1
N T HH,N HH,1
Z B Y,Z P Y,1
UW G AH,UW P AH,1
L S,L Z S,1
T HH ER,T ER,1
S UW T IH N G,S OW L DH AH G,1
S UW T IH N G,S AO R G,1
 DH AH IH, IH,1
 IY, S IY,1
P IH N,P AE N,1
N AH CH N,N IH SH N,1
N AY T L IY,N EY V IY,1
SH AH B,SH IH B,1
 HH IY S, S,1
Z AH M Y UW T AH N,Z AE N N,1
M IH L K B IH L,M AW TH F IY L,1
N G R IY,N D V IY,1
IY S IY W,IY K W,1
OY L IY R,OY DH AH R,1
R D IH V AY,R DH AH B AY,1
AY S,AY K S,1
AY S,AY Z,1
K AE N L,K AH M P L,1
L EH D,L IY T,1
R K AH N V IY N Y AH N T F,R G UH D F,1
UW D IH P,UW B IY P,1
V IH T,V AH T,1
G D DH,G DH,1
F L IY S IY W,F AO R DH AH W,1
F AA G P,F AH K P,1
 S T, T,1
ER AH N D JH,ER JH,1
R EH N,R IH N,1
N D ER AH,N SH UH R AH,1
D,D Z,1
 M IH L K P, DH AH P,1
S D R,S T R,1
R AH G,R OW K S,1
AH EH M,AH EY M,1
M B L AH,M AH,1
AH M D IH P IH K,AH V DH AH T EH K,1
K T,K S T,1
T S DH,T DH,1
Z L AH V M IH L,Z L,1
L Y AH N EH,L EH,1
EH R Z,EH F T,1
R AH S,R EH S,1
Z S AA L,Z F AO L,1
L V D,L T,1
HH AE V,HH AW EH V,1
V HH ER,V ER,1
IH D DH,IH P DH,1
P T DH,P DH,1
AE N IH N,AE N,1
K W AH N,K P OY N,1
AY D G,AY T G,1
M Z,M,1
UH L AH,UH M AH,1
 R AE L, W EH L,1
L F K,L K,1
D DH AH S,D T UW S,1
CH F,CH IH NG F,1
UW D IH,UW T IH,1
IH V AW ER AH,IH P DH AH B AE L AH,1
AH B T,AH T,1
 EY T F IY L D G, AH Y AO R G,1
L AH V DH,L DH,1
AA R K S UW,AA G Z T UW,1
UW T IH N G R IY S IY W,UW W,1
W AA,W AO K AA,1
AA SH W AO T,AA N IH T,1
T ER AO,T AO,1
 HH IY D K, DH AH K,1
K AA L,K AH L,1
IY L,IY AO L,1
L Z P,L S OW P,1
S EH,S T EH,1
 AH M, M,1
 P L IY, W IY,1
IY Z T,IY T,1
DH IH S D,DH AH D,1
Z F AO R M,Z M,1
